Protocol,Pool Address,Asset,APY,Base APY,Reward APY,TVL ($),Reward Tokens,Pool ID,APY (1D),APY (7D),APY (30D),Image,App Link
binance-staked-sol,,BNSOL,4.78494,4.78494,0.0,747092057,,9e709e57-84eb-496b-82ce-2e8f6a17db1b,0.0,0.00674,-0.28414,https://icons.llamao.fi/icons/protocols/binance-staked-sol,https://www.binance.com/en/solana-staking
jito-liquid-staking,,JITOSOL,5.17,5.17,0.0,729857633,,0e7d0722-9054-4907-8593-567b353c0900,0.0,-0.01,-0.26,https://icons.llamao.fi/icons/protocols/jito-liquid-staking,https://jito.network
blackrock-buidl,,BUIDL,3.5557,3.5557,0.0,674960402,,590d770e-ed5d-4c8d-ad96-5178c2072295,0.0,0.0178,0.02997,https://icons.llamao.fi/icons/protocols/blackrock-buidl,https://securitize.io/
jupiter-lend,9BEcn9aPEmhSPbPQeFGjidRiEKki46fVQDyPpSQXPA2D,USDC,5.28326,4.56067,0.72259,420177331,EPjFWdd5AufqSSqeM2qN1xzybapC8G4wEGGkZwyTDt1v,d783c8df-e2ed-44b4-8317-161ccc1b5f06,-0.17788,0.29268,0.84431,https://icons.llamao.fi/icons/protocols/jupiter-lend,https://jup.ag/?ref=f6y1ryr2snn3
jupiter-staked-sol,,JUPSOL,5.76422,5.76422,0.0,381844207,,52bd72a7-9e81-4112-abb4-71673e8de9bf,0.0,-0.00813,0.21337,https://icons.llamao.fi/icons/protocols/jupiter-staked-sol,https://jup.ag/?ref=f6y1ryr2snn3
orca-dex,,-,0.02271,0.02271,0.0,318141269,,6655d315-dc10-582f-a3c8-0f4f3dad31c1,0.0,0.0,0.0,https://icons.llamao.fi/icons/protocols/orca-dex,https://www.orca.so
orca-dex,,BUTTCOIN-KINS,0.0,0.0,0.0,311681905,,ef2f34c4-6bf8-5a3a-ad3b-7dae173b5645,0.0,0.0,0.0,https://icons.llamao.fi/icons/protocols/orca-dex,https://www.orca.so
kamino-lend,2erD9GTGcaQbLsVSQweg3HvMpfKxScmz95raWv8H4iPN,USDE,0.0,0.0,0.0,272524661,,d1f82472-32fd-4061-bcb2-f4764d4a2441,0.0,0.0,0.0,https://icons.llamao.fi/icons/protocols/kamino-lend,https://kamino.com/
onre,,ONYC,11.62924,11.62924,0.0,246670333,,7083d6a5-e3cb-4eeb-8204-f1b735e4ecbb,-0.00371,-0.02597,-0.11212,https://icons.llamao.fi/icons/protocols/onre,https://app.onre.finance
drift-staked-sol,,DSOL,5.57901,5.57901,0.0,205795278,,296651fc-25f6-4434-b8ec-17c2af9808da,0.0,-0.02821,-0.20234,https://icons.llamao.fi/icons/protocols/drift-staked-sol,https://app.drift.trade
kamino-lend,StGKGcLQoTsWzQ1tFY2bWqrdiuBhqdFE4niiAutQxQB,DSOL,0.0,0.0,0.0,179638621,,1accaa9f-f4fa-4063-9502-1733ed8e4832,0.0,0.0,0.0,https://icons.llamao.fi/icons/protocols/kamino-lend,https://kamino.com/
ondo-yield-assets,,USDY,3.55,3.55,0.0,178933177,,00b83068-9f87-4411-b5d7-5d2ff48c40c4,0.0,0.0,0.0,https://icons.llamao.fi/icons/protocols/ondo-yield-assets,https://ondo.finance
marinade-liquid-staking,,MSOL,4.81156,4.81156,0.0,173726848,,b3f93865-5ec8-4662-90a0-11808e0aa2bd,-2e-05,0.08161,-1.56278,https://icons.llamao.fi/icons/protocols/marinade-finance,https://marinade.finance
hastra,,PRIME,4.98461,4.98461,0.0,166223184,,76bb34c2-e68a-4398-9fba-d8a14c0caa44,0.17381,-0.13415,-0.90566,https://icons.llamao.fi/icons/protocols/hastra,https://hastra.io/
sanctum-infinity,,INF,5.7204,5.7204,0.0,149316986,,3075a746-bdd1-4aac-bcd5-b035abee2622,0.0,-0.07665,-0.02538,https://icons.llamao.fi/icons/protocols/sanctum-infinity,https://www.sanctum.so
kamino-lend,BUTND9T7Ux4KR8RAEgd4WoZwnP7xA279oA1y3iPVcvSh,PRIME,0.0,0.0,0.0,136074196,,1eba52a9-e5d4-43d0-9758-31628204eba3,0.0,0.0,0.0,https://icons.llamao.fi/icons/protocols/kamino-lend,https://kamino.com/
kamino-lend,6ZxkBSJEqsXA3Kdm2PDAzHLUdPTPUK93Lf4bAezec1UQ,ONYC,0.0,0.0,0.0,130837501,,f3d99b7b-1691-48b6-b3b0-87838e231a51,0.0,0.0,0.0,https://icons.llamao.fi/icons/protocols/kamino-lend,https://kamino.com/
phantom-sol,,PSOL,6.19204,6.19204,0.0,120616239,,7f5c2e8b-0428-431b-ba6e-571c38a57010,0.0,-0.05484,0.11623,https://icons.llamao.fi/icons/protocols/phantom-sol,https://phantom.com/
doublezero-staked-sol,,DZSOL,4.85158,4.85158,0.0,110763885,,3997db8b-3f0c-4774-985d-d9fed3978f53,0.0,-0.01626,-0.24908,https://icons.llamao.fi/icons/protocols/doublezero-staked-sol,https://doublezero.xyz/
jupiter-lend,DchXYJwVjPaEUxCiySXVbNyNppAFbQM7Ku76uKvyaDNT,JLP,0.0,0.0,0.0,105827203,,cf41a15b-eb6a-46de-bc2b-cf4d0a58569c,0.0,0.0,0.0,https://icons.llamao.fi/icons/protocols/jupiter-lend,https://jup.ag/?ref=f6y1ryr2snn3
jpool,,JSOL,5.31334,5.31334,0.0,101359531,,177d0a37-d0fb-4b18-b290-f46bbe8d307f,0.0,-0.03467,-0.08559,https://icons.llamao.fi/icons/protocols/jpool,https://app.jpool.one
the-vault-liquid-staking,,VSOL,5.23999,5.23999,0.0,98476561,,8b46fdde-a5e4-4574-9926-6ba8047f4fca,0.0,-0.03795,-0.04838,https://icons.llamao.fi/icons/protocols/the-vault-liquid-staking,https://thevault.finance
bybit-staked-sol,,BBSOL,5.4,5.4,0.0,89593122,,f76cc844-73a2-4cc7-8de7-f9fb874c626d,0.0,-0.08,-0.18,https://icons.llamao.fi/icons/protocols/bybit-staked-sol,https://www.bybit.com/en/web3/staking/BybitSOL
jupiter-lend,7whadCYBxcbDiksLq9wW2JANDwsaZaKqqnaSbqgb8jnt,JUPSOL,0.0,0.0,0.0,74310585,,7b27438b-1aa6-43f4-90c0-5a0d975045cd,0.0,0.0,0.0,https://icons.llamao.fi/icons/protocols/jupiter-lend,https://jup.ag/?ref=f6y1ryr2snn3
jupiter-lend,7GxATsNMnaC88vdwd2t3mwrFuQwwGvmYPrUQ4D6FotXk,JUPUSD,5.52995,4.02883,1.50112,68582381,JuprjznTrTSp2UFa3ZBUFgwdAmtZCq4MQCwysN55USD,0dbb5021-00c7-40e2-9e2b-a757f4305ebf,0.13537,0.22859,-0.15615,https://icons.llamao.fi/icons/protocols/jupiter-lend,https://jup.ag/?ref=f6y1ryr2snn3
jupiter-lend,nMzVs8GiXMVUENEwkev7JZfDcCENmz18ScheeVRdnb1,WSOL,4.19539,4.19539,0.0,67040363,,86d5dc3c-682f-4227-b1c9-7e51c6e60cda,-0.03126,0.15616,-0.12509,https://icons.llamao.fi/icons/protocols/jupiter-lend,https://jup.ag/?ref=f6y1ryr2snn3
blazestake,,BSOL,5.19592,5.19592,0.0,66685253,,387d6732-59f0-4ae0-8a88-aba75a5cbe4a,0.0,-0.01607,-0.12321,https://icons.llamao.fi/icons/protocols/blazestake,https://stake.solblaze.org/
kamino-lend,EVbyPKrHG6WBfm4dLxLMJpUDY43cCAcHSpV3KYjKsktW,JITOSOL,0.00119,0.00119,0.0,65661516,,1da10c92-fd2e-4506-a4d1-8c8fa22ff744,-1e-05,-0.00355,0.00012,https://icons.llamao.fi/icons/protocols/kamino-lend,https://kamino.com/
kamino-lend,AwCyCPZYJSZ93xcVKNK7jR8e1BHzJXq1D4bReNuh9woY,SYRUPUSDC,0.0,0.0,0.0,64865414,,c71103c1-773a-4cee-a813-3177fa7770de,0.0,0.0,0.0,https://icons.llamao.fi/icons/protocols/kamino-lend,https://kamino.com/
helius-staked-sol,,HSOL,5.69539,5.69539,0.0,63916700,,d7e101d6-8e6c-4348-9c5f-62398872a301,0.0,-0.01923,-0.05704,https://icons.llamao.fi/icons/protocols/helius-staked-sol,https://www.helius.dev
dfdv-staked-sol,,DFDVSOL,5.73061,5.73061,0.0,62199801,,568bbb48-dc88-4313-b1cc-ab1d4e763d6d,0.0,-0.00208,-0.1332,https://icons.llamao.fi/icons/protocols/dfdv-staked-sol,https://defidevcorp.com/?tab=dfdvSOLcom
jagpool-staked-sol,,JAGSOL,4.45957,4.45957,0.0,55864349,,aa7c9efd-011b-4f38-b775-8a141d0baf1f,-0.00196,-0.0304,-0.04268,https://icons.llamao.fi/icons/protocols/jagpool-staked-sol,https://www.jagpool.xyz/
raydium-amm,DNLWUXSP1m3YUya8hko1u2UWiCWwgB46fkx7j73VHLBJ,USDC-LUNC,0.03,0.03,0.0,53266458,,675e8edd-b1ee-59a1-a078-46deea53f2d1,0.0,0.0,0.0,https://icons.llamao.fi/icons/protocols/raydium,https://raydium.io
stkesol-by-sol-strategies,,STKESOL,4.79307,4.79307,0.0,45830140,,481ba825-cc83-4b90-a7ee-9baa66b9ee83,-0.00211,0.30175,0.40826,https://icons.llamao.fi/icons/protocols/stkesol-by-sol-strategies,https://app.solstrategies.io
kamino-lend,37Jk2zkz23vkAYBT66HM2gaqJuNg2nYLsCreQAVt5MWK,CBBTC,0.00446,0.00446,0.0,44050522,,ec8af777-6c9e-440a-9a3d-355f556baa04,0.00013,-0.0005,-0.05734,https://icons.llamao.fi/icons/protocols/kamino-lend,https://kamino.com/
kamino-lend,DdTmCCjv7zHRD1hJv3E8bpnSEQBzdKkzB1j9ApXX5QoP,JLP,0.0,0.0,0.0,38820159,,78c0fa88-9629-4570-bb48-46bbc82af472,0.0,0.0,0.0,https://icons.llamao.fi/icons/protocols/kamino-lend,https://kamino.com/
kamino-lend,DGQZWCY17gGtBUgdaFs1VreJWsodkjFxndPsskwFKGpp,JUPSOL,0.00089,0.00089,0.0,37655974,,e705187b-da56-463d-a429-4e17bfb7e0d4,-8e-05,-0.00069,0.00037,https://icons.llamao.fi/icons/protocols/kamino-lend,https://kamino.com/
raydium-amm,2hxAdYc8WwkNnrt5a4bj2mKudydbHrXBEfXK8wmz5ydV,OSRUB-USDT,0.0,0.0,0.0,36643663,,b4b16671-3d57-40ab-b83d-5928653738ea,0.0,0.0,0.0,https://icons.llamao.fi/icons/protocols/raydium,https://raydium.io
raydium-amm,4DzZG6Q1NHycKW1FRkDjhScp72EAfD2dck5GiBXFJFL3,BEAT-USDC,0.02,0.02,0.0,35405392,,f751d541-20b8-5ee1-9529-d8f6a6a006c0,0.0,0.0,0.0,https://icons.llamao.fi/icons/protocols/raydium,https://raydium.io
orca-dex,Czfq3xZZDmsdGdUyrNLtRhGc47cXcZtLG4crryfu44zE,SOL-USDC,18.68773,18.68773,0.0,25877242,,a5c85bc8-eb41-45c0-a520-d18d7529c0d8,-11.03523,6.42424,-67.48986,https://icons.llamao.fi/icons/protocols/orca-dex,https://www.orca.so
raydium-amm,8Gy7dwncj6ZRPmtD4ZxcvyZYHaFxV9ztsaKgWSUduaeD,PIPEDOG-USDC,0.05,0.05,0.0,25188221,,7cdeccc6-3734-51fc-b9e1-df0792f02572,0.0,0.0,0.0,https://icons.llamao.fi/icons/protocols/raydium,https://raydium.io
apollo-diversified-credit-securitize-fund,,ACRED,0.0,0.0,0.0,24849603,,41fc35e6-953a-4ecd-a500-3db322050568,-2.99897,-3.0898,-4.34555,https://icons.llamao.fi/icons/protocols/apollo-diversified-credit-securitize-fund,https://securitize.io/primary-market/apollo-diversified-credit-securitize-fund
orca-dex,9RqDTfwCx2SgxsvKpspQHc38HUo3B6hRd3oR9JR966Ps,USDG-USDC,0.02306,0.02306,0.0,24346169,,ac225670-41bc-48fa-b8d7-32011abc58fe,-0.88958,0.02127,-0.57908,https://icons.llamao.fi/icons/protocols/orca-dex,https://www.orca.so
kamino-lend,ESCkPWKHmgNE7Msf77n9yzqJd5kQVWWGy3o5Mgxhvavp,USDG,2.31919,2.31919,0.0,23732955,,0cdd7f84-711e-4cd4-916d-da318857559a,0.05888,-0.16687,-2.65287,https://icons.llamao.fi/icons/protocols/kamino-lend,https://kamino.com/
raydium-amm,BNgJWuBdLAFHUHiTPZaoRcEzcn5h1gaDdUyQqEf8wjRD,XMR-USDC,0.0,0.0,0.0,21865187,,6dcaa44a-25a5-5ef4-b9ad-c8bdc0206a12,0.0,0.0,0.0,https://icons.llamao.fi/icons/protocols/raydium,https://raydium.io
raydium-amm,DqSBzcjUJbkNXWxTDPdpoNjXrvRTShAeSFr8uy2BkeQu,USDC-XMR,0.08,0.08,0.0,21675824,,04d6ae6a-e3ca-5dfa-93d9-49bc67cede65,0.0,0.0,0.0,https://icons.llamao.fi/icons/protocols/raydium,https://raydium.io
raydium-amm,8pmjR9coMkHujQbgh4p3Hv8166L41PsixBw1QftKMwYz,USDC-XMR,0.14,0.14,0.0,21662975,,3cd5f33f-9adb-5e1e-a0f7-c8b0be848c02,-0.03,0.0,0.0,https://icons.llamao.fi/icons/protocols/raydium,https://raydium.io
raydium-amm,DhKHBUKsaNKF7XLJ1XzUWdMKN83XS5KiUBKNpWMuCpDo,XMR-USDC,0.09,0.09,0.0,21531105,,fe3c6eae-cc4e-580e-a9ff-d0916b05a81a,0.0,0.0,0.0,https://icons.llamao.fi/icons/protocols/raydium,https://raydium.io
raydium-amm,5zJeYRgEZ84QRXWZcTcK6AjHracdTGeoPkhLdFwoHrJ7,USDC-XMR,0.05,0.05,0.0,21189384,,8091a438-ca9d-5e41-83cc-eee25682c361,-0.01,0.0,0.0,https://icons.llamao.fi/icons/protocols/raydium,https://raydium.io
raydium-amm,GEnqDnZmyNAEFJXTmaoy3ZjZix5Y6GapWrGHRozvEsoB,XMR-USDC,0.07,0.07,0.0,21081663,,fc305b94-2d4a-5c06-81f3-c8fcd4a1395d,0.0,0.0,0.0,https://icons.llamao.fi/icons/protocols/raydium,https://raydium.io
raydium-amm,61QhRm98sJ1EdsYYS8fZbFfdyB1vD8Jaw2qpD8Nf84GY,XMR-USDC,0.07,0.07,0.0,21064696,,4686833a-5a45-5bb4-925c-a97ce8191086,0.0,0.0,0.0,https://icons.llamao.fi/icons/protocols/raydium,https://raydium.io
kamino-lend,FBSyPnxtHKLBZ4UeeUyAnbtFuAmTHLtso9YtsqRDRWpM,MSOL,0.00125,0.00125,0.0,20837986,,23676f13-f8c7-4865-ae69-e757395828ee,0.0,-4e-05,-0.00052,https://icons.llamao.fi/icons/protocols/kamino-lend,https://kamino.com/
raydium-amm,5F9V3ryRMtsT7aRxcW8HaHe5TpbDtPWdNC1DAG9NCBRg,XMR-USDC,0.09,0.09,0.0,20476992,,4e58fe6c-f3f6-5730-821c-65ba5b3369de,0.0,0.0,0.0,https://icons.llamao.fi/icons/protocols/raydium,https://raydium.io
kamino-lend,CExamod1Ai3d1N8Vh7sBjt5xbZzb2VmGMAFocf7fxCzm,HSOL,0.0,0.0,0.0,20046224,,d44d0684-a5a4-44cb-be02-f53623b52efd,0.0,0.0,0.0,https://icons.llamao.fi/icons/protocols/kamino-lend,https://kamino.com/
kamino-lend,C6F2g5PWANF2VeLFSWMgKaAXapdKWcFuHUkiCFpyei2B,PT-USX-16SEP26,0.0,0.0,0.0,19976025,,a0d2116a-3fee-480a-a034-62a22b09897c,0.0,0.0,0.0,https://icons.llamao.fi/icons/protocols/kamino-lend,https://kamino.com/
orca-dex,9tXiuRRw7kbejLhZXtxDxYs2REe43uH2e7k1kocgdM9B,PYUSD-USDC,0.00269,0.00269,0.0,19650001,,99203560-4a69-4a67-9dbc-70b78a68a2b9,-0.03052,0.00125,-0.30445,https://icons.llamao.fi/icons/protocols/orca-dex,https://www.orca.so
kamino-liquidity,Hmj82e48X9LNW8LeMLk186iE4UKPoUwWuLwoiqMpUiGm,PYUSD-USDC,0.0,0.0,0.0,19640794,,5147b468-e863-45fb-a8d6-592f413f24c6,-0.03575,0.0,-0.31525,https://icons.llamao.fi/icons/protocols/kamino-liquidity,https://kamino.com/liquidity
kamino-lend,d4A2prbA2whesmvHaL88BH6Ewn5N4bTSU2Ze8P6Bc4Q,SOL,4.57395,4.57395,0.0,19217884,,525b2dab-ea6a-4cbc-a07f-84ce561d1f83,-0.26674,-0.65997,0.59965,https://icons.llamao.fi/icons/protocols/kamino-lend,https://kamino.com/
jupiter-lend,Cmn4v2wipYV41dkakDvCgFJpxhtaaKt11NyWV8pjSE8A,USDT,3.36523,3.36523,0.0,17754275,Es9vMFrzaCERmJfrF4H2FYD4KCoNkY11McCe8BenwNYB,a2fbc7ec-22c2-43fe-aa42-49f854aa940d,0.04133,0.12395,0.2065,https://icons.llamao.fi/icons/protocols/jupiter-lend,https://jup.ag/?ref=f6y1ryr2snn3
save,CCpirWrgNuBVLdkP2haxLTbD6XqEgaYuVXixbbpxUB6,MSOL,0.0,0.0,0.0,17685781,,867aff4c-33fc-4591-940a-019549d5a8af,0.0,0.0,0.0,https://icons.llamao.fi/icons/protocols/save,https://www.save.finance/
kamino-lend,DzgYbR8HFQKf8YLCJ6M3E6ricB1xWAiNGZ2TB7X2KDHz,PST,0.0,0.0,0.0,16968186,,3a9a6f10-cc6e-462b-8f37-7ecc74a5e2df,0.0,0.0,0.0,https://icons.llamao.fi/icons/protocols/kamino-lend,https://kamino.com/
jupiter-lend,nMzVs8GiXMVUENEwkev7JZfDcCENmz18ScheeVRdnb1,WSOL,4.19539,4.19539,0.0,16420318,So11111111111111111111111111111111111111112,19721758-74e1-4a0c-acf8-6903257b80e5,-0.03126,0.15616,-0.12509,https://icons.llamao.fi/icons/protocols/jupiter-lend,https://jup.ag/?ref=f6y1ryr2snn3
raydium-amm,HDUqqnA2wPLhgNquCFZ1cNubDuBXWqSW6dX6DefXBcH8,PYUSD-ΤR︀X,0.0,0.0,0.0,16339677,,74dae9c1-abb5-5049-9377-2af74e4f4670,0.0,0.0,0.0,https://icons.llamao.fi/icons/protocols/raydium,https://raydium.io
kamino-lend,F9HdecRG8GPs9LEn4S5VfeJVEZVqrDJFR6bvmQTi22na,JITOSOL,0.00018,0.00018,0.0,15118427,,0da4a9c7-e79d-49b1-8753-2bf18cbb37f8,0.0,2e-05,2e-05,https://icons.llamao.fi/icons/protocols/kamino-lend,https://kamino.com/
save,3DjAsrew4ZmBwcLjp2wUmjqvSKs4vpJ43ZKxaCjjEdur,BSOL,0.0,0.0,0.0,15084303,,dd998393-9abe-4c08-b5db-b181babb235e,0.0,0.0,0.0,https://icons.llamao.fi/icons/protocols/save,https://www.save.finance/
kamino-liquidity,ByPbo7yGcsfrEXet3ip3DcMKf4hwhUv71b6aAU9umBdu,USDG-USDC,0.0,0.0,0.0,14645538,,34c08a67-71ab-4e92-aed4-34ede13dce5b,-0.17851,0.0,-0.08621,https://icons.llamao.fi/icons/protocols/kamino-liquidity,https://kamino.com/liquidity
jupiter-lend,nMzVs8GiXMVUENEwkev7JZfDcCENmz18ScheeVRdnb1,WSOL,4.19539,4.19539,0.0,14595529,,18b7d006-6f51-4a82-af2d-21da23df1d12,-0.03126,0.15616,-0.12509,https://icons.llamao.fi/icons/protocols/jupiter-lend,https://jup.ag/?ref=f6y1ryr2snn3
kamino-lend,CHBNUPdjeo2N5QkZY2uAqv7TW5EbCTMsfvaskCBuxbom,VSOL,0.0,0.0,0.0,14413950,,4be785fa-1b2e-44fa-a56e-16a0c2148eba,0.0,0.0,0.0,https://icons.llamao.fi/icons/protocols/kamino-lend,https://kamino.com/
kamino-lend,D6q6wuQSrifJKZYpR1M8R4YawnLDtDsMmWM1NbBmgJ59,USDC,3.97269,3.97269,0.0,14305683,,d2141a59-c199-4be7-8d4b-c8223954836b,0.10999,0.67443,-3.75738,https://icons.llamao.fi/icons/protocols/kamino-lend,https://kamino.com/
kamino-lend,EDf6dGbVnCCABbNhE3mp5i1jV2JhDAVmTWb1ztij1Yhs,PYUSD,2.76965,2.76965,0.0,13986012,,44f4d357-a29d-4990-a64a-a8452be2d884,-0.00087,0.81919,0.74144,https://icons.llamao.fi/icons/protocols/kamino-lend,https://kamino.com/
vaneck-treasury-fund,,VBILL,3.56594,3.56594,0.0,13902146,,5857cb89-c6e0-4a53-84b3-9e4d3135fbb5,0.0,0.03779,0.0,https://icons.llamao.fi/icons/protocols/vaneck-treasury-fund,https://securitize.io/primary-market/vaneck-vbill
hylo-lsts,,HYLOSOL,6.18277,6.18277,0.0,13608877,,1b94ffcc-41ce-4071-b5b7-12d6670f4d75,0.0,0.00401,0.18085,https://icons.llamao.fi/icons/protocols/hylo-lsts,https://hylo.so/leverage
kamino-lend,4Hyrqb9Mq7y1wkq4YoqHkPdPx3VQyFY3mxMj67naC1Cb,XBTC,0.00097,0.00097,0.0,13550401,,fcb7faba-4506-49f8-aa8f-9124018eb6c2,-6e-05,-0.01187,-0.01996,https://icons.llamao.fi/icons/protocols/kamino-lend,https://kamino.com/
credix,,USDC,0.04468,0.04468,0.0,13477777,,14bd0ebc-1c70-4b61-80a9-91390179286a,0.0,-0.11496,-0.07026,https://icons.llamao.fi/icons/protocols/credix,https://credix.finance
kamino-lend,2ZdH2K1J6WHGvfjfjX73VbcSh1cGUeTjFfNkYQXpcEHn,FWDI,0.0,0.0,0.0,12733342,,3deaf6d7-c7b8-4c2c-9cb1-512366ba666d,0.0,0.0,0.0,https://icons.llamao.fi/icons/protocols/kamino-lend,https://kamino.com/
raydium-amm,AgFnRLUScRD2E4nWQxW73hdbSN7eKEUb2jHX7tx9YTYc,OLDSLERF-WSOL,0.0,0.0,0.0,12261111,,eb0fb099-5af2-45a7-961a-0daf3cb53916,-0.01,-0.01,-0.01,https://icons.llamao.fi/icons/protocols/raydium,https://raydium.io
raydium-amm,HpgV2jnzgrGfrZjeZGkHgTnEgRFAhtzCVuk3BRFTFJwk,USDC-TRX,0.7,0.7,0.0,12224061,,ca46228a-5be2-4f58-97e2-c98fb2b56e54,-0.14,-0.31,-0.54,https://icons.llamao.fi/icons/protocols/raydium,https://raydium.io
raydium-amm,5EgCcjkuE42YyTZY4QG8qTioUwNh6agTvJuNRyEqcqV1,SMOLE-WSOL,0.01,0.01,0.0,12108504,,5c03c40b-dc1e-4a50-ad92-62d543dd63a6,0.0,0.0,0.0,https://icons.llamao.fi/icons/protocols/raydium,https://raydium.io
raydium-amm,64VPkzjZ6BkeDTKii2LKUDHb57iS7DHoL8vdJ7ChKM5A,USDC-ECR,0.14,0.14,0.0,11440904,,6d1947e1-6594-5227-8070-0ee2d115bd2e,0.0,0.0,0.0,https://icons.llamao.fi/icons/protocols/raydium,https://raydium.io
raydium-amm,4UYs2EcKdHn4n3eKTP7qMPjVUgdzRMQcjkM6D77bF4Vt,ECR-USDC,0.17,0.17,0.0,11263733,,3192099a-7fc4-5dc4-8dab-69f21522e55f,0.0,-0.01,0.0,https://icons.llamao.fi/icons/protocols/raydium,https://raydium.io
raydium-amm,FuemMjepntbzthvSEVmDGnfq7YWr8UebZrAXJrP46VtF,LIKE-WSOL,1.52,1.52,0.0,10885232,,185ce02a-06db-4051-a6d8-25f86b32d77f,-0.85,-0.72,-3.26,https://icons.llamao.fi/icons/protocols/raydium,https://raydium.io
kamino-lend,ARQFJTiUJEuxoiA9VtAcnoAUHYvbTmhKytz7D6nfnfEb,EUSX,0.0,0.0,0.0,10569774,,72d01bd3-ce52-48d9-8715-97def1b16565,0.0,0.0,0.0,https://icons.llamao.fi/icons/protocols/kamino-lend,https://kamino.com/
raydium-amm,DSUvc5qf5LJHHV5e2tD184ixotSnCnwj7i4jJa4Xsrmt,BOME-WSOL,10.17,10.17,0.0,10459509,,efa5ce76-dc4f-4d06-a9d4-0e09c4dcd0a1,-4.55,-1.57,6.53,https://icons.llamao.fi/icons/protocols/raydium,https://raydium.io
bonk-staked-sol,,BONKSOL,5.47289,5.47289,0.0,10187893,,1d683a73-47a8-4c20-bafa-692b5ec043b5,0.0,0.00683,-0.07707,https://icons.llamao.fi/icons/protocols/bonk-staked-sol,https://bonkcoin.com
orca-dex,6fteKNvMdv7tYmBoJHhj1jx6rHcEwC6RdSEmVpyS613J,SYRUPUSDC-USDC,0.21275,0.21275,0.0,10031205,,e1c57765-701f-49ba-810c-0785a51d3764,0.00953,-0.01386,0.00337,https://icons.llamao.fi/icons/protocols/orca-dex,https://www.orca.so
kamino-liquidity,C7HgBuY7AGjdMUnELGfd7nfHcU4resTaND4WxGDrj5zv,SYRUPUSDC-USDC,0.19387,0.19387,0.0,10027663,,91119a14-3b0a-433a-b09b-51cc079c6ea5,0.03448,-0.11814,-0.00715,https://icons.llamao.fi/icons/protocols/kamino-liquidity,https://kamino.com/liquidity
raydium-amm,58oQChx4yWmvKdwLLZzBi4ChoCc2fqCUWBkwMihLYQo2,WSOL-USDC,16.82817,16.44,0.38817,9929533,4k3Dyjzvzp8eMZWUXbBCjEvwSkkk59S5iCNLY3QrkX6R,12edc6f3-4926-4b4f-b97c-38ef6a458574,-1.16759,0.31165,-15.48779,https://icons.llamao.fi/icons/protocols/raydium,https://raydium.io
raydium-amm,BCDdHonby65iduz3Ev3c9v5XjNkzyu5e56KRFHpBM4T9,USD1-USDC,0.07,0.07,0.0,9903569,,d14d4632-727b-47c2-b69a-def5691b4155,-0.33,-0.04,-1.44,https://icons.llamao.fi/icons/protocols/raydium,https://raydium.io
bitwise-uscc,,USCC,2.99048,2.99048,0.0,9422904,,04bf0e7d-904a-4d42-9a25-bb1b5634e863,-0.31821,0.07987,0.34047,https://icons.llamao.fi/icons/protocols/bitwise-uscc,https://superstate.com/
orca-dex,2e3WeM4WwdEqwTtRnWN3gJSbhNg1P6Aj2y7kEdfrYbix,USX-USDC,0.1182,0.1182,0.0,9402251,,57eb6e5d-ac96-4f39-8535-0ae9c7420b13,-0.40744,0.09852,0.0126,https://icons.llamao.fi/icons/protocols/orca-dex,https://www.orca.so
kamino-lend,Ht9NoB1udjpRqws1sCw1j2dL7MeTDHYCDdDFkbc1Arst,BONKSOL,0.0,0.0,0.0,8914268,,419f5780-5fa6-4e32-bd34-7b8a9ed35646,0.0,0.0,0.0,https://icons.llamao.fi/icons/protocols/kamino-lend,https://kamino.com/
save,J429uoTV1SUQPaRApxUKPsL1Qgx1gB2KAGs5weoCRfVy,DAI,0.0,0.0,0.0,7984370,,3fdf7baa-8ca7-4ad5-bf0c-f934878c0c96,0.0,0.0,0.0,https://icons.llamao.fi/icons/protocols/save,https://www.save.finance/
kyros,,KYSOL,5.30239,5.30239,0.0,7439450,,28d991e9-dcd9-4fcd-a29e-0fa98a296c5e,0.02811,-0.05259,-0.42866,https://icons.llamao.fi/icons/protocols/kyros,https://kyros.fi
unitas-usdu,,SUSDU,9.98784,9.98784,0.0,7375943,,7f980c43-5b87-4690-a11a-b0e8a5e37a63,-0.01321,0.16288,0.05461,https://icons.llamao.fi/icons/protocols/unitas-usdu,https://app.unitas.so
marginfi-lst,,LST,5.54024,5.54024,0.0,7323748,,d17a8eb2-fcfd-4f02-b757-1f9122e9ca56,0.0,-0.11951,-0.21535,https://icons.llamao.fi/icons/protocols/marginfi,https://app.marginfi.com/stake
kamino-lend,H2pmnDSjfxeQ8zUeyUohokegYbXZgkjH4kgmoQVybyAX,USX,2.25525,2.25525,0.0,7245143,,3c4e1d81-1242-44dc-9d45-86cdcb12b9a0,0.0185,-0.08014,0.60603,https://icons.llamao.fi/icons/protocols/kamino-lend,https://kamino.com/
orca-dex,3wijQvPKm6jHQrAkfPpok5o8WjCWPm1DGG17NmeW8q1w,CASH-USDC,0.34782,0.34782,0.0,7165535,,515956c6-5b23-4039-803c-bc20ff887688,-0.61477,-0.30183,-0.55712,https://icons.llamao.fi/icons/protocols/orca-dex,https://www.orca.so
kamino-lend,2gFjdQLFaFqTKMv4nFGMAP4bX2F5KAsyiJn8yZQHPKSE,STKESOL,0.0,0.0,0.0,7092558,,f11d9f47-07b0-4ae2-9a1c-b7476e463566,0.0,0.0,0.0,https://icons.llamao.fi/icons/protocols/kamino-lend,https://kamino.com/
save,BgxfHJDzm44T7XG68MYKx7YisTjZu73tVovyZSjJMpmw,USDC,2.19,2.19,0.0,7024998,,dde4c16c-504d-470b-9404-006287ce0906,-0.09,-0.13,-0.17,https://icons.llamao.fi/icons/protocols/save,https://www.save.finance/
kamino-lend,6nk5K3PiV3EHtW4LLFhfMc1uR4kNwEfibvTdWqxCm6WF,OTFY,0.0,0.0,0.0,7006407,,89c278a6-5b7c-5952-9cd0-a05c8a733171,0.0,0.0,0.0,https://icons.llamao.fi/icons/protocols/kamino-lend,https://kamino.com/
jupiter-lend,DchXYJwVjPaEUxCiySXVbNyNppAFbQM7Ku76uKvyaDNT,JLP,0.0,0.0,0.0,6954248,,ddbeb662-93dd-47fd-92fa-81ceb348e94c,0.0,0.0,0.0,https://icons.llamao.fi/icons/protocols/jupiter-lend,https://jup.ag/?ref=f6y1ryr2snn3
raydium-amm,4eK6FGQ9RYfoA3FxgpRAtj9BzPcaVUj6fVTqnbDC8vYq,BNB-USDC,0.1,0.1,0.0,6865050,,f15c7999-1309-512e-b18f-7d8a363721ec,-0.03,0.0,0.0,https://icons.llamao.fi/icons/protocols/raydium,https://raydium.io
raydium-amm,879F697iuDJGMevRkRcnW21fcXiAeLJK1ffsw2ATebce,MEW-WSOL,3.57,3.57,0.0,6661589,,919f83c6-1a2d-4c67-985f-99e8b8423f62,1.63,-1.56,1.94,https://icons.llamao.fi/icons/protocols/raydium,https://raydium.io
kamino-lend,7ZqBu1zJSGradNPqGpQxwSezLvuk1vr6EqKwP9Ahrezc,BSOL,0.0,0.0,0.0,6532821,,f9092b5c-b9ea-47d2-8db7-58fb38da7c83,0.0,0.0,0.0,https://icons.llamao.fi/icons/protocols/kamino-lend,https://kamino.com/
orca-dex,9R9nmGDRdLLwWjc9raRjaRoZZNXiXQBEPGFRj6SfSkPQ,PYUSD-PRIME,1.22542,1.22542,0.0,6445782,,2896d802-ab4c-4b5b-96e9-9dd1c01a7255,0.80417,0.71742,-1.69891,https://icons.llamao.fi/icons/protocols/orca-dex,https://www.orca.so
kamino-lend,GCRm26EuqzHtH8U3zTsXMEnq864qAGkkcAjMBL4dw9XC,CASH,3.66989,3.66989,0.0,6295376,,6557f42a-a68a-414d-b7ac-3f3b301dda28,0.00902,0.18157,0.87369,https://icons.llamao.fi/icons/protocols/kamino-lend,https://kamino.com/
jupiter-lend,Bn2wHuEvAw7CyT8Xpi4a1VPtGJy6kT6iHHhDCPxUurg8,PST,0.0,0.0,0.0,6244420,,fedf64c6-54ca-435d-bd0e-37e0ad3e95a4,0.0,0.0,0.0,https://icons.llamao.fi/icons/protocols/jupiter-lend,https://jup.ag/?ref=f6y1ryr2snn3
save,BRsz1xVQMuVLbc4YjLP1FXhEx1LxSYig2nLqRgJEzR9r,JITOSOL,0.0,0.0,0.0,6101700,,f7067019-e44f-4e03-aeb0-b717dfd8d7c7,0.0,0.0,0.0,https://icons.llamao.fi/icons/protocols/save,https://www.save.finance/
kamino-lend,H9vmCVd77N1HZa36eBn3UnftYmg4vQzPfm1RxabHAMER,BSOL,0.01753,0.01753,0.0,6022162,,9837ed71-8e5e-45c4-a56d-54d738a1cb1e,0.0,-0.00013,0.01231,https://icons.llamao.fi/icons/protocols/kamino-lend,https://kamino.com/
orca-dex,Hp53XEtt4S8SvPCXarsLSdGfZBuUr5mMmZmX2DRNXQKp,SOL-JITOSOL,0.35231,0.35231,0.0,5961855,,923d43c8-455e-4196-9b5d-afcc966c934f,0.07918,-3.00725,-2.00398,https://icons.llamao.fi/icons/protocols/orca-dex,https://www.orca.so
orca-dex,7jhhyxPUKpu42hPGSYwgMXbR2dtVJHKhs8DW3sAAgAvX,ONYC-USDC,0.66155,0.66155,0.0,5940266,,cb268c37-d05c-4f1e-a889-ace0488f46e0,-0.41847,-0.12876,-0.38859,https://icons.llamao.fi/icons/protocols/orca-dex,https://www.orca.so
raydium-amm,58oQChx4yWmvKdwLLZzBi4ChoCc2fqCUWBkwMihLYQo2,WSOL-USDC,15.54,15.54,0.0,5907275,,709f121d-d3b4-44da-b3d0-47bc16f5400b,-8.54,3.95,-36.98,https://icons.llamao.fi/icons/protocols/raydium,https://raydium.io
kamino-liquidity,HCntzqDU5wXSWjwgLQP5hqh3kLHRYizKtPErvSCyggXd,SOL-JITOSOL,0.27555,0.27555,0.0,5880510,,55616349-b749-4467-8edc-abbb40ae80f6,0.11906,0.05759,-2.00768,https://icons.llamao.fi/icons/protocols/kamino-liquidity,https://kamino.com/liquidity
raydium-amm,Bzc9NZfMqkXR6fz1DBph7BDf9BroyEf6pnzESP7v5iiw,WSOL-FARTCOIN,6.84,6.84,0.0,5810897,,c66d7944-6582-4638-881a-360e5918e4b4,1.59,1.41,-14.79,https://icons.llamao.fi/icons/protocols/raydium,https://raydium.io
project-0,Bohoc1ikHLD7xKJuzTyiTyCwzaL5N7ggJQu75A8mKYM8,JITOSOL,0.14807,0.14807,0.0,5603457,,ba625871-0591-4b44-b9da-eb3f34943f9f,-0.00087,-0.00035,0.0,https://icons.llamao.fi/icons/protocols/project-0,https://app.0.xyz
kamino-lend,HV9KsS5mB4b9CFhDJVKdfxWBAomYfUk5PeUsdgMQsUrB,PSOL,0.00036,0.00036,0.0,5601002,,7bbfcf1d-72e7-43b9-9fa2-68d7c94bd4fa,0.0,-0.00011,-0.00046,https://icons.llamao.fi/icons/protocols/kamino-lend,https://kamino.com/
jupiter-lend,7whadCYBxcbDiksLq9wW2JANDwsaZaKqqnaSbqgb8jnt,JUPSOL,0.0,0.0,0.0,5592280,,b243daaf-fd09-47e9-8359-940a43058da6,0.0,0.0,0.0,https://icons.llamao.fi/icons/protocols/jupiter-lend,https://jup.ag/?ref=f6y1ryr2snn3
jupiter-lend,Bn2wHuEvAw7CyT8Xpi4a1VPtGJy6kT6iHHhDCPxUurg8,PST,0.0,0.0,0.0,5576630,,17349831-bb55-41f9-87bf-1cfbeb7d7be1,0.0,0.0,0.0,https://icons.llamao.fi/icons/protocols/jupiter-lend,https://jup.ag/?ref=f6y1ryr2snn3
orca-dex,HxA6SKW5qA4o12fjVgTpXdq2YnZ5Zv1s7SB4FFomsyLM,CBBTC-USDC,12.38793,12.38793,0.0,5541691,,2651188f-6b05-473e-9cfb-977a4ad094ba,-7.81232,7.47612,-35.22417,https://icons.llamao.fi/icons/protocols/orca-dex,https://www.orca.so
jupiter-lend,j14XLJZSVMcUYpAfajdZRpnfHUpJieZHS4aPektLWvh,USDS,3.14841,3.14841,0.0,5434393,USDSwr9ApdHk5bvJKMjzff41FfuX8bSxdKcR81vTwcA,0d01dc1f-7c3e-46e2-af40-6ec4454c93f0,-0.01032,-1.0574,1.08752,https://icons.llamao.fi/icons/protocols/jupiter-lend,https://jup.ag/?ref=f6y1ryr2snn3
jupiter-lend,9rpaP6aoropizXiFKWRqJqTyHVZiQ2CcbXg3vcAbQ3hd,DFDVSOL,0.0,0.0,0.0,5234659,,4c4df49e-5112-4395-8aaf-595c6e90c2c6,0.0,0.0,0.0,https://icons.llamao.fi/icons/protocols/jupiter-lend,https://jup.ag/?ref=f6y1ryr2snn3
raydium-amm,CCvaLxr9EoDY3zMcgmvujrtNUQjYsWRoyY1n1PA4KiYD,USDC-BDAG,0.12,0.12,0.0,5158923,,29d89ccc-8d08-56b5-a930-742d22c706ff,-0.02,0.0,0.0,https://icons.llamao.fi/icons/protocols/raydium,https://raydium.io
save,H6sqZmV95bwhR3mBSnKDmFPYva5nzhaKgBfzwrm4Wvbc,STCC,0.0,0.0,0.0,5035363,,794d87dd-886e-4bcd-aa41-5628595c9612,0.0,0.0,0.0,https://icons.llamao.fi/icons/protocols/save,https://www.save.finance/
kamino-lend,92qeAka3ZzCGPfJriDXrE7tiNqfATVCAM6ZjjctR3TrS,PYUSD,3.07282,3.07282,0.0,4962092,,cfced7e4-e041-445b-845e-afde335e3a35,-0.04064,0.15375,-0.0424,https://icons.llamao.fi/icons/protocols/kamino-lend,https://kamino.com/
jupiter-lend,GcV9tEj62VncGithz4o4N9x6HWXARxuRgEAYk9zahNA8,EURC,2.96293,2.96293,0.0,4949235,HzwqbKZw8HxMN6bF2yFZNrht3c2iXXzpKcFu7uBEDKtr,c6d1abbb-1e0a-47a0-99bd-3155b797d7d3,0.03088,0.15432,0.35971,https://icons.llamao.fi/icons/protocols/jupiter-lend,https://jup.ag/?ref=f6y1ryr2snn3
kamino-lend,9GJ9GBRwCp4pHmWrQ43L5xpc9Vykg7jnfwcFGN8FoHYu,USDC,4.5866,4.5866,0.0,4917289,,3cb152e8-1de7-4a2b-8510-f04014c5fe82,0.18501,0.49909,-0.03824,https://icons.llamao.fi/icons/protocols/kamino-lend,https://kamino.com/
raydium-amm,6jGjTUHEmCSDumwP9DEdNhdMsQntNh97MMzka4WPyvMY,JCT-USDC,0.08,0.08,0.0,4852443,,24d1ee96-3bdd-5d59-b1a8-d818b39cef8d,0.05,0.01,0.0,https://icons.llamao.fi/icons/protocols/raydium,https://raydium.io
kamino-lend,2gc9Dm1eB6UgVYFBUN9bWks6Kes9PbWSaPaa9DqyvEiN,PYUSD,3.54399,3.54399,0.0,4787265,,eaece65e-ffb2-4631-a95e-7f267cb2f1ba,0.22526,-2.44852,-3.4962,https://icons.llamao.fi/icons/protocols/kamino-lend,https://kamino.com/
hastra,,WYLDS,3.3,3.3,0.0,4731830,,2218b935-52b4-496b-9fb2-a59116503cf1,0.0,0.01,-0.01,https://icons.llamao.fi/icons/protocols/hastra,https://hastra.io/
save,8PbodeaosQP19SjYFx855UMqWxH2HynZLdBXmsrbac36,SOL,2.46,2.46,0.0,4693318,,1170b465-309b-4026-b10d-abdf7b1ac369,0.1,-0.06,-0.28,https://icons.llamao.fi/icons/protocols/save,https://www.save.finance/
orca-dex,AUr5EVRwGDsKB2EeS1V63ncjHXDNRDLVfBP47qNvPoVf,EUSX-USX,0.06897,0.06897,0.0,4682776,,31ea8935-a82e-491e-9cd9-3af57dab0430,-0.01952,-0.06175,-0.0771,https://icons.llamao.fi/icons/protocols/orca-dex,https://www.orca.so
kamino-lend,HD93Fq3gmVh3J7euJJ5MBw8Ph3ebeMFS699JQePN4XgN,JSOL,0.0,0.0,0.0,4603135,,3e543447-7ef2-4b86-acce-db92b1749995,0.0,0.0,0.0,https://icons.llamao.fi/icons/protocols/kamino-lend,https://kamino.com/
raydium-amm,BkvKpstxgeEJYzvFnWWuAbTDcrFMJBty3kXxUfGG9D7n,EUSX-USX,0.07,0.07,0.0,4534825,,0cb32474-2651-4624-8f39-eae66580778e,0.0,-0.04,-0.04,https://icons.llamao.fi/icons/protocols/raydium,https://raydium.io
orca-dex,CeaZcxBNLpJWtxzt58qQmfMBtJY8pQLvursXTJYGQpbN,SOL-CBBTC,29.44819,29.44819,0.0,4525818,,6dc30ef3-d497-497c-91f3-b4ccb817a8b9,-3.33188,14.01189,-42.68045,https://icons.llamao.fi/icons/protocols/orca-dex,https://www.orca.so
kamino-lend,FQnQgBYzJkiVfUZgggfTRn4FGKE3FN94UoZgBreZMgTR,USCC,0.0,0.0,0.0,4412892,,ec781b7e-83a7-4103-a093-77444516a9a7,0.0,0.0,0.0,https://icons.llamao.fi/icons/protocols/kamino-lend,https://kamino.com/
raydium-amm,AaW2rG4UM4R8KTNY5qVoYV9RApbR9c98AqFd72DQ1MRs,USDC-AKE,0.13,0.13,0.0,4390275,,91ea0ecb-63af-5cf2-a94e-58a56efe9701,0.0,0.0,0.0,https://icons.llamao.fi/icons/protocols/raydium,https://raydium.io
jupiter-lend,B98bVd9UNjnpDmBeoMsrA6w6EKWhorAjF2xrEd9MPjLq,INF,0.0,0.0,0.0,4371517,,1377ef06-ba83-466f-9352-adb8f854ef71,0.0,0.0,0.0,https://icons.llamao.fi/icons/protocols/jupiter-lend,https://jup.ag/?ref=f6y1ryr2snn3
jupiter-lend,9ewVy9vTQ1R5Kgp5VDaygXU59z1k6H3AZhoaNyeKMYEr,SPYX,0.0,0.0,0.0,4305658,,6e0a7124-be02-4460-bbbe-a6dc6719e017,0.0,-2.02008,-2.02008,https://icons.llamao.fi/icons/protocols/jupiter-lend,https://jup.ag/?ref=f6y1ryr2snn3
raydium-amm,3bC2e2RxcfvF9oP22LvbaNsVwoS2T98q6ErCRoayQYdq,WSOL-JELLYJELLY,3.15,3.15,0.0,4192041,,d3f1bb4f-6d3a-41f2-af1a-ae6baa4edd66,-0.68,0.37,-3.27,https://icons.llamao.fi/icons/protocols/raydium,https://raydium.io
kamino-lend,UvXjBuC7YZYaGB9Rn1PpBD1GySmjzunXgE8Zev9ua8d,SPYX,0.08712,0.08712,0.0,4171967,,a0f306a6-976a-4d29-852b-eaa09e84f8b4,0.00038,-0.09861,-0.10541,https://icons.llamao.fi/icons/protocols/kamino-lend,https://kamino.com/
jupiter-lend,B98bVd9UNjnpDmBeoMsrA6w6EKWhorAjF2xrEd9MPjLq,INF,0.0,0.0,0.0,4141683,,f048cd44-7eef-4570-8c71-f6a6eb7aa33e,0.0,0.0,0.0,https://icons.llamao.fi/icons/protocols/jupiter-lend,https://jup.ag/?ref=f6y1ryr2snn3
orca-dex,94BpFoyri4uTT55NFSHKYNFyUMtoWXEisMA4LK7nTKPU,USDU-USDC,0.0111,0.0111,0.0,4075823,,5fd4f164-50d7-4d9e-9cb8-6eb62ac9f44c,0.00618,0.00316,-0.0023,https://icons.llamao.fi/icons/protocols/orca-dex,https://www.orca.so
raydium-amm,AQAGYQsdU853WAKhXM79CgNdoyhrRwXvYHX6qrDyC1FS,WSOL-USD1,6.68,6.68,0.0,4058827,,866092b0-6627-432a-af86-e1af0c4dae6c,-2.33,1.65,-29.38,https://icons.llamao.fi/icons/protocols/raydium,https://raydium.io
raydium-amm,AtPY74cpQmuqmFBMsTLaUL5hEtE4Y241RY5Ea2ercnri,AKE-USDC,0.04,0.04,0.0,4011592,,58607329-e731-5084-8e19-d442647be134,0.0,0.0,0.0,https://icons.llamao.fi/icons/protocols/raydium,https://raydium.io
kamino-liquidity,DzGJLoq3FnSN4VJyTbbNUWsN8syRQzxvDZX3iTmnw5FG,USDU-USDC,0.0,0.0,0.0,3990346,,6ded470a-8cfe-4d41-9c3c-df3262908cbc,-0.0826,0.0,0.0,https://icons.llamao.fi/icons/protocols/kamino-liquidity,https://kamino.com/liquidity
kamino-lend,DgreyuThAZKkyD7nk19kdhuemH4derQf8gqj1PjFFHEY,PT-EUSX-16SEP26,0.0,0.0,0.0,3941229,,047a53c7-6f45-4466-a4c0-eeb4842a6177,0.0,0.0,0.0,https://icons.llamao.fi/icons/protocols/kamino-lend,https://kamino.com/
raydium-amm,EP2ib6dYdEeqD8MfE2ezHCxX3kP3K2eLKkirfPm5eyMx,$WIF-WSOL,2.62,2.62,0.0,3936286,,caca758f-7a8f-4242-8d9c-cd44d98c5ee0,-0.41,-5.09,-4.68,https://icons.llamao.fi/icons/protocols/raydium,https://raydium.io
orca-dex,HktfL7iwGKT5QHjywQkcDnZXScoh811k7akrMZJkCcEF,SOL-WHETH,14.41801,14.41801,0.0,3925124,,69c64232-ef1a-45f2-b49b-daeb2a906873,2.21869,5.38079,-19.41387,https://icons.llamao.fi/icons/protocols/orca-dex,https://www.orca.so
save-sol,,SAVESOL,4.7886,4.7886,0.0,3915546,,1a2f864d-dffb-4b58-bfe4-e136e4ad0547,-0.0021,0.00659,-0.01081,https://icons.llamao.fi/icons/protocols/save-sol,https://save.finance/saveSOL
raydium-amm,EUGzX8kKvbLB55idiETEdXm6NZzB3Dz7c1ui6wGhcviR,JUPUSD-USDC,0.37,0.37,0.0,3891591,,b486afff-6cb0-4932-aacb-4c32cf955512,-0.04,0.09,-0.3,https://icons.llamao.fi/icons/protocols/raydium,https://raydium.io
orca-dex,4tgA77vUnDaTADqGJYhJYT1Qf8nnukxFGohoXR3tzPau,JUPUSD-USDC,0.40229,0.40229,0.0,3848807,,3560380c-4758-48b5-8dd6-38d474018724,0.17778,-0.00406,-0.79999,https://icons.llamao.fi/icons/protocols/orca-dex,https://www.orca.so
raydium-amm,DoQnSPZGZt2d5HbBWNagt8DNN28nXMasCDUURPLkyygW,USDC-AKE,0.16,0.16,0.0,3844261,,eb98c798-bba1-588f-b2e3-81d006ef35e2,-0.03,0.0,0.0,https://icons.llamao.fi/icons/protocols/raydium,https://raydium.io
project-0,6hS9i46WyTq1KXcoa2Chas2Txh9TJAVr6n1t3tnrE23K,BSOL,0.03077,0.03077,0.0,3775844,,857b1f5d-5aea-40d3-a3c5-0d20d61160b3,0.00018,-9e-05,0.0,https://icons.llamao.fi/icons/protocols/project-0,https://app.0.xyz
raydium-amm,AS5MV3ear4NZPMWXbCsEz3AdbCaXEnq4ChdaWsvLgkcM,USDS-USDC,0.1,0.1,0.0,3759857,,5b6c56a9-3b81-48ee-bee7-3f0dcd862e4d,-0.06,0.07,-0.26,https://icons.llamao.fi/icons/protocols/raydium,https://raydium.io
kamino-lend,2jerdAXR8r2B6z3P7P6VgSiePQX7wqcpbEqdDbm8mgeB,QQQX,0.04115,0.04115,0.0,3747281,,c776be75-2fe5-4cd3-b7da-48f60542afdd,-0.00077,-0.01352,-0.0404,https://icons.llamao.fi/icons/protocols/kamino-lend,https://kamino.com/
raydium-amm,BZtgQEyS6eXUXicYPHecYQ7PybqodXQMvkjUbP4R8mUU,USDC-USDT,0.18,0.18,0.0,3722930,,8ad76d42-6247-42f2-8281-5d59cb77b8b3,-4.73,-0.15,-2.22,https://icons.llamao.fi/icons/protocols/raydium,https://raydium.io
raydium-amm,FM4Grf2mcBAA4zhBnwztgQQA2ep2xUJ34rgUQMzJuT5C,AKE-USDC,0.16,0.16,0.0,3710265,,4f141be3-4027-5cc0-a209-001afaa01af0,-0.05,0.0,0.0,https://icons.llamao.fi/icons/protocols/raydium,https://raydium.io
raydium-amm,6UmmUiYoBjSrhakAobJw8BvkmJtDVxaeBtbt7rxWo1mg,RAY-USDC,2.18,2.18,0.0,3650437,,8d1c0b44-a5ce-421c-b899-bf489159aa0f,-0.61,1.21,-13.48,https://icons.llamao.fi/icons/protocols/raydium,https://raydium.io
jupiter-lend,9fvHrYNw1A8Evpcj7X2yy4k4fT7nNHcA9L6UsamNHAif,USDG,4.45617,4.45617,0.0,3581758,2u1tszSeqZ3qBWF3uNGPFc8TzMk2tdiwknnRMWGWjGWH,c4d22a9b-a5e3-414e-92d9-76493e1ab239,-0.53402,-0.05224,-0.41861,https://icons.llamao.fi/icons/protocols/jupiter-lend,https://jup.ag/?ref=f6y1ryr2snn3
orca-dex,GTHKH8s82ZR8GTSFZ1dUu6wfdxhy59wpMShxzG5zjiPm,ZEC-USDC,44.16552,44.16552,0.0,3572271,,3de7947c-e199-4842-a496-a775f59d6ba3,-4.94542,9.82973,-55.38187,https://icons.llamao.fi/icons/protocols/orca-dex,https://www.orca.so
project-0,22DcjMZrMwC5Bpa5AGBsmjc5V9VuQrXG6N9ZtdUNyYGE,MSOL,0.20019,0.20019,0.0,3546219,,4f54e6d5-0a97-4e98-b9a6-de12413a3bbc,0.001,0.02772,0.0,https://icons.llamao.fi/icons/protocols/project-0,https://app.0.xyz
save,47kDoVo8gxWYe7oP2UT1AUtR2uGxEokGqdpc1qGPP3EX,SAVESOL,0.0,0.0,0.0,3525821,,9cc7df38-d422-40b0-a132-4e6c8a756a87,0.0,0.0,0.0,https://icons.llamao.fi/icons/protocols/save,https://www.save.finance/
jupiter-lend,2L6xsj9zKbvxALDroGQHmPx2kCw8RqZ8yru4zceUoB6k,CBBTC,0.0,0.0,0.0,3519827,,85ebf291-60e6-4c34-b08a-e5bbb7f256b0,0.0,0.0,0.0,https://icons.llamao.fi/icons/protocols/jupiter-lend,https://jup.ag/?ref=f6y1ryr2snn3
jupiter-lend,2YVNoVVLaWKwNpscmCiKuph2J6WdPrjZLyyjw85oDK36,JITOSOL,0.0,0.0,0.0,3495300,,dd024b97-972d-4f89-95b6-49804810e486,0.0,0.0,0.0,https://icons.llamao.fi/icons/protocols/jupiter-lend,https://jup.ag/?ref=f6y1ryr2snn3
orca-dex,FCdB84kbytrT8JHsWLrWxPoquetmtcF1NZw7LYcgrQJE,PST-USDC,0.02832,0.02832,0.0,3467634,,ad4a3155-eee1-4a47-b453-b460e0c3b574,-0.06177,-0.01331,-0.00945,https://icons.llamao.fi/icons/protocols/orca-dex,https://www.orca.so
orca-dex,5KqohoeGjTjyHAFJJywK4J7fkFuK82PfMyuseGgLKZu2,SOL-USDG,2.38087,2.38087,0.0,3458966,,55c24466-7169-4b51-97f0-025ab1c34b0d,-0.30076,1.21266,-7.77114,https://icons.llamao.fi/icons/protocols/orca-dex,https://www.orca.so
orca-dex,4D2MXM8H7sKpyeXMQ9T4eULc3qb2fWBBE8Un9P6eEx8W,PRIME-AUTO,0.23813,0.23813,0.0,3389586,,069fc5ee-37bc-4699-8793-38094d6c0e1a,0.2001,0.17098,0.23813,https://icons.llamao.fi/icons/protocols/orca-dex,https://www.orca.so
kamino-lend,EjCyz7jjnVVASjX257ahmySHvcKVu5RtGiTQaz44QvWq,USDC,6.95776,6.95776,0.0,3377246,,ca537616-5cc3-429a-aded-ebe307121d1f,0.13335,-0.10324,0.77,https://icons.llamao.fi/icons/protocols/kamino-lend,https://kamino.com/
jupiter-lend,DchXYJwVjPaEUxCiySXVbNyNppAFbQM7Ku76uKvyaDNT,JLP,0.0,0.0,0.0,3362367,,654b8ee9-8f54-47c7-841b-aae593def5f5,0.0,0.0,0.0,https://icons.llamao.fi/icons/protocols/jupiter-lend,https://jup.ag/?ref=f6y1ryr2snn3
raydium-amm,J3b6dvheS2Y1cbMtVz5TCWXNegSjJDbUKxdUVDPoqmS7,WSOL-ARC,11.96,11.96,0.0,3259084,,83e9a75a-881a-4e5a-9aaa-82e2140fa57d,5.29,8.3,3.97,https://icons.llamao.fi/icons/protocols/raydium,https://raydium.io
jupiter-lend,9zammhNLGh1fidaoh2LvABj2doxmwFyQTzeDvpizMTTJ,JLJUPUSD,0.0,0.0,0.0,3233260,,1519c834-dd6d-492a-84b1-921f05142e79,0.0,0.0,0.0,https://icons.llamao.fi/icons/protocols/jupiter-lend,https://jup.ag/?ref=f6y1ryr2snn3
kamino-lend,2EXNMnkHE5TY1wTwA9UKi3wpTvoXpFsDPeGC5GVttu5F,FBTC,0.0,0.0,0.0,3233173,,65dd56eb-9115-491c-93c4-98b03d3d4b9c,0.0,0.0,0.0,https://icons.llamao.fi/icons/protocols/kamino-lend,https://kamino.com/
raydium-amm,A9RdNEf4T9x1eNPnEHFX1ABHS7J4e9kxBm43S3o5r9Kw,USDG-ONYC,0.36,0.36,0.0,3192223,,92d30c54-b6c6-436d-b93d-c17f09268d0a,-0.27,0.27,0.29,https://icons.llamao.fi/icons/protocols/raydium,https://raydium.io
stronghold-staked-sol,,STRONGSOL,5.38265,5.38265,0.0,3129738,,2df41814-3481-4e53-a91f-4a621e750f91,0.0,-0.00392,-0.00812,https://icons.llamao.fi/icons/protocols/stronghold-staked-sol,https://strongholdsol.com/
kamino-lend,G85AgoBdW8zSQBq5i4E8aBLCDdRYGgK44CzU1d1NdBzX,AUTO,0.0,0.0,0.0,3127644,,78b91d8b-0834-5d71-93aa-465b9571fa3f,0.0,0.0,0.0,https://icons.llamao.fi/icons/protocols/kamino-lend,https://kamino.com/
raydium-amm,8WwcNqdZjCY5Pt7AkhupAFknV2txca9sq6YBkGzLbvdt,WSOL-PIPPIN,6.54,6.54,0.0,3106248,,20d99514-4d6b-4ff3-bbec-0732971885a0,-3.35,0.9,-59.06,https://icons.llamao.fi/icons/protocols/raydium,https://raydium.io
raydium-amm,7yEXWTjLyXwBEjMhNwP9dWVJp8G68JvY9KXGT83sDCaM,PUNDU-WSOL,0.02,0.02,0.0,3042600,,50c3351a-9d47-4025-8691-27b6d18679b4,0.0,0.0,-0.05,https://icons.llamao.fi/icons/protocols/raydium,https://raydium.io
raydium-amm,6rzVkz6cLVvE2gnhagyq1A95Czy8QYzxzYazvcbQXVFh,AKE-USDC,0.3,0.3,0.0,3011006,,893904de-15fe-5494-9d6e-ae1395a2474c,0.0,0.25,0.0,https://icons.llamao.fi/icons/protocols/raydium,https://raydium.io
jupiter-lend,7whadCYBxcbDiksLq9wW2JANDwsaZaKqqnaSbqgb8jnt,JUPSOL,0.0,0.0,0.0,2990596,,e688ddc2-5088-4d59-a15a-dff1adafbf0c,0.0,0.0,0.0,https://icons.llamao.fi/icons/protocols/jupiter-lend,https://jup.ag/?ref=f6y1ryr2snn3
orca-dex,J6h5bf3iohBXtsRNRFAqFc5FeBCh3yAjxXGuiE1sTc5Q,USDG-USX,0.11081,0.11081,0.0,2986718,,761e502e-9b40-48e0-b025-8e083b4fdeda,-0.46843,0.05578,-0.08883,https://icons.llamao.fi/icons/protocols/orca-dex,https://www.orca.so
kamino-lend,Ga4rZytCpq1unD4DbEJ5bkHeUz9g3oh9AAFEi6vSauXp,USDC,3.15155,3.15155,0.0,2951156,,62649c90-e61a-4ffc-ba31-3d754b7461fc,0.13835,-5.39583,-5.80784,https://icons.llamao.fi/icons/protocols/kamino-lend,https://kamino.com/
kamino-liquidity,819tcubKaRghnpDKnbJhUhyuPFoBMKdTREMoAKBKb7xf,USDS-USDC,0.11811,0.11811,0.0,2947328,,0969d0b7-dace-47e1-9a56-182d4ad08198,-0.02547,0.00057,-0.31853,https://icons.llamao.fi/icons/protocols/kamino-liquidity,https://kamino.com/liquidity
gmtrade,59uFARJWg7B8wcEuXzvkafiT4DuKemdNCN5bshDbwun9,XAU-USDC,88.6424,88.6424,0.0,2938357,,3c93e06c-f309-47d4-b9bd-7212c5401c67,-0.00117,-4.61446,0.22603,https://icons.llamao.fi/icons/protocols/gmtrade,https://gmtrade.xyz
orca-dex,AGXrswVDRoUf62UX9voTXv6TCGw6fBUEwDpyUd9YdZfD,USDY-USDC,0.5316,0.5316,0.0,2911410,,22f79b01-3ba8-4a75-a12d-615151633875,0.47072,0.51789,0.39943,https://icons.llamao.fi/icons/protocols/orca-dex,https://www.orca.so
kamino-lend,A2J2CEwmwa9aTKbEfNoik6YTyNep9GtvNjU65okWYhwn,STRONGSOL,0.0,0.0,0.0,2893755,,dfb9e904-b360-40a2-abd4-056da6c52af0,0.0,0.0,0.0,https://icons.llamao.fi/icons/protocols/kamino-lend,https://kamino.com/
raydium-amm,FRhB8L7Y9Qq41qZXYLtC2nw8An1RJfLLxRF2x9RwLLMo,POPCAT-WSOL,2.81,2.81,0.0,2871168,,06faada9-ad40-4027-9380-db05f0f3fd53,-3.15,0.05,-20.79,https://icons.llamao.fi/icons/protocols/raydium,https://raydium.io
gmtrade,59uFARJWg7B8wcEuXzvkafiT4DuKemdNCN5bshDbwun9,USDCAD-USDC,46.25085,46.25085,0.0,2861626,,ab5cddbb-e1f9-42fb-909e-62fbbe7dcb7b,-0.00061,-11.82753,36.4575,https://icons.llamao.fi/icons/protocols/gmtrade,https://gmtrade.xyz
raydium-amm,G39wywquKbHK8F2wZZZFX3fcsyG91VCCbbr6WEVp5axy,CRCLX-USDC,10.43,10.43,0.0,2840490,,2619cf7a-535e-43a6-8163-a0d1265611a6,-46.37,-0.89,-89.62,https://icons.llamao.fi/icons/protocols/raydium,https://raydium.io
loopscale,7PeYxZpM2dpc4RRDQovexMJ6tkSVLWtRN4mbNywsU3e6,USDC,6.75996,6.52021,0.23976,2830790,5Y8NV33Vv7WbnLfq3zBcKSdYPrk7g2KoiQoe7M2tcxp5,d4491d92-ae68-4fb6-bde6-12207d1102b6,0.01197,-0.44454,-1.11593,https://icons.llamao.fi/icons/protocols/loopscale,https://loop.sl
kamino-lend,4wg6rEkGgHaEuxMduP46C1xFZ24Lnp5YgdNkZAHxFzsN,GOOGLX,0.0,0.0,0.0,2801880,,1146ab17-5035-43da-b083-fd18a34de730,0.0,0.0,0.0,https://icons.llamao.fi/icons/protocols/kamino-lend,https://kamino.com/
raydium-amm,3pS9L6E9m5amMWeH1SRebZfemVcSrzngedH1nyFRCFpd,PEPE-USDC,0.22,0.22,0.0,2776035,,75bf0314-4de8-50c3-b390-31d28279f1db,-0.04,0.0,0.0,https://icons.llamao.fi/icons/protocols/raydium,https://raydium.io
kamino-lend,5iTiczqgUegqA3PpoNpotizMbY9n1sRWr3oL6igKvWuf,TSLAX,0.00199,0.00199,0.0,2731108,,96566ded-c24c-4fb1-a126-06cf49e0ce86,-0.00117,-0.01052,-0.00319,https://icons.llamao.fi/icons/protocols/kamino-lend,https://kamino.com/
kamino-lend,7B66Az3tJhAo4bLkX8PzTixQ9ZGyHkkjxfVLhF26sP5q,NVDAX,0.01603,0.01603,0.0,2689600,,646abe53-eb33-4dbc-815d-50f571299302,-0.0001,0.00155,-0.01156,https://icons.llamao.fi/icons/protocols/kamino-lend,https://kamino.com/
raydium-amm,GMjGLWzvK75LPetrgAmdeXnvxc4fUuQPwJxeQqTDU1aG,QQQX-USDC,2.03,2.03,0.0,2628917,,318d20fb-417b-492f-aeb9-d0709b0d3d58,-5.94,-0.1,-7.57,https://icons.llamao.fi/icons/protocols/raydium,https://raydium.io
kamino-liquidity,HCntzqDU5wXSWjwgLQP5hqh3kLHRYizKtPErvSCyggXd,JITOSOL-SOL,0.30637,0.30637,0.0,2624306,,d61d8c57-4d50-4642-b3fc-f5943ab44059,-0.00024,0.0572,-1.88055,https://icons.llamao.fi/icons/protocols/kamino-liquidity,https://kamino.com/liquidity
raydium-amm,3sjNoCnkkhWPVXYGDtem8rCciHSGc9jSFZuUAzKbvRVp,WSOL-ZEREBRO,7.48,7.48,0.0,2619997,,b7c5a111-447f-4af6-9f18-581591249a76,-0.76,0.45,-19.26,https://icons.llamao.fi/icons/protocols/raydium,https://raydium.io
raydium-amm,8Krgu4bahEdiZ9uk7sDET72ahwPDVMVpuWHUXVqoZMyM,PEPE-USDC,0.3,0.3,0.0,2551183,,f0db8574-f867-543e-866b-8dfbb5aaf92f,0.0,0.02,0.0,https://icons.llamao.fi/icons/protocols/raydium,https://raydium.io
orca-dex,9goWMLg5ZxayhTinjtfNQLCZg2VBzdwERqHqP5tYSP9Z,USDG-SYRUPUSDC,0.02568,0.02568,0.0,2530226,,5d6a4eed-10da-4eb6-a6f1-20ca6c2256e5,-0.00246,-0.00553,-0.00254,https://icons.llamao.fi/icons/protocols/orca-dex,https://www.orca.so
kamino-liquidity,4UcBqDhWXc5RBCc3PB9TcDpoYt1GboAewbVCAT5dwH2j,USDG-SYRUPUSDC,0.0,0.0,0.0,2523303,,ba65f664-1757-4e50-9680-f8353a68958f,0.0,0.0,0.0,https://icons.llamao.fi/icons/protocols/kamino-liquidity,https://kamino.com/liquidity
raydium-amm,E8TRsCYBVaB4GD4Nx3F8SGpH3KMYTADR1EkdQC2EJFGK,WSOL-BC,6.28,6.28,0.0,2506370,,fef9bde9-fd67-465c-bf52-930d7782e174,4.24,0.49,-2.04,https://icons.llamao.fi/icons/protocols/raydium,https://raydium.io
orca-dex,5p58XYzEUuvceAb4momaQ943rTPLgigdBXtJNdnZTDJ9,USDG-USDE,1.97788,1.97788,0.0,2498942,,ae8e306b-a55d-48ce-afea-420d177c9272,-1.26256,1.62754,1.97528,https://icons.llamao.fi/icons/protocols/orca-dex,https://www.orca.so
raydium-amm,DmAsjXoceoL5vTKZbYpTpXPo7MKm16FMfNMm3PJFiUha,WSOL-BAN,4.81,4.81,0.0,2490754,,a24db72d-5c6a-4028-b81e-de1480fa0f81,0.48,0.51,-1.51,https://icons.llamao.fi/icons/protocols/raydium,https://raydium.io
project-0,CCKtUs6Cgwo4aaQUmBPmyoApH2gUDErxNZCAntD6LYGh,SOL,2.4523,2.4523,0.0,2490349,,e50fcaac-4200-476b-873c-aa3bcba0b35b,0.06833,-3.0626,0.0,https://icons.llamao.fi/icons/protocols/project-0,https://app.0.xyz
raydium-amm,4HaWa6tEpnfzmWPJVe1dki3sYssLdtj85bxrB9Z1MJeP,AKE-USDC,0.32,0.32,0.0,2489452,,d9cbf1ad-eba5-5651-8540-e3fe37ca676f,0.0,-0.02,0.0,https://icons.llamao.fi/icons/protocols/raydium,https://raydium.io
raydium-amm,HnhpJPJgBG2KwniMTNW8cVBHvk1hFog3RC3kjnyc23tD,CARDS-USDC,28.97,28.97,0.0,2465598,,593fca5b-1e6c-492e-bb8c-30c5307defb8,-8.39,-0.46,-99.24,https://icons.llamao.fi/icons/protocols/raydium,https://raydium.io
raydium-amm,4AZRPNEfCJ7iw28rJu5aUyeQhYcvdcNm8cswyL51AY9i,WSOL-PNUT,5.62,5.62,0.0,2456925,,8be07d6f-99a3-4643-9256-6f8a0b881508,-1.0,-2.11,0.27,https://icons.llamao.fi/icons/protocols/raydium,https://raydium.io
gmtrade,59uFARJWg7B8wcEuXzvkafiT4DuKemdNCN5bshDbwun9,SOL-USDC,170.13685,170.13685,0.0,2432473,,496903a9-a931-435f-ac1a-ac934618d1be,17.21798,-6.40615,-77.76411,https://icons.llamao.fi/icons/protocols/gmtrade,https://gmtrade.xyz
save,8K9WC8xoh2rtQNY7iEGXtPvfbDCi563SdWhCAhuMP2xE,USDT,1.39,1.39,0.0,2422919,,7ec9f4ba-803c-4935-97e2-342aa75b4ff4,0.01,-0.01,0.03,https://icons.llamao.fi/icons/protocols/save,https://www.save.finance/
kamino-lend,r7Tyu7QswfZncQwmTQBkG1fDd8N5tJdi4b8S6KiBtBj,MSOL,0.0,0.0,0.0,2405149,,149bd3a2-1a69-45d1-b815-9211e4ddec3a,0.0,0.0,0.0,https://icons.llamao.fi/icons/protocols/kamino-lend,https://kamino.com/
gmtrade,59uFARJWg7B8wcEuXzvkafiT4DuKemdNCN5bshDbwun9,XAG-USDC,93.59874,93.59874,0.0,2398848,,88435ce9-aa7c-4b3d-8016-1abf501fd6c7,-0.00124,-24.87027,-2.04539,https://icons.llamao.fi/icons/protocols/gmtrade,https://gmtrade.xyz
orca-dex,7wrbZ3oe5sZiFHvkSqD2xBvsLkctuJcpjsTUCeFxvRcp,CBBTC-FBTC,0.0,0.0,0.0,2395489,,8ed557d7-4ba3-4072-bcf3-e3a5c0172764,0.0,0.0,0.0,https://icons.llamao.fi/icons/protocols/orca-dex,https://www.orca.so
gmtrade,59uFARJWg7B8wcEuXzvkafiT4DuKemdNCN5bshDbwun9,WTI-USDC,60.34736,60.34736,0.0,2370611,,8c19411c-799c-4840-8dfc-2bd4bce2cc5a,0.00388,-3.94558,22.86847,https://icons.llamao.fi/icons/protocols/gmtrade,https://gmtrade.xyz
raydium-amm,AVs9TA4nWDzfPJE9gGVNJMVhcQy3V9PGazuz33BfG2RA,RAY-WSOL,1.2,1.2,0.0,2358271,,0fc97fda-dd12-4f83-afeb-88e6d60f0e4b,-0.09,0.63,-10.56,https://icons.llamao.fi/icons/protocols/raydium,https://raydium.io
invesco-ustb,,USTB,3.36253,3.36253,0.0,2352067,,9ad71299-9318-47b3-9a5a-bbe67c5121bf,-0.11476,0.04533,-0.2871,https://icons.llamao.fi/icons/protocols/invesco-ustb,https://superstate.com/
jupiter-lend,7whadCYBxcbDiksLq9wW2JANDwsaZaKqqnaSbqgb8jnt,JUPSOL,0.0,0.0,0.0,2345076,,bd1d427f-406a-44ff-ad57-6f0bd1863152,0.0,0.0,0.0,https://icons.llamao.fi/icons/protocols/jupiter-lend,https://jup.ag/?ref=f6y1ryr2snn3
raydium-amm,49iMatQtoyabsYAQc8GafVq6aeBFVDxSRH44oiatyyw6,NVDAX-USDC,2.25,2.25,0.0,2340585,,6f7708a9-58d0-4941-a06a-b83e91b06903,-21.77,1.64,-14.31,https://icons.llamao.fi/icons/protocols/raydium,https://raydium.io
raydium-amm,2HwtzhWN5c2jZ669byt93TkkwPX2YWdmQtrpoxBEv1o5,ZIL-USDC,0.26,0.26,0.0,2321930,,a067bb89-85a8-5069-a3ef-876bb8e661e3,-0.05,0.0,0.0,https://icons.llamao.fi/icons/protocols/raydium,https://raydium.io
jupiter-lend,2YVNoVVLaWKwNpscmCiKuph2J6WdPrjZLyyjw85oDK36,JITOSOL,0.0,0.0,0.0,2299559,,a3815981-152f-4ea2-9167-d0aaf407b128,0.0,0.0,0.0,https://icons.llamao.fi/icons/protocols/jupiter-lend,https://jup.ag/?ref=f6y1ryr2snn3
project-0,DMoqjmsuoru986HgfjqrKEvPv8YBufvBGADHUonkadC5,LST,0.01434,0.01434,0.0,2252181,,20a0912c-088b-4866-a609-0cfd4a8b8039,0.0,-2e-05,0.0,https://icons.llamao.fi/icons/protocols/project-0,https://app.0.xyz
save,2MwiTp5oBwbmUVu7NwnoKE1QLaqtFggQ86xpkvhCFBq7,JSOL,0.0,0.0,0.0,2226674,,2271f6e8-46c6-43c6-bde5-5b496cba03df,0.0,0.0,0.0,https://icons.llamao.fi/icons/protocols/save,https://www.save.finance/
orca-dex,FAqh648xeeaTqL7du49sztp9nfj5PjRQrfvaMccyd9cz,SOL-PENGU,5.01695,5.01695,0.0,2193000,,b3414aaf-595d-4bb0-9ff8-78f93d2128fa,-1.96295,-4.56708,-1.45974,https://icons.llamao.fi/icons/protocols/orca-dex,https://www.orca.so
jupiter-lend,nMzVs8GiXMVUENEwkev7JZfDcCENmz18ScheeVRdnb1,WSOL,4.19539,4.19539,0.0,2185952,,57b641d6-4f90-45df-be94-1bd5c7fae6c9,-0.03126,0.15616,-0.12509,https://icons.llamao.fi/icons/protocols/jupiter-lend,https://jup.ag/?ref=f6y1ryr2snn3
orca-dex,FXPopoKVLHeXonysHMEonZZJ4nsUdFqr4RpFuAvLUvFB,PYUSD-USDE,0.88371,0.88371,0.0,2150047,,8298e97f-83bf-4bc2-a853-f0735aab802d,-2.2898,0.76411,-0.15818,https://icons.llamao.fi/icons/protocols/orca-dex,https://www.orca.so
raydium-amm,2SatxavXUd385aVkpQkTwpKJxq9qAbLumshuqEAoji5D,DOGE-USDT,0.01,0.01,0.0,2148812,,db3ba7a7-07c7-49fe-b707-e32a6e91d99f,0.0,0.0,0.0,https://icons.llamao.fi/icons/protocols/raydium,https://raydium.io
loopscale,7PeYxZpM2dpc4RRDQovexMJ6tkSVLWtRN4mbNywsU3e6,USDC,4.56742,4.56742,0.0,2128666,,432cb0b0-7087-4a4e-94e9-6c8092c05539,-0.03582,-0.3981,-1.39157,https://icons.llamao.fi/icons/protocols/loopscale,https://loop.sl
raydium-amm,22WrmyTj8x2TRVQen3fxxi2r4Rn6JDHWoMTpsSmn8RUd,WSOL-MOODENG,5.04,5.04,0.0,2072016,,46f5eec1-26f1-4911-8d91-d627ff756dcd,-0.56,-1.62,-5.45,https://icons.llamao.fi/icons/protocols/raydium,https://raydium.io
raydium-amm,FyDF3vKQFbcvNTsBi7L7LremrFPmXKbQqgAgnPg1hXXd,WSOL-ALCH,9.91,9.91,0.0,2061658,,b09355f3-286d-472e-a1dd-4d0170dfb4aa,0.62,-1.51,5.18,https://icons.llamao.fi/icons/protocols/raydium,https://raydium.io
raydium-amm,6truu3rZuiB9rKQg4VYC3Dt3QwV7DgwGqXrYUcrvnDDE,SPYX-USDC,0.72,0.72,0.0,2053467,,5ccd0074-df46-49d8-8f6d-de221b60672c,-2.81,0.23,-7.75,https://icons.llamao.fi/icons/protocols/raydium,https://raydium.io
raydium-amm,7q2dQbjtxxP4DqmHEC2nsGXWSytQ8jaxdyGswmAg3PFP,PUMP-USDC,0.01,0.01,0.0,2052839,,85ca2b2c-c141-5a4d-989f-64a5439d0b1e,0.0,0.0,0.0,https://icons.llamao.fi/icons/protocols/raydium,https://raydium.io
kamino-liquidity,2cV6oNLjDqtyMJysHa2YpRDa2HmKK7e1V1ZZi2WsfE8b,USDG-ONYC,0.0,0.0,0.0,2036033,,233415e5-e0cf-49b8-8a70-975aaa8689a1,0.0,0.0,0.0,https://icons.llamao.fi/icons/protocols/kamino-liquidity,https://kamino.com/liquidity
kamino-liquidity,79aWx9BoMBzcr2cB7ZnPD96rbRcVrEBSBb7bgZvdCFkv,USDG-XBTC,0.9605,0.9605,0.0,2021183,,6e8b600a-aa3b-402d-a68a-7dec1a097585,-0.93553,0.63779,-4.14445,https://icons.llamao.fi/icons/protocols/kamino-liquidity,https://kamino.com/liquidity
orca-dex,EbGwM46wxy7EYuwhYrLN1UQPpG15FoEamQvzdMPJLwP6,USDG-XBTC,1.2747,1.2747,0.0,2019553,,a342ad05-4072-4571-9b37-7f5685a80f8a,-1.06297,0.80156,-4.57155,https://icons.llamao.fi/icons/protocols/orca-dex,https://www.orca.so
kamino-liquidity,FB6QYfn5Xt1jTLueLpPZJUXcX1p1Yo7dtVqwn44KyNLb,HYUSD-USDC,0.3623,0.3623,0.0,2012251,,e1014444-6a83-4816-a8ac-6f9daca0dc79,-0.04758,0.20825,-5.82287,https://icons.llamao.fi/icons/protocols/kamino-liquidity,https://kamino.com/liquidity
gmtrade,59uFARJWg7B8wcEuXzvkafiT4DuKemdNCN5bshDbwun9,BTC-USDC,193.50659,193.50659,0.0,2003534,,3e6c799e-d07e-45f5-9854-9f0c18fe7646,1.89722,-1.60639,98.40541,https://icons.llamao.fi/icons/protocols/gmtrade,https://gmtrade.xyz
kamino-liquidity,45bdcbekD687TU49RFux1a4csf3TN3cM3J1UaFcFhWt2,USDG-USX,0.0,0.0,0.0,1992324,,8715b764-ee48-40b2-b69b-cd4e90c9d392,0.0,0.0,0.0,https://icons.llamao.fi/icons/protocols/kamino-liquidity,https://kamino.com/liquidity
raydium-amm,BEHtrQRFGFaMdp82vBJ161Ybd8xyEDB422HWaF1Gfm3U,WSOL-THEROS,0.17,0.17,0.0,1983084,,9df1d4aa-a80e-4c3c-842b-26361fb0f6cd,0.02,0.02,-0.16,https://icons.llamao.fi/icons/protocols/raydium,https://raydium.io
kamino-lend,5pCe1pq5nzBTCZ3Z8MAFtVQaTZvrLSbhU5ecqBkTfBoF,PT-ONYC-10SEP26,0.0,0.0,0.0,1971286,,9a59afeb-628a-4aa7-a259-71b01d27e2fb,0.0,0.0,0.0,https://icons.llamao.fi/icons/protocols/kamino-lend,https://kamino.com/
jupiter-lend,FQ7pGDSPAqa7M4knh2vevsFQKGqm45uJb7fCAq2GdK2x,JUP,0.0,0.0,0.0,1958657,,9d551b2a-a01c-4c9b-adc1-071e7acf753f,0.0,0.0,0.0,https://icons.llamao.fi/icons/protocols/jupiter-lend,https://jup.ag/?ref=f6y1ryr2snn3
jupiter-lend,nMzVs8GiXMVUENEwkev7JZfDcCENmz18ScheeVRdnb1,WSOL,4.19539,4.19539,0.0,1918421,,b7544530-9b62-470d-b2d2-ed08f4383200,-0.03126,0.15616,-0.12509,https://icons.llamao.fi/icons/protocols/jupiter-lend,https://jup.ag/?ref=f6y1ryr2snn3
kamino-lend,3ZUAwhEtK8XWfK4fy98z4yoptm4GeyeAu21L11HPXaZ5,PYUSD,4.70542,4.70542,0.0,1911980,,4decb8fb-be56-48ce-9c61-47a554d248e8,-0.13661,-0.38249,0.95349,https://icons.llamao.fi/icons/protocols/kamino-lend,https://kamino.com/
kamino-lend,EAA3VVsxUuQB1Tm5x7TJkq9ATtiX5Qwq8ok7gXwim7oo,JLP,0.0,0.0,0.0,1889833,,d1be45d6-eafe-4de5-9541-ca3340e8e234,0.0,0.0,0.0,https://icons.llamao.fi/icons/protocols/kamino-lend,https://kamino.com/
raydium-amm,2aPsSVxFw6dGRqWWUKfwujN6WVoyxuhjJaPzYaJvGDDR,MANEKI-WSOL,0.09,0.09,0.0,1873134,,75f2465b-aae7-4e6d-a075-59312f639394,0.03,0.03,-0.01,https://icons.llamao.fi/icons/protocols/raydium,https://raydium.io
raydium-amm,8aDaBQkTrS6HVMjyc6EZebgdiaXhLYGriDWKWWp1NpFF,TSLAX-USDC,2.56,2.56,0.0,1871647,,314c6cb3-b2d1-4262-9b16-1c1db245b262,-29.0,-1.87,-37.67,https://icons.llamao.fi/icons/protocols/raydium,https://raydium.io
orca-dex,4tJW2axbTxtT6nKbjB5pZwePtW84cB7E1B6tdCCLGfrC,HYUSD-USDC,0.50149,0.50149,0.0,1861693,,e9e0d806-6138-4591-9ba5-6f63848d4345,-0.10341,0.34573,-1.34063,https://icons.llamao.fi/icons/protocols/orca-dex,https://www.orca.so
project-0,8LaUZadNqtzuCG7iCvZd7d5cbquuYfv19KjAg6GPuuCb,JUPSOL,0.00293,0.00293,0.0,1831391,,6b768bcd-072b-4c19-aeec-4203ec62264b,0.0,0.00012,0.0,https://icons.llamao.fi/icons/protocols/project-0,https://app.0.xyz
kamino-lend,febGYTnFX4GbSGoFHFeJXUHgNaK53fB23uDins9Jp1E,ETH,0.18592,0.18592,0.0,1830734,,1290c9f5-e71c-4152-b3e8-d5f2c120e2e9,0.00043,0.07554,-2.24462,https://icons.llamao.fi/icons/protocols/kamino-lend,https://kamino.com/
loopscale,5yzgSykytMEzroWg27gDa13rtzbjVxid3ax5KM4weMp9,USDG,2.86329,2.86329,0.0,1818760,,4fe0028e-6173-4b3f-8afd-294dbd7598b9,-0.3908,-0.64245,-1.65902,https://icons.llamao.fi/icons/protocols/loopscale,https://loop.sl
raydium-amm,7U2apS8QLnKpi1GSBKB7iNBDSem36z58ptdtdKeeWpkF,USDC-BOO!,0.21014,0.06,0.15014,1796387,FnVo7TU1hZP5hYznymxSVUWXN8SLeX9MK92MRa1CPXfq,4eb08a53-a533-557e-a097-359aa95c64e1,0.0,-0.0744,0.0,https://icons.llamao.fi/icons/protocols/raydium,https://raydium.io
save,Ag7UiqS5kqcsjNFWQfeUAiEXo27auFvdwLVJQwzYCBkZ,CBBTC,0.19,0.19,0.0,1791375,,e8240a64-054e-40bd-8ead-e4dfcae30b3b,0.02,0.02,0.05,https://icons.llamao.fi/icons/protocols/save,https://www.save.finance/
raydium-amm,Q2sPHPdUWFMg7M7wwrQKLrn619cAucfRsmhVJffodSp,WSOL-USELESS,13.84,13.84,0.0,1752983,,99d4b1c8-9e7b-45d7-8603-260d9846866c,1.2,-10.3,-10.9,https://icons.llamao.fi/icons/protocols/raydium,https://raydium.io
gmtrade,59uFARJWg7B8wcEuXzvkafiT4DuKemdNCN5bshDbwun9,USDJPY-USDC,114.5866,114.5866,0.0,1729889,,852b494e-a92c-4e87-94c8-ea4f498d9463,-0.00151,53.32945,78.50467,https://icons.llamao.fi/icons/protocols/gmtrade,https://gmtrade.xyz
raydium-amm,G39wywquKbHK8F2wZZZFX3fcsyG91VCCbbr6WEVp5axy,CRCLX-USDC,1.09,1.09,0.0,1683136,,e480f2c3-9422-441c-8901-9c32ab359447,-5.32,-1.94,-20.52,https://icons.llamao.fi/icons/protocols/raydium,https://raydium.io
raydium-amm,2uoKbPEidR7KAMYtY4x7xdkHXWqYib5k4CutJauSL3Mc,WSOL-JITOSOL,0.48,0.48,0.0,1677456,,ce89c76d-e6d5-4de0-9706-df3f33d309c7,-0.01,-3.06,-3.51,https://icons.llamao.fi/icons/protocols/raydium,https://raydium.io
gmtrade,59uFARJWg7B8wcEuXzvkafiT4DuKemdNCN5bshDbwun9,USDMXN-USDC,73.08615,73.08615,0.0,1670381,,0c99a34a-15b7-4ac4-bb35-3bc1f7acb7d4,-0.07528,-7.85004,50.25501,https://icons.llamao.fi/icons/protocols/gmtrade,https://gmtrade.xyz
gmtrade,59uFARJWg7B8wcEuXzvkafiT4DuKemdNCN5bshDbwun9,GBP-USDC,78.29638,78.29638,0.0,1667578,,ebacb759-c8a7-4d4f-8b4d-f61961dfdf8d,-0.00104,3.34776,50.80993,https://icons.llamao.fi/icons/protocols/gmtrade,https://gmtrade.xyz
kamino-liquidity,8oGwRYRabLZATW2aKavujRPzFT72FAP8nVsiXdAZvpd,PST-USDC,0.1997,0.1997,0.0,1661526,,93c0c806-6d48-4899-bc63-4505e4ffcd15,0.1997,0.00152,0.1997,https://icons.llamao.fi/icons/protocols/kamino-liquidity,https://kamino.com/liquidity
kamino-lend,J7idSfhvLqdkSmbMvhHMXBAhZMJVxEtzqXo45JB9HZrP,RKUSOL,0.0,0.0,0.0,1638742,,81d7a3f7-c9ab-48dc-80a4-9aabcc5800ec,0.0,0.0,0.0,https://icons.llamao.fi/icons/protocols/kamino-lend,https://kamino.com/
jupiter-lend,9rpaP6aoropizXiFKWRqJqTyHVZiQ2CcbXg3vcAbQ3hd,DFDVSOL,0.0,0.0,0.0,1617315,,fb68b7f8-6140-4fff-8656-47a50accce2b,0.0,0.0,0.0,https://icons.llamao.fi/icons/protocols/jupiter-lend,https://jup.ag/?ref=f6y1ryr2snn3
raydium-amm,GuUmcm8KPbYo9gnsZn8Rg8MhiP2GBa42k7qm33zwQmBs,WSOL-ECR,1.22,1.22,0.0,1601388,,c0e0fbb1-802c-45a3-9b58-3a4f99703e1b,0.08,0.92,-10.13,https://icons.llamao.fi/icons/protocols/raydium,https://raydium.io
raydium-amm,9t1H1uDJ558iMPNkEPSN1fqkpC4XSPQ6cqSf6uEsTfTR,SPX-WSOL,2.03,2.03,0.0,1573306,,e7187b64-b5f9-43cb-a2be-c101b72873bc,-1.89,-3.89,-15.82,https://icons.llamao.fi/icons/protocols/raydium,https://raydium.io
gmtrade,59uFARJWg7B8wcEuXzvkafiT4DuKemdNCN5bshDbwun9,AUD-USDC,98.48523,98.48523,0.0,1550503,,89a32356-56ea-4287-a6f4-f866d1ad9f13,-0.00131,15.40779,67.31087,https://icons.llamao.fi/icons/protocols/gmtrade,https://gmtrade.xyz
orca-dex,HD8i7qr1hd9ida6sN71RbkLxbWcbvZS4NA5CY6vfcDpj,JLP-USDC,2.04907,2.04907,0.0,1529836,,99306789-b083-4668-86da-4cedb1c9bfef,-0.58412,-1.31448,-16.85354,https://icons.llamao.fi/icons/protocols/orca-dex,https://www.orca.so
loopscale,U1h9yhtpZgZsgVzMZe1iSpa6DSTBkSH89Egt59MXRYe,SOL,3.41219,3.41219,0.0,1525485,,6b824912-fb93-469c-ab3c-8cdcf7bb13a8,0.03821,-1.3226,-1.40286,https://icons.llamao.fi/icons/protocols/loopscale,https://loop.sl
kamino-liquidity,HCntzqDU5wXSWjwgLQP5hqh3kLHRYizKtPErvSCyggXd,SOL-JITOSOL,0.75709,0.75709,0.0,1500009,,fdcccd6a-a491-4c30-8024-5677bd3f0993,0.25114,0.32073,-2.3557,https://icons.llamao.fi/icons/protocols/kamino-liquidity,https://kamino.com/liquidity
raydium-amm,GUWFT7bbLphGrcpAPnnEnBbe1uErv9e6LLC2qPx2wZy1,USDC-BIRB,2.24,2.24,0.0,1499533,,e65da47e-838a-4247-b01e-60b8bd9bdc1a,-1.99,1.84,-19.44,https://icons.llamao.fi/icons/protocols/raydium,https://raydium.io
pico-staked-sol,,PICOSOL,5.52039,5.52039,0.0,1497043,,924e2834-3086-439e-b10d-8b55e1acaa29,0.0,-0.08806,-0.71782,https://icons.llamao.fi/icons/protocols/pico-staked-sol,https://pico-sol.com
jupiter-lend,9ewVy9vTQ1R5Kgp5VDaygXU59z1k6H3AZhoaNyeKMYEr,SPYX,0.0,0.0,0.0,1488777,,f70ced93-ac20-4619-a86a-834cae2f9a46,0.0,-2.02008,-2.02008,https://icons.llamao.fi/icons/protocols/jupiter-lend,https://jup.ag/?ref=f6y1ryr2snn3
raydium-amm,BxRhW4q1wTRwJkJ1C4NR4yJCRL2uusoju4g1bVenspZK,MPLX-WSOL,4.85,4.85,0.0,1433903,,9ddc1804-8adf-42a8-bc45-8d34bcc5c4ca,1.28,-1.91,-66.64,https://icons.llamao.fi/icons/protocols/raydium,https://raydium.io
lantern-staked-sol,,LANTERNSOL,6.04509,6.04509,0.0,1431222,,3acae3f1-94fe-4a48-a4bf-5669e06dc259,0.0,-0.08876,0.02505,https://icons.llamao.fi/icons/protocols/lantern-staked-sol,https://www.lantern.one/
orca-dex,3XLkRVg69AgwKAbnSjJpm3PB4QgVeXFEjiXfw5shWMBT,SOL-PSOL,0.13386,0.13386,0.0,1414704,,f77695be-107f-40d3-9414-f718c459f225,0.09347,0.11539,-0.03473,https://icons.llamao.fi/icons/protocols/orca-dex,https://www.orca.so
kamino-liquidity,8VqeQzBtVoF9wCmVpeWPx4ctZR7wKBKPmZL5L6i5QVrW,MPLX-SOL,0.0,0.0,0.0,1414266,,81145e15-5eee-437e-9d72-a61932ce35c0,0.0,0.0,0.0,https://icons.llamao.fi/icons/protocols/kamino-liquidity,https://kamino.com/liquidity
jupiter-lend,nMzVs8GiXMVUENEwkev7JZfDcCENmz18ScheeVRdnb1,WSOL,4.19539,4.19539,0.0,1411845,,f315d401-2271-4134-a470-3eb872a596af,-0.03126,0.15616,-0.12509,https://icons.llamao.fi/icons/protocols/jupiter-lend,https://jup.ag/?ref=f6y1ryr2snn3
raydium-amm,58fzJMbX5PatnfJPqWWsqkVFPRKptkbb5r2vCw4Qq3z9,WSOL-VINE,9.25,9.25,0.0,1345866,,470dd76d-850f-49db-861a-0f675735ec57,0.46,3.48,-4.37,https://icons.llamao.fi/icons/protocols/raydium,https://raydium.io
jupiter-lend,7whadCYBxcbDiksLq9wW2JANDwsaZaKqqnaSbqgb8jnt,JUPSOL,0.0,0.0,0.0,1337345,,ae0a4689-ee25-4428-9d56-8ed0bf4277d9,0.0,0.0,0.0,https://icons.llamao.fi/icons/protocols/jupiter-lend,https://jup.ag/?ref=f6y1ryr2snn3
gmtrade,59uFARJWg7B8wcEuXzvkafiT4DuKemdNCN5bshDbwun9,ETH-USDC,195.97972,195.97972,0.0,1336670,,219f98b1-ce4a-4d73-8887-2c13025ed868,8.43172,-2.33712,91.20405,https://icons.llamao.fi/icons/protocols/gmtrade,https://gmtrade.xyz
jupiter-lend,2F1ish76zdWCLMtmcsXAisem4198Qh3UYZFE7ABgBsS6,LBTC,0.0,0.0,0.0,1334852,,33fa26f6-c6d4-4e0c-a1ed-197eb44dee96,0.0,0.0,0.0,https://icons.llamao.fi/icons/protocols/jupiter-lend,https://jup.ag/?ref=f6y1ryr2snn3
gmtrade,59uFARJWg7B8wcEuXzvkafiT4DuKemdNCN5bshDbwun9,USDCHF-USDC,109.13621,109.13621,0.0,1333180,,7013e916-6e62-4132-acef-53920e643693,-0.00144,15.93435,82.96196,https://icons.llamao.fi/icons/protocols/gmtrade,https://gmtrade.xyz
tramplin.io,,SOL,3.46752,3.46752,0.0,1324435,,7d1c32db-276c-4f72-9e32-c325e4def8e4,-0.00151,-0.00843,-0.07641,https://icons.llamao.fi/icons/protocols/tramplin.io,https://tramplin.io/
jupiter-lend,DchXYJwVjPaEUxCiySXVbNyNppAFbQM7Ku76uKvyaDNT,JLP,0.0,0.0,0.0,1317898,,f03df994-81f5-468d-9f65-6866c91590ce,0.0,0.0,0.0,https://icons.llamao.fi/icons/protocols/jupiter-lend,https://jup.ag/?ref=f6y1ryr2snn3
gmtrade,59uFARJWg7B8wcEuXzvkafiT4DuKemdNCN5bshDbwun9,EUR-USDC,73.96904,73.96904,0.0,1296221,,9503cfc7-5b20-4c77-bc16-df72263bd907,-0.00098,17.79997,43.91605,https://icons.llamao.fi/icons/protocols/gmtrade,https://gmtrade.xyz
kamino-lend,BnYNV7TdhwASUab7mQCRhzHvasjp8o8xmmvVtKnPe3Zi,USDC,1.3546,1.3546,0.0,1295100,,be594f62-06b5-4545-b062-8c8c08c4c0d2,3e-05,-0.00627,-0.89314,https://icons.llamao.fi/icons/protocols/kamino-lend,https://kamino.com/
save,Aj3MjwEeAcT5Phan6unxbpKYR8Jx1bNZUoWxA59yg1cF,JUPSOL,0.0,0.0,0.0,1285213,,7cb86e13-da5a-44a8-8ad4-be52fdeada68,0.0,0.0,0.0,https://icons.llamao.fi/icons/protocols/save,https://www.save.finance/
kamino-lend,J5oj3VKWQNKRZx3heWZx7JZC59AEDQ9UQwqqiy63nCuf,LANTERNSOL,0.0,0.0,0.0,1281875,,37eafe79-0c75-4f95-8daa-3985e7958fe7,0.0,0.0,0.0,https://icons.llamao.fi/icons/protocols/kamino-lend,https://kamino.com/
raydium-amm,4xxM4cdb6MEsCxM52xvYqkNbzvdeWWsPDZrBcTqVGUar,GIGA-WSOL,5.71,5.71,0.0,1278911,,10a72779-843e-4491-a9f6-7bc81e452193,-0.25,-5.11,-11.52,https://icons.llamao.fi/icons/protocols/raydium,https://raydium.io
orca-dex,G2FiE1yn9N9ZJx5e1E2LxxMnHvb1H3hCuHLPfKJ98smA,JTO-JITOSOL,9.4734,9.4734,0.0,1276437,,cc5c8175-bdfa-442f-870b-6f2cdec94854,-3.82452,-0.43875,-39.03352,https://icons.llamao.fi/icons/protocols/orca-dex,https://www.orca.so
kamino-lend,6gTJfuPHEg6uRAijRkMqNc9kan4sVZejKMxmvx2grT1p,SOL,4.16942,4.16942,0.0,1270752,,8b490ecc-e4db-427d-adfb-18be6146a07c,0.7112,-0.34809,0.43255,https://icons.llamao.fi/icons/protocols/kamino-lend,https://kamino.com/
raydium-amm,Hga48QXtpCgLSTsfysDirPJzq8aoBPjvePUgmXhFGDro,WSOL-WOULD,0.55,0.55,0.0,1249565,,71b80fb4-50bc-4e0a-b01f-f60cb59fb859,-1.08,-0.11,-2.8,https://icons.llamao.fi/icons/protocols/raydium,https://raydium.io
orca-dex,4v8ufj8Hj7UvFgtofQJAtzUud5xomwZfEqfCTHZ4wM72,CBBTC-WBTC,0.68989,0.68989,0.0,1246157,,42dc3364-dd6b-47e7-a2e3-f4907bb3b5d2,-2.31308,0.26991,-6.46528,https://icons.llamao.fi/icons/protocols/orca-dex,https://www.orca.so
raydium-amm,3nMFwZXwY1s1M5s8vYAHqd4wGs4iSxXE4LRoUMMYqEgF,WSOL-USDT,4.82,4.82,0.0,1230696,,36439c60-452b-434f-8c62-651060e7dd55,-5.93,-2.4,-29.72,https://icons.llamao.fi/icons/protocols/raydium,https://raydium.io
orca-dex,31KrYUDzgEQhEgr1JSNVfHAknWACcF97CtUaU8enKQsy,SOL-HYPE,21.03206,21.03206,0.0,1207307,,8c53e65a-ca01-4b5c-88ab-3914ea425a78,-27.63742,2.77455,-59.88958,https://icons.llamao.fi/icons/protocols/orca-dex,https://www.orca.so
kamino-lend,JBmLCoKqjdKSStK45onRqe6U6sxVgSpdXoeXe4h7NwJw,USDG,7.4456,7.4456,0.0,1192679,,d43d4478-f785-41ab-9bd0-6d48f75c84a1,0.04893,-0.01774,-0.3563,https://icons.llamao.fi/icons/protocols/kamino-lend,https://kamino.com/
kamino-lend,Cwy2WJoswCMyfPtWTrmiaDLXC3phz3qwr1TaT4kaSAyD,MSTRX,0.0,0.0,0.0,1187465,,9030e8a7-9223-48d6-93ae-f2e3082ffbbf,0.0,0.0,0.0,https://icons.llamao.fi/icons/protocols/kamino-lend,https://kamino.com/
gmtrade,59uFARJWg7B8wcEuXzvkafiT4DuKemdNCN5bshDbwun9,NZD-USDC,72.39145,72.39145,0.0,1185060,,399d9968-ff94-47fd-83ee-2a9852e0a9a6,0.01722,-7.64003,52.70137,https://icons.llamao.fi/icons/protocols/gmtrade,https://gmtrade.xyz
kamino-lend,6A8D3ExQ4CdiZTBmij7MScUeKsgs6mSHksYzJbiY61FM,PYUSD,3.07635,3.07635,0.0,1184447,,e09caefd-6ec3-5e4b-bbb7-9c7c3b752483,-0.03685,0.0,0.0,https://icons.llamao.fi/icons/protocols/kamino-lend,https://kamino.com/
project-0,BKsfDJCMbYep6gr9pq8PsmJbb5XGLHbAJzUV8vmorz7a,WBTC,0.17102,0.17102,0.0,1179588,,f1bb1380-6aca-456e-ad20-349463ccfb4b,2e-05,-0.00416,0.0,https://icons.llamao.fi/icons/protocols/project-0,https://app.0.xyz
raydium-amm,CpsMssqi3P9VMvNqxrdWVbSBCwyUHbGgNcrw7MorBq3g,WSOL-GRIFFAIN,11.2,11.2,0.0,1174800,,9299b1ab-2c25-4032-bc90-f6f620373e0b,3.78,3.88,-5.72,https://icons.llamao.fi/icons/protocols/raydium,https://raydium.io
jupiter-lend,7whadCYBxcbDiksLq9wW2JANDwsaZaKqqnaSbqgb8jnt,JUPSOL,0.0,0.0,0.0,1173405,,b48cf654-f91e-4535-b507-be679d38850b,0.0,0.0,0.0,https://icons.llamao.fi/icons/protocols/jupiter-lend,https://jup.ag/?ref=f6y1ryr2snn3
raydium-amm,9Tb2ohu5P16BpBarqd3N27WnkF51Ukfs8Z1GzzLDxVZW,WSOL-GOAT,11.49,11.49,0.0,1159094,,f840ec7e-3d8c-40ea-b761-66515f8f17b9,3.55,7.3,3.32,https://icons.llamao.fi/icons/protocols/raydium,https://raydium.io
raydium-amm,HL4KFTfhZZMm7NGefszQxzJ3M6CaDWE7TesyuRuQYmMJ,WSOL-SWARMS,12.75,12.75,0.0,1149083,,25cb3610-4aae-43dc-8773-fe13bdec9eb2,-2.02,6.07,4.76,https://icons.llamao.fi/icons/protocols/raydium,https://raydium.io
orca-dex,4fuUiYxTQ6QCrdSq9ouBYcTM7bqSwYTSyLueGZLTy4T4,USDC-USDT,0.47357,0.47357,0.0,1146835,,6aa870e3-1950-4344-ab24-3543a10418c5,-5.05276,-0.40387,-5.0508,https://icons.llamao.fi/icons/protocols/orca-dex,https://www.orca.so
raydium-amm,AB1eu2L1Jr3nfEft85AuD2zGksUbam1Kr8MR3uM2sjwt,WSOL-FWOG,1.41,1.41,0.0,1136587,,f4b95102-0632-4d7f-899c-65b9b941590c,-0.69,-1.66,-2.03,https://icons.llamao.fi/icons/protocols/raydium,https://raydium.io
raydium-amm,F9vVRg1uMyh2a3gHcpfuCGcTePRsNi7H7cvKgB8D48gN,XRP-USDC,0.07,0.07,0.0,1133861,,06a72d18-1db3-4ace-8c86-c8ed4c45884d,-0.04,-0.08,-0.22,https://icons.llamao.fi/icons/protocols/raydium,https://raydium.io
orca-dex,3ndjN1nJVUKGrJBc1hhVpER6kWTZKHdyDrPyCJyX3CXK,KMNO-USDC,0.02119,0.02119,0.0,1123358,,655490fe-d1d9-43b2-9e18-5aa12a046e71,-0.02047,0.00523,-1.64817,https://icons.llamao.fi/icons/protocols/orca-dex,https://www.orca.so
jupiter-lend,uV8jxLFC4kMLEDcMhzbq4wBag2LcFpk1cTEEjUaxPzT,SYRUPUSDC,0.0,0.0,0.0,1121885,,f22d2f92-347c-4be4-89e8-5b8735853d96,0.0,0.0,0.0,https://icons.llamao.fi/icons/protocols/jupiter-lend,https://jup.ag/?ref=f6y1ryr2snn3
kamino-liquidity,2C5FyRDjmyXtjVexAMKBXt5gua6RuZCiZcaPWhMg3p49,KMNO-USDC,0.0,0.0,0.0,1121557,,396b18a3-8121-4e89-bfec-4cff488ebe1c,0.0,0.0,-1.14745,https://icons.llamao.fi/icons/protocols/kamino-liquidity,https://kamino.com/liquidity
raydium-amm,9ViX1VductEoC2wERTSp2TuDxXPwAf69aeET8ENPJpsN,WSOL-AURA,3.3,3.3,0.0,1121144,,c2f18cd1-e4e6-4ecd-aec5-e078505c69e7,0.86,1.47,-4.73,https://icons.llamao.fi/icons/protocols/raydium,https://raydium.io
raydium-amm,78sBWyimVhLumzZg1bdMD6ogGig8QpmgYZqCXNyMxx4z,WSOL-UFD,2.02,2.02,0.0,1117257,,ce002fb5-1b0e-4a72-af43-a800228e83e8,-2.9,-1.17,-0.27,https://icons.llamao.fi/icons/protocols/raydium,https://raydium.io
raydium-amm,5uTwG3y3F5cx4YkodgTjWEHDrX5HDKZ5bZZ72x8eQ6zE,PONKE-WSOL,2.28,2.28,0.0,1112630,,ac66514d-8133-45a3-b317-2a2ae2ecd82e,0.74,-1.64,-2.29,https://icons.llamao.fi/icons/protocols/raydium,https://raydium.io
kamino-lend,HRqCpwgsHBqHWqyuaf683cvPaWJgJf6fGuTWQVv1YZaC,INF,0.0,0.0,0.0,1105491,,7c4c667b-6e65-4c26-981d-95452619a96a,0.0,0.0,0.0,https://icons.llamao.fi/icons/protocols/kamino-lend,https://kamino.com/
raydium-amm,B4PHSkL6CeZbxVqm1aUPQuVpc5ERFcaZj7u9dhtphmVX,WSOL-ACT,7.05,7.05,0.0,1101383,,804a0c7b-7eb7-4b75-b066-4c568704fefe,-3.09,-5.51,-12.61,https://icons.llamao.fi/icons/protocols/raydium,https://raydium.io
raydium-amm,AVs9TA4nWDzfPJE9gGVNJMVhcQy3V9PGazuz33BfG2RA,WSOL-RAY,7.7,7.7,0.0,1070001,,8161ea57-0353-485d-9ebd-c43ba4fbc7ae,0.16,2.28,-57.15,https://icons.llamao.fi/icons/protocols/raydium,https://raydium.io
kamino-lend,7272BNf9uoivyX5h8B7799yoxSfF4WDuzcP7HDwSPLqN,PT-RKUSOL-31OCT26,0.0,0.0,0.0,1060414,,0fc104fe-d8ce-442e-870d-6153ecf9ed76,0.0,0.0,0.0,https://icons.llamao.fi/icons/protocols/kamino-lend,https://kamino.com/
kamino-liquidity,8DRToyNBUTR4MxqkKAP49s9z1JhotQWy3rMQKEw1HHdu,JTO-JITOSOL,6.15187,6.15187,0.0,1056709,,059175e4-9cc8-4703-944f-b54ecaf02f00,-3.24877,2.18046,-29.35838,https://icons.llamao.fi/icons/protocols/kamino-liquidity,https://kamino.com/liquidity
raydium-amm,3StRTirjFuy2bweKyLg9n9HQwk31q1r6pLfSHyeueuNn,TRUEX-USDC,0.17,0.17,0.0,1049562,,efc2e25c-3b25-4b44-889e-56a7f44e56d3,-0.36,-1.05,-0.35,https://icons.llamao.fi/icons/protocols/raydium,https://raydium.io
raydium-amm,EWivkwNtcxuPsU6RyD7Pfvs7u9Yv8nQ79tJ7xgGyPrp6,USX-USDC,0.11,0.11,0.0,1026127,,89101a75-3f6d-4093-bfdc-187a19cae15c,-0.38,0.07,0.05,https://icons.llamao.fi/icons/protocols/raydium,https://raydium.io
orca-dex,B5EwJVDuAauzUEEdwvbuXzbFFgEYnUqqS37TUM1c4PQA,SOL-WBTC,7.98838,7.98838,0.0,1014813,,ab47588f-831d-489b-9520-095663bbea59,-2.0943,3.08459,-23.31098,https://icons.llamao.fi/icons/protocols/orca-dex,https://www.orca.so
orca-dex,BofA2ViUSudPBTUms2KRuG6AHNeMawjNfwqTJDgx5BKW,SOL-PUMP,75.80886,75.80886,0.0,1002936,,c9e701f0-b82a-49d6-9da7-5955ef20157b,-44.42837,30.30372,-72.5278,https://icons.llamao.fi/icons/protocols/orca-dex,https://www.orca.so
orca-dex,6a3m2EgFFKfsFuQtP4LJJXPcAe3TQYXNyHUjjZpUxYgd,SOL-JLP,5.75566,5.75566,0.0,1002433,,78028d3d-d3f5-4917-afb2-29abed034057,-0.60855,2.0527,-19.48953,https://icons.llamao.fi/icons/protocols/orca-dex,https://www.orca.so
raydium-amm,93tjgwff5Ac5ThyMi8C4WejVVQq4tuMeMuYW1LEYZ7bu,WSOL-CHILLGUY,9.92,9.92,0.0,999697,,1e958818-9a22-46b0-8567-12cb34fb4eb1,-8.95,-48.22,-0.33,https://icons.llamao.fi/icons/protocols/raydium,https://raydium.io
project-0,DeyH7QxWvnbbaVB4zFrf4hoq7Q8z1ZT14co42BGwGtfM,BONK,0.00059,0.00059,0.0,990637,,f3f68d42-9e1c-4c7c-b01c-bf35e1ac757f,1e-05,1e-05,0.0,https://icons.llamao.fi/icons/protocols/project-0,https://app.0.xyz
raydium-amm,6eqxMn5wxwBfkA9pH5sfq94Bc3zZEWGrwLNSMrefUjaP,SKHY-USDC,24.28,24.28,0.0,959831,,2e706a8c-9bce-5e88-9640-d322a70130a5,-139.99,15.47,0.0,https://icons.llamao.fi/icons/protocols/raydium,https://raydium.io
raydium-amm,GjvW8JQSpKG5ogjyD3zozfaeJSShTajS5ZFrexT8L12k,WSOL-AVA,22.37,22.37,0.0,959084,,4ad29d1d-ff76-48fb-ba0e-a88dfd71f3e0,10.02,1.55,14.23,https://icons.llamao.fi/icons/protocols/raydium,https://raydium.io
project-0,EdB7YADw4XUt6wErT8kHGCUok4mnTpWGzPUU9rWDebzb,JTO,0.02101,0.02101,0.0,950742,,168aeeff-71df-47ef-83b8-62701e813305,0.00028,-0.00255,0.0,https://icons.llamao.fi/icons/protocols/project-0,https://app.0.xyz
raydium-amm,DVa7Qmb5ct9RCpaU7UTpSaf3GVMYz17vNVU67XpdCRut,RAY-USDT,2.04,2.04,0.0,928128,,3fe5a196-8a15-4f74-ba76-6625f7985773,-0.67,1.06,-13.92,https://icons.llamao.fi/icons/protocols/raydium,https://raydium.io
raydium-amm,8aDaBQkTrS6HVMjyc6EZebgdiaXhLYGriDWKWWp1NpFF,TSLAX-USDC,0.91,0.91,0.0,927746,,37cd8913-83bd-4d9d-a28b-b354ee1743b4,-13.14,-1.7,-48.59,https://icons.llamao.fi/icons/protocols/raydium,https://raydium.io
raydium-amm,Fc6NsEMazYGWWQCR6UQSSx8AXV85Qcoa5taJmRbHgZvy,SEAS-USDC,0.37,0.37,0.0,916186,,eae7f4a4-d314-4e17-9cea-d17e3e551d1a,-0.25,-0.16,-0.03,https://icons.llamao.fi/icons/protocols/raydium,https://raydium.io
project-0,Guu5uBc8k1WK1U2ihGosNaCy57LSgCkpWAabtzQqrQf8,JUP,0.00573,0.00573,0.0,905509,,d946f451-2368-4911-889a-9e12ce14d4d0,1e-05,1e-05,0.0,https://icons.llamao.fi/icons/protocols/project-0,https://app.0.xyz
raydium-amm,9tz6vYKiBDLYx2RnGWC5tESu4pyVE4jD6Tm56352UGte,GME-WSOL,8.72,8.72,0.0,904909,,80074ed7-393e-4416-b5c6-e761cf285169,5.96,7.69,5.66,https://icons.llamao.fi/icons/protocols/raydium,https://raydium.io
jupiter-lend,Dnrc3CxMiDbcLPNaDVFZKf8SapkbQE6Az2obcKfWwBke,NVDAX,0.0,0.0,0.0,904626,,f4effa22-e824-43f7-9a12-e315ce374d37,0.0,-1.005,-1.005,https://icons.llamao.fi/icons/protocols/jupiter-lend,https://jup.ag/?ref=f6y1ryr2snn3
laine-sol,,LAINESOL,4.73105,4.73105,0.0,900938,,e04a81c8-b419-4088-aff2-636076299fc9,-0.00208,0.00942,-0.05262,https://icons.llamao.fi/icons/protocols/laine-sol,https://stake.laine.one
kamino-lend,H3t6qZ1JkguCNTi9uzVKqQ7dvt2cum4XiXWom6Gn5e5S,USDT,4.1732,4.1732,0.0,885588,,546b3c0c-138d-4190-b46b-efa1765f1dd3,0.34174,0.15739,0.72186,https://icons.llamao.fi/icons/protocols/kamino-lend,https://kamino.com/
kamino-lend,3gJZGXg9h4HgG14q91sFwgNCPbWPWLu7dshd6iHDdaPr,STRCX,0.0,0.0,0.0,868663,,7bd7291f-dd93-4903-84b9-510761cf7bb2,0.0,0.0,0.0,https://icons.llamao.fi/icons/protocols/kamino-lend,https://kamino.com/
openeden-usdo,,CUSDO,3.08462,3.08462,0.0,862397,,12169161-7815-4160-bd77-a4202cf7c2c1,-0.00027,-0.00183,-0.00784,https://icons.llamao.fi/icons/protocols/openeden-usdo,https://openeden.com/usdo
project-0,Amtw3n7GZe5SWmyhMhaFhDTi39zbTkLeWErBsmZXwpDa,JLP,0.0153,0.0153,0.0,861650,,f944b079-d522-4743-91d8-b593850df87f,-0.00153,-0.00173,0.0,https://icons.llamao.fi/icons/protocols/project-0,https://app.0.xyz
orca-dex,Tuy6gMupGQN7wCZ8rVP1EuLRYB132VSo9Smy4AJvQgn,SOL-FARTCOIN,43.4071,43.4071,0.0,851297,,c77ca0bf-41cd-48d9-8b25-9804ee98b142,-2.36695,3.06991,-123.57785,https://icons.llamao.fi/icons/protocols/orca-dex,https://www.orca.so
kyros,,KYJTO,0.92667,0.92667,0.0,851283,,aaa2c1f0-2651-4261-8efb-9090a37fe091,0.0,-0.04186,-0.16476,https://icons.llamao.fi/icons/protocols/kyros,https://kyros.fi
raydium-amm,9v8YkFgSZYRFKg4nA5jHeaDWwrpqrq4Qy4JmxKZ8Lepz,WSOL-PRIZE,0.06,0.06,0.0,841811,,8526d872-2e67-4f2b-bbfd-2b47263d30cf,-0.2,0.02,-0.09,https://icons.llamao.fi/icons/protocols/raydium,https://raydium.io
jupiter-lend,EdepRi812J9QcPjaCiRq8UZ56b4WPWWr2BKis8XtAP7H,QQQX,0.0,0.0,0.0,829052,,00bae807-a7dc-4fb5-995d-b579f0eb1455,0.0,-2.02008,-2.02008,https://icons.llamao.fi/icons/protocols/jupiter-lend,https://jup.ag/?ref=f6y1ryr2snn3
kamino-lend,Fqjbo3L4NAyzPcy6swv1XXLm1c7tUTKWMDkjCo9mfSDq,BNSOL,0.0,0.0,0.0,813741,,9be6dc37-9e38-4913-a13c-1b838200322d,0.0,0.0,0.0,https://icons.llamao.fi/icons/protocols/kamino-lend,https://kamino.com/
jupiter-lend,2L6xsj9zKbvxALDroGQHmPx2kCw8RqZ8yru4zceUoB6k,CBBTC,0.0,0.0,0.0,812908,,3e3fad69-e208-4d7c-b539-197d10e2373e,0.0,0.0,0.0,https://icons.llamao.fi/icons/protocols/jupiter-lend,https://jup.ag/?ref=f6y1ryr2snn3
raydium-amm,zcdAw3jpcqEY8JYVxNVMqs2cU35cyDdy4ot7V8edNhz,WSOL-DADDY,4.68,4.68,0.0,802863,,0bd02d7a-7bf4-4f3b-b1e9-bd8439482418,0.62,-0.4,-5.88,https://icons.llamao.fi/icons/protocols/raydium,https://raydium.io
kamino-lend,4QKFoFDzNFnvfkzVazABbCEfMwd3y1pZqUVzmpnkCphj,USDC,5.17186,5.17186,0.0,799198,,8a6cf606-e8e5-412f-9aad-da512327582a,-0.07589,-0.54072,-3.45991,https://icons.llamao.fi/icons/protocols/kamino-lend,https://kamino.com/
save,5JLy3Xpki1thBZfshvGhhw6fSzcwHcJwJxy5peUrVCSH,FLAME,0.0,0.0,0.0,798310,,b4ee753e-aab2-4ebf-86a7-bf63adbc54c7,0.0,0.0,0.0,https://icons.llamao.fi/icons/protocols/save,https://www.save.finance/
orca-dex,5WrgXzWiz93g4L5XBmr3ggMybW5gfL7drNAKoQMgpDHc,TRUMP-USDC,2.50926,2.50926,0.0,793308,,74c68193-f4a6-4ddc-8cff-5ddde5f62d79,-0.33647,0.71596,-1.43095,https://icons.llamao.fi/icons/protocols/orca-dex,https://www.orca.so
raydium-amm,7GzGBjKG8Y326tpiNQ83CA5oePy8qZqfXgz2dLBn7qyq,OTFY-USDC,0.0,0.0,0.0,792498,,3237c68c-add4-5adf-8d9c-00b24bd0c7b0,0.0,0.0,0.0,https://icons.llamao.fi/icons/protocols/raydium,https://raydium.io
starke-staked-sol,,RKSOL,5.63673,5.63673,0.0,790505,,b6dbf329-91dd-443e-bfd6-1340bcd4e1aa,0.0,-0.00756,-0.06085,https://icons.llamao.fi/icons/protocols/starke-staked-sol,https://starke.finance/rksol
raydium-amm,CRoTdDUM3NJGbuvB7Vr9rhmRxnSswMjnTLC1ANjhwsdq,TRUMP-USDC,2.14,2.14,0.0,789074,,98c87de3-9837-4588-8b7e-0771a8c9a795,-0.67,-0.04,-1.62,https://icons.llamao.fi/icons/protocols/raydium,https://raydium.io
kamino-liquidity,819tcubKaRghnpDKnbJhUhyuPFoBMKdTREMoAKBKb7xf,USDS-USDC,0.0,0.0,0.0,785401,,5c2f9476-1fea-4884-b6b5-edcbab442f45,-0.23667,-0.02354,-0.08182,https://icons.llamao.fi/icons/protocols/kamino-liquidity,https://kamino.com/liquidity
jupiter-lend,5bKa8e5yN6KF8qfW8CgsQQ36KTBMYm23QaPBqiZa5b3G,XBTC,0.0,0.0,0.0,768692,,91c83131-e13a-4610-b698-b900e626c6d3,0.0,0.0,0.0,https://icons.llamao.fi/icons/protocols/jupiter-lend,https://jup.ag/?ref=f6y1ryr2snn3
gmtrade,7HPU75j2rNV5RPRQPVN6mQ7sfgWgszBzmVYmAohf7PKN,WSOL-USDC,131.55118,131.55118,0.0,759857,,ea509c79-c0fd-48f8-9371-f5baab08f6d1,9.97074,49.95604,79.27763,https://icons.llamao.fi/icons/protocols/gmtrade,https://gmtrade.xyz
project-0,2s37akK2eyBbp8DZgCm7RtsaEz8eJP3Nxd4urLHQv7yB,USDC,4.83819,4.83819,0.0,759386,,696684da-0982-4270-b7b7-bd9cd9c65687,-0.02145,0.31035,0.0,https://icons.llamao.fi/icons/protocols/project-0,https://app.0.xyz
orca-dex,BMyKzRPegAvXHCPsg1MME6FVBv9C9HxfUHn1veWneg6A,STA-ST,0.0,0.0,0.0,750110,,5d7ae20a-1e3e-4488-ae4d-99ff2924a4f8,0.0,0.0,0.0,https://icons.llamao.fi/icons/protocols/orca-dex,https://www.orca.so
orca-dex,AyopEqi7QjhYbTHsjPyFWRxBS5Q4NaNpbTdLEjLujE5w,ST-STB,0.00559,0.00559,0.0,749275,,f83f201b-8e34-4c23-b566-5559ecbb673d,0.00204,0.00479,0.00196,https://icons.llamao.fi/icons/protocols/orca-dex,https://www.orca.so
raydium-amm,3nMFwZXwY1s1M5s8vYAHqd4wGs4iSxXE4LRoUMMYqEgF,WSOL-USDT,24.15,24.15,0.0,745867,,cdd04383-21ea-45d1-94d6-295e58100559,-5.2,-1.67,-16.32,https://icons.llamao.fi/icons/protocols/raydium,https://raydium.io
jupiter-lend,DchXYJwVjPaEUxCiySXVbNyNppAFbQM7Ku76uKvyaDNT,JLP,0.0,0.0,0.0,742551,,5066f8c9-5447-451e-9ecb-ae6e5f002ca6,0.0,0.0,0.0,https://icons.llamao.fi/icons/protocols/jupiter-lend,https://jup.ag/?ref=f6y1ryr2snn3
jupiter-lend,7whadCYBxcbDiksLq9wW2JANDwsaZaKqqnaSbqgb8jnt,JUPSOL,0.0,0.0,0.0,736788,,85c1ca2f-f5d2-4597-9f10-81d1744e5dd3,0.0,0.0,0.0,https://icons.llamao.fi/icons/protocols/jupiter-lend,https://jup.ag/?ref=f6y1ryr2snn3
jupiter-lend,4L3GLQ8DNRLPC2xjjjAwJ449QFTGouZRZJFHshaLF47b,WBTC,0.0,0.0,0.0,735466,,b460c9a8-8c58-49c6-9075-c8f40699f8cb,0.0,0.0,0.0,https://icons.llamao.fi/icons/protocols/jupiter-lend,https://jup.ag/?ref=f6y1ryr2snn3
kamino-lend,2Xd86oYAuhiKtQMVJBuWvJYxrSippreb46PmehGszpPQ,WBTC,1e-05,1e-05,0.0,718629,,a85bea00-73ab-47b6-bde6-c27f91882322,0.0,0.0,0.0,https://icons.llamao.fi/icons/protocols/kamino-lend,https://kamino.com/
raydium-amm,HCeas2dbSrCrHNuzBVpkuaSz7X3oVu9ekzxMc5ZDsZ4j,WSOL-PYTHIA,3.85,3.85,0.0,712074,,de8f3155-c7e9-4d5f-8497-dc83f4e683be,-0.68,-13.04,-0.28,https://icons.llamao.fi/icons/protocols/raydium,https://raydium.io
raydium-amm,14ikayyXmmi96rNqq6kDWGAUbRWLMTjXbXYTfw2Eey1,GEOD-USDC,0.04,0.04,0.0,708000,,60a759a4-80a3-4003-a4cc-5bc02c143fe5,0.0,0.0,0.0,https://icons.llamao.fi/icons/protocols/raydium,https://raydium.io
raydium-amm,6ipSysvprRVvyAcHUcQc5aeXioBUen9DWivSUx3UfkCS,WSOL-ALNOOR,0.29,0.29,0.0,706299,,25f64d5d-1b9c-4305-b166-10d9c2a01c4e,-0.77,-1.96,-90.56,https://icons.llamao.fi/icons/protocols/raydium,https://raydium.io
jupiter-lend,EdepRi812J9QcPjaCiRq8UZ56b4WPWWr2BKis8XtAP7H,QQQX,0.0,0.0,0.0,704779,,3988eb46-4d83-4d26-9878-655a4a6b4e1a,0.0,-2.02008,-2.02008,https://icons.llamao.fi/icons/protocols/jupiter-lend,https://jup.ag/?ref=f6y1ryr2snn3
kamino-liquidity,CVCsJFoYjN4gxABhuw71buKhGALRbBm5KvVJQcaodVpt,JUP-SOL,14.45774,14.45774,0.0,687153,,2311da1c-3d89-43cb-afdb-e19edfc01b1e,-2.56262,2.95632,-136.41739,https://icons.llamao.fi/icons/protocols/kamino-liquidity,https://kamino.com/liquidity
loopscale,3s3vAaYpwkyjrgzpBRwgSDxpwHPD1jic25mb1VDzM8Rk,USX,2.17179,2.17179,0.0,685158,,8847526a-17a9-46d9-b42d-04617ad31793,-0.01143,-0.07472,0.34485,https://icons.llamao.fi/icons/protocols/loopscale,https://loop.sl
raydium-amm,BmsZE6TkZYskyS1PatPKRyyazGdxWFxdia4BuvLg9AgY,WSOL-BERT,3.15,3.15,0.0,685119,,56f5337d-13a2-4757-ad4c-8175c03a4052,-0.07,-3.75,-2.22,https://icons.llamao.fi/icons/protocols/raydium,https://raydium.io
raydium-amm,6truu3rZuiB9rKQg4VYC3Dt3QwV7DgwGqXrYUcrvnDDE,SPYX-USDC,0.57,0.57,0.0,663705,,bdfbf09f-6f0e-4129-8099-138a78b2ce50,-1.64,0.42,-2.1,https://icons.llamao.fi/icons/protocols/raydium,https://raydium.io
raydium-amm,8EzbUfvcRT1Q6RL462ekGkgqbxsPmwC5FMLQZhSPMjJ3,WSOL-MSOL,0.47,0.47,0.0,659377,,62a15fee-d11c-4291-b566-4d9403a7913f,0.01,0.22,-2.26,https://icons.llamao.fi/icons/protocols/raydium,https://raydium.io
kamino-lend,H8t4gGHEhrWzUXhQevc8A6zJ5Mn5dFwEAU47JbbVJfDs,HYPE,0.0,0.0,0.0,646962,,c8ddc34e-3dd3-5d8b-b04c-b2191cee587c,0.0,0.0,0.0,https://icons.llamao.fi/icons/protocols/kamino-lend,https://kamino.com/
orca-dex,Hxw77h9fEx598afiiZunwHaX3vYu9UskDk9EpPNZp1mG,SOL-ORCA,24.77323,24.77323,0.0,645636,,558efc67-8544-434b-bf15-ea152f5c5e1d,0.51473,-3.13916,-32.75236,https://icons.llamao.fi/icons/protocols/orca-dex,https://www.orca.so
orca-dex,AyopEqi7QjhYbTHsjPyFWRxBS5Q4NaNpbTdLEjLujE5w,ST-STB,0.0,0.0,0.0,641657,,d957ac33-72c8-456e-b4fa-8069e279d9c7,0.0,0.0,0.0,https://icons.llamao.fi/icons/protocols/orca-dex,https://www.orca.so
orca-dex,BMyKzRPegAvXHCPsg1MME6FVBv9C9HxfUHn1veWneg6A,STA-ST,0.0,0.0,0.0,640211,,2febd343-1e3f-460c-b0b4-7cadfb2c8a96,0.0,0.0,0.0,https://icons.llamao.fi/icons/protocols/orca-dex,https://www.orca.so
raydium-amm,RyhF4cksVZY7vcqJpoytHcxcGNKRp27PEGhSnEPpbGv,MSTRX-USDC,6.32,6.32,0.0,637705,,e72ac43f-66a2-4f2b-a08c-6280cd5fe45b,-27.73,3.57,-110.13,https://icons.llamao.fi/icons/protocols/raydium,https://raydium.io
raydium-amm,w7SGmPeXoMCsjvXqgsAmUn56uypyDsjAtsxeVkaiqxa,COINX-USDC,5.58,5.58,0.0,633743,,b561548e-daa8-4945-9d24-e04aafcf5fda,-108.65,1.96,-105.99,https://icons.llamao.fi/icons/protocols/raydium,https://raydium.io
project-0,AwLRW3aPMMftXEjgWhTkYwM9CGBHdtKecvahCJZBwAqY,INF,0.00019,0.00019,0.0,627310,,d2af57f4-a46d-4cb3-9d54-6a76db2c1c8a,0.0,-2e-05,0.0,https://icons.llamao.fi/icons/protocols/project-0,https://app.0.xyz
raydium-amm,DU9dgBU6Yh2JjsYcjtRY21G14dhQxn6Xm5PT949Sa4tA,STRCX-USDC,0.26,0.26,0.0,626281,,c55a300c-3ca8-4b8a-bdaf-ab0d7bb966f3,-0.82,0.16,-5.17,https://icons.llamao.fi/icons/protocols/raydium,https://raydium.io
raydium-amm,49iMatQtoyabsYAQc8GafVq6aeBFVDxSRH44oiatyyw6,NVDAX-USDC,1.32,1.32,0.0,623153,,a8e25ac4-f4d0-412a-a211-62a4e513eca0,-14.76,0.6,-12.63,https://icons.llamao.fi/icons/protocols/raydium,https://raydium.io
project-0,BkUyfXjbBBALcfZvw76WAFRvYQ21xxMWWeoPtJrUqG3z,ETH,0.34944,0.34944,0.0,615655,,37d329c3-483f-416d-97fd-58e6af764d49,5e-05,0.03647,0.0,https://icons.llamao.fi/icons/protocols/project-0,https://app.0.xyz
raydium-amm,9eXUhJK16kb7hSLe4HYx65gvNEtCSTQ9LP8bwv8NXjGc,LTC-USDC,0.03,0.03,0.0,605033,,97ad0a47-8457-571a-8615-2a9e4917c8f5,0.0,0.0,0.0,https://icons.llamao.fi/icons/protocols/raydium,https://raydium.io
kamino-liquidity,2dczcMRpxWHZTcsiEjPT4YBcSseTaUmWFzw24HxYMFod,SOL-MSOL,0.47161,0.47161,0.0,598237,,6c8e2a69-4396-4d97-9c16-9df2ec8eaabb,-0.00329,0.20827,-2.14088,https://icons.llamao.fi/icons/protocols/kamino-liquidity,https://kamino.com/liquidity
raydium-amm,2Bf5CukCxAXXh8XgE3dkAtcJ3FVymzisxHtxodXsxNTU,USD1-FIH,47.55,47.55,0.0,593510,,5d6f57f4-6b2e-4647-a7b0-1034aab84475,-1.98,41.62,30.31,https://icons.llamao.fi/icons/protocols/raydium,https://raydium.io
raydium-amm,5Guq7ooZFtNju48kVNRzCVJmE9erW4DPcTQyrAk3z4UE,USDC-2Z,1.15,1.15,0.0,588866,,cc9c346a-22e8-46a3-b42f-3f9eac08f354,-0.61,-0.46,-1.79,https://icons.llamao.fi/icons/protocols/raydium,https://raydium.io
gmtrade,59uFARJWg7B8wcEuXzvkafiT4DuKemdNCN5bshDbwun9,NVDA-USDC,48.12077,48.12077,0.0,584150,,8c67811c-fff6-46f7-a5ee-98e735ae28d7,-0.00063,14.32653,15.48152,https://icons.llamao.fi/icons/protocols/gmtrade,https://gmtrade.xyz
gmtrade,7HPU75j2rNV5RPRQPVN6mQ7sfgWgszBzmVYmAohf7PKN,WSOL-USDC,71.25394,71.25394,0.0,583709,,31c86339-2da1-40d0-a8b4-af6e10375634,-5.78557,-18.38067,36.21789,https://icons.llamao.fi/icons/protocols/gmtrade,https://gmtrade.xyz
raydium-amm,HBS7a3br8GMMWuqVa7VB3SMFa7xVi1tSFdoF5w4ZZ3kS,POPCAT-USDC,4.77,4.77,0.0,570347,,db3fb94d-dff9-42ce-8ba8-c5ec524e234e,-4.05,1.37,-20.25,https://icons.llamao.fi/icons/protocols/raydium,https://raydium.io
raydium-amm,969wmqydp6mc8jEL2v7tmpv5PwzWBfqzkmiENne2JBfe,WSOL-YZY,10.14,10.14,0.0,566451,,df090a01-2c9e-46a5-8588-bce979765dff,4.18,7.0,5.25,https://icons.llamao.fi/icons/protocols/raydium,https://raydium.io
orca-dex,KLkoFSdCpC523EmmGyJxmLv1A3itv8ZNiMZwjPmFXuk,SOL-BORG,16.02841,16.02841,0.0,562102,,490a8764-1b70-4d7f-889a-70637e61a21a,2.79651,1.85507,-3.09624,https://icons.llamao.fi/icons/protocols/orca-dex,https://www.orca.so
project-0,Ac4KV5K5isDqtABtg6h5DiwzZMe3Sp9bc3pBiCUvUpaQ,CBBTC,0.0009,0.0009,0.0,553830,,56f377cd-2341-43ab-b636-15264ca084d5,0.0,0.00021,0.0,https://icons.llamao.fi/icons/protocols/project-0,https://app.0.xyz
orca-dex,AyopEqi7QjhYbTHsjPyFWRxBS5Q4NaNpbTdLEjLujE5w,ST-STB,0.00693,0.00693,0.0,551904,,ceba2881-edd1-4941-88a8-c9c4cd590624,0.0026,0.00557,-0.03053,https://icons.llamao.fi/icons/protocols/orca-dex,https://www.orca.so
orca-dex,BMyKzRPegAvXHCPsg1MME6FVBv9C9HxfUHn1veWneg6A,STA-ST,0.0199,0.0199,0.0,551678,,240e21d5-f877-46b1-83ee-d59ea35daba2,0.01004,0.01917,0.00862,https://icons.llamao.fi/icons/protocols/orca-dex,https://www.orca.so
kamino-lend,EMyn5A2HhvYhojiibR3znk5QyafRVnK4oZ725XYzzf2s,SOL,2.91454,2.91454,0.0,551105,,0565790d-844e-4661-98ee-3e71e96b4296,0.00035,0.22876,-1.04009,https://icons.llamao.fi/icons/protocols/kamino-lend,https://kamino.com/
orca-dex,AyopEqi7QjhYbTHsjPyFWRxBS5Q4NaNpbTdLEjLujE5w,ST-STB,0.01306,0.01306,0.0,548276,,b115b25d-56b3-427d-9f02-84bb07337174,0.00614,0.01306,0.0129,https://icons.llamao.fi/icons/protocols/orca-dex,https://www.orca.so
orca-dex,BMyKzRPegAvXHCPsg1MME6FVBv9C9HxfUHn1veWneg6A,STA-ST,0.01388,0.01388,0.0,546199,,5c3504b1-962c-4001-8ebd-869646bd7d43,-0.00498,0.01355,0.00223,https://icons.llamao.fi/icons/protocols/orca-dex,https://www.orca.so
raydium-amm,E7AEy7w3pcTk4xWMwpAEx6Pgsmw9PBFe1EGeGSD5fHDQ,DOG-USDC,0.58,0.58,0.0,538731,,5002328b-b428-446c-ac12-9846c560219f,0.34,0.0,-0.38,https://icons.llamao.fi/icons/protocols/raydium,https://raydium.io
kamino-lend,Hy2S5arXGFgsvze47PCgSjF92ZQCiAfUJnFkqZQMXu4T,INF,0.0,0.0,0.0,533419,,07beec99-0096-428f-aecd-b1aa6f2d7519,0.0,0.0,0.0,https://icons.llamao.fi/icons/protocols/kamino-lend,https://kamino.com/
orca-dex,AyopEqi7QjhYbTHsjPyFWRxBS5Q4NaNpbTdLEjLujE5w,ST-STB,0.00985,0.00985,0.0,531955,,c73fd005-c30b-41c9-a1c3-36f11d2281ee,0.00739,0.00941,0.00693,https://icons.llamao.fi/icons/protocols/orca-dex,https://www.orca.so
kamino-liquidity,82QgCsvsvM1pLtEVmj4eHM6o5SYX3XukYCpBJ5cYb1yG,CASH-USDC,0.0,0.0,0.0,528603,,fa200a4c-e14a-4cec-a9e9-583f3c2f1891,-0.63487,-2.79209,-0.28822,https://icons.llamao.fi/icons/protocols/kamino-liquidity,https://kamino.com/liquidity
raydium-amm,2ngTuP7xA581dqX9uJkGRqxmKuehY3k4SDfPebeoRG2J,WSOL-MSTRX,12.38,12.38,0.0,526528,,340cf7b7-9654-4f2c-9d30-e519dbde849d,-48.7,7.25,-144.12,https://icons.llamao.fi/icons/protocols/raydium,https://raydium.io
raydium-amm,BZtgQEyS6eXUXicYPHecYQ7PybqodXQMvkjUbP4R8mUU,USDT-USDC,0.01,0.01,0.0,522058,,771c544a-4f78-4828-ab2b-f3e6981c9614,-0.05,0.0,-0.03,https://icons.llamao.fi/icons/protocols/raydium,https://raydium.io
raydium-amm,83G6VzJzLRCnHBsLATj94VCpRimyyqwuN6ZfL11McADL,NUB-WSOL,2.33,2.33,0.0,512439,,a7831e3a-a415-4851-af47-86a08447c01e,-1.07,1.58,-1.94,https://icons.llamao.fi/icons/protocols/raydium,https://raydium.io
raydium-amm,AZaaQaRhp1ys9VaJBRZYbmPz3JSBSp7m8cSSrLBn4BP9,WSOL-EPIK,100.92,100.92,0.0,509900,,e2b3b187-6efd-40b1-8cb3-3000d47b91c7,-21.83,100.49,0.0,https://icons.llamao.fi/icons/protocols/raydium,https://raydium.io
kamino-lend,Au2Cg9CNNTX1KfzVhNnpi1ouHX74CwMMBvmSchmqS5ZW,USDC,5.19041,5.19041,0.0,508708,,6a1895e9-5512-5629-b344-22d0c9ac1ed2,0.00159,0.0,0.0,https://icons.llamao.fi/icons/protocols/kamino-lend,https://kamino.com/
kamino-lend,2UFz8kwraHybFyKhGQRwAsE5NtNpAhWs2X5grGoS7hnQ,PICOSOL,0.00019,0.00019,0.0,507403,,d14bccf4-9a1d-41e5-96d7-0b25df947f3b,0.0,0.0,2e-05,https://icons.llamao.fi/icons/protocols/kamino-lend,https://kamino.com/
raydium-amm,Cne2WysEXzSLWbdABTG3vYkRNyJyMJ1zLhn26QPrBRZg,$BEER-WSOL,0.2,0.2,0.0,504791,,551a4a97-ac28-4ee0-9df1-b36725f6aff3,0.0,0.0,-0.09,https://icons.llamao.fi/icons/protocols/raydium,https://raydium.io
kamino-liquidity,FqYY63EPjYZXqsWqvGxJ27EKM4wptmmoykkB6km9743U,AUSD-USDC,0.0,0.0,0.0,503211,,110142b1-d2da-4f73-a9ac-d8fd415e0320,0.0,0.0,0.0,https://icons.llamao.fi/icons/protocols/kamino-liquidity,https://kamino.com/liquidity
orca-dex,D3LWymVUGhgKKJ33vKq8oHUaGwSuJPTPjnke9QHEXNqz,AUSD-USDC,0.0,0.0,0.0,503184,,4fcdc82b-e220-4a17-a476-4eb6108ef87d,-0.00019,-3e-05,-0.00019,https://icons.llamao.fi/icons/protocols/orca-dex,https://www.orca.so
yo-protocol,,SOL,5.44675,5.44675,0.0,502607,,88dab312-3a74-4a31-9d55-f92c7eebf31e,0.05581,0.05176,0.20193,https://icons.llamao.fi/icons/protocols/yo-protocol,https://app.yo.xyz
raydium-amm,6fDytBN4Ff9QFQbC4vmXNVSZNn3X3UkxdTe4ZjravNZy,USDC-USDD,0.05,0.05,0.0,500062,,55b43fc8-4ebb-4cbb-a37e-e85a1469b4fd,0.0,0.01,0.0,https://icons.llamao.fi/icons/protocols/raydium,https://raydium.io
kamino-liquidity,4AKLpaXwd7uR7sjjtoErnjHAvzYGxpaJTzKK3eVpEYqB,USDG-USDE,0.0,0.0,0.0,497281,,a49f8e51-8f3e-4c5f-80ab-0aabb1315aab,-1.58794,0.0,0.0,https://icons.llamao.fi/icons/protocols/kamino-liquidity,https://kamino.com/liquidity
raydium-amm,FjuBy7jjf9DXj9d3R7cHpvcnoFW2iQxf7F7P3vqx4Jza,SPCX-USDC,1.34,1.34,0.0,496572,,48e0c6f7-bcab-4b68-ba6f-3fb55ce6da69,-9.81,-1.46,-58.04,https://icons.llamao.fi/icons/protocols/raydium,https://raydium.io
jupiter-lend,5f561RUPHDqRh98W62FdaYjHCqEvwzV7ePHXszdfQC5Z,TSLAX,0.0,0.0,0.0,495611,,f5268625-ac8f-4498-99b5-f2e1a08c7230,0.0,-1.005,-1.005,https://icons.llamao.fi/icons/protocols/jupiter-lend,https://jup.ag/?ref=f6y1ryr2snn3
raydium-amm,FqPKakGmPBeqpZruAk3yD2DWNUAsTFuceeYoGkSRHj8Z,USOT-USDC,0.04,0.04,0.0,494928,,138ec014-5c24-5745-8ce6-d458d03fadf3,0.0,0.0,0.0,https://icons.llamao.fi/icons/protocols/raydium,https://raydium.io
project-0,6zN8tRxMpuqruDF4ChjeNGCVggqWBMQQ9KmiNhYeiqXb,HYLOSOL,0.00685,0.00685,0.0,486167,,b7449444-38d5-41d6-9e7d-a9bafb7cb2bc,2e-05,-0.00108,0.0,https://icons.llamao.fi/icons/protocols/project-0,https://app.0.xyz
project-0,9ojzV5xFHtx2h2GhKRSgCwJK3BLswczdiiLW3hsyRE5c,LFG,0.0,0.0,0.0,484680,,dc199a72-7932-4d68-b1ee-2dee914715d4,0.0,0.0,0.0,https://icons.llamao.fi/icons/protocols/project-0,https://app.0.xyz
raydium-amm,BH8xeJZ9enrPkjgvRP7LFxzoXWHscaLWLS2NPm9j62Zr,XBG-BORG,1.12,1.12,0.0,483910,,7b0b84dc-d49e-4cf8-8dbb-55a6a694d397,0.69,0.5,-0.66,https://icons.llamao.fi/icons/protocols/raydium,https://raydium.io
gmtrade,7HPU75j2rNV5RPRQPVN6mQ7sfgWgszBzmVYmAohf7PKN,WSOL-USDC,93.14101,93.14101,0.0,482345,,77b70ab3-2e95-461b-a4fb-8f80dd588e9c,6.19073,25.3568,66.01729,https://icons.llamao.fi/icons/protocols/gmtrade,https://gmtrade.xyz
raydium-amm,82pU8g2jQDyDfuH5nmCgFANS4vKTv6tPXe4WBDHRRyWh,ME-USDC,0.81,0.81,0.0,478974,,bd24f6b5-4037-4c64-b4d8-c7ff12a620fe,-0.05,-1.05,-24.48,https://icons.llamao.fi/icons/protocols/raydium,https://raydium.io
orca-dex,BMyKzRPegAvXHCPsg1MME6FVBv9C9HxfUHn1veWneg6A,STA-ST,0.02871,0.02871,0.0,470772,,dc5d184c-3c8a-4b1f-9983-57bfa08b5c32,0.0055,0.01823,0.02833,https://icons.llamao.fi/icons/protocols/orca-dex,https://www.orca.so
orca-dex,AyopEqi7QjhYbTHsjPyFWRxBS5Q4NaNpbTdLEjLujE5w,ST-STB,0.01794,0.01794,0.0,469167,,fa22b94a-a107-44bb-9f6c-df6e52d1f432,0.00161,0.01794,0.01794,https://icons.llamao.fi/icons/protocols/orca-dex,https://www.orca.so
allbridge-classic,,USDC,0.0,0.0,0.0,467394,,a5f59d50-68c5-4ae4-b678-df8338886ccb,0.0,-0.05431,-0.05461,https://icons.llamao.fi/icons/protocols/allbridge-classic,https://app.allbridge.io
raydium-amm,EhBDjFw4nLRv6Dr9QDzEdEa4UJW3YrcZdN16qfifqCoz,USDC-GOATED,0.38,0.38,0.0,462965,,3aa93493-6a04-4074-bcd6-be8254487cf9,0.18,-0.5,-2.91,https://icons.llamao.fi/icons/protocols/raydium,https://raydium.io
gmtrade,7HPU75j2rNV5RPRQPVN6mQ7sfgWgszBzmVYmAohf7PKN,WSOL-USDC,78.44325,78.44325,0.0,462099,,a3da0cf2-b6f5-4390-9da3-4322602a61de,4.8436,23.58161,56.99051,https://icons.llamao.fi/icons/protocols/gmtrade,https://gmtrade.xyz
kamino-lend,57qagnQFuWw1seEqi6Z5JBvkm5xH5svdmq9dtqxG1rYy,CRCLX,0.0,0.0,0.0,460556,,ee750b84-e4ed-4053-a8c7-d5cf15636132,0.0,0.0,0.0,https://icons.llamao.fi/icons/protocols/kamino-lend,https://kamino.com/
save,H5znFbw5v8z5knynkv1tKi8TgvdhTSt7QyoTXDigCVkW,HASOL,0.0,0.0,0.0,454079,,05c74e5c-ebed-40ec-ac63-0bbd1d53fe2a,0.0,0.0,0.0,https://icons.llamao.fi/icons/protocols/save,https://www.save.finance/
orca-dex,AyopEqi7QjhYbTHsjPyFWRxBS5Q4NaNpbTdLEjLujE5w,ST-STB,0.01658,0.01658,0.0,453188,,852e9913-2abc-46e3-9928-3ac027917389,0.0131,0.01591,0.01631,https://icons.llamao.fi/icons/protocols/orca-dex,https://www.orca.so
orca-dex,BMyKzRPegAvXHCPsg1MME6FVBv9C9HxfUHn1veWneg6A,STA-ST,0.0,0.0,0.0,446472,,87208dc9-4109-41dc-ab2f-9befece7d834,0.0,0.0,0.0,https://icons.llamao.fi/icons/protocols/orca-dex,https://www.orca.so
orca-dex,FwewVm8u6tFPGewAyHmWAqad9hmF7mvqxK4mJ7iNqqGC,SOL-USDT,0.7308,0.7308,0.0,444704,,8df631ab-3d24-476b-af59-758784f28188,-0.46308,-0.24927,-4.94855,https://icons.llamao.fi/icons/protocols/orca-dex,https://www.orca.so
raydium-amm,A3URwhZE2YyVNKL9CmSvU9VG1oJoZS78kX4AdK5faDud,WSOL-LOOP,25.31,25.31,0.0,441661,,c9778573-83b8-507c-8caa-2d6a29167e76,-45.97,0.0,0.0,https://icons.llamao.fi/icons/protocols/raydium,https://raydium.io
raydium-amm,JAe55Dx5TRR1oXBEs8ergXGCsP6MpuDLQwwBF5dveVsZ,WXRP-USDC,1.02,1.02,0.0,440935,,02b9bb25-4320-47d5-91ca-817dafa32d4d,-0.34,0.16,-2.47,https://icons.llamao.fi/icons/protocols/raydium,https://raydium.io
orca-dex,78QBVQz3EnpuzmY42LRcCkn7gSyuFEMmQn1m5bY1yHgw,MPLX-USDC,1.65359,1.65359,0.0,435562,,95f52301-7150-43ad-a33a-63c4af84fbcc,-0.08552,-1.67182,-44.58047,https://icons.llamao.fi/icons/protocols/orca-dex,https://www.orca.so
raydium-amm,5KXE8RMF7iW9Ptn665AHfzsMFjYb4LV2Ta8eZEtsTwWC,DOOD-USDC,4.35,4.35,0.0,435253,,935f6496-6d11-42fd-9151-72b8603f412a,-1.91,-1.36,-16.78,https://icons.llamao.fi/icons/protocols/raydium,https://raydium.io
orca-dex,Tuy6gMupGQN7wCZ8rVP1EuLRYB132VSo9Smy4AJvQgn,SOL-FARTCOIN,8.71877,8.71877,0.0,433727,,5da12137-c29a-45bb-8893-f6c01400ae02,4.229,5.31873,-143.74934,https://icons.llamao.fi/icons/protocols/orca-dex,https://www.orca.so
kamino-liquidity,CbCuhZpNqvR1w9Dq1ZeafUZWKprzzRmKbkaA178eNKej,MPLX-USDC,1.66726,1.66726,0.0,431694,,be317431-c02e-4709-b023-60f960d83f27,0.93672,-0.61782,-0.89834,https://icons.llamao.fi/icons/protocols/kamino-liquidity,https://kamino.com/liquidity
raydium-amm,HKprCtGbnh1j8xeQggzWhhVd3kwDUdphqPqDP8vMay8b,USA-WSOL,0.57,0.57,0.0,429913,,1a3e39f9-0d00-4a1d-a63b-6c5b1b536fd9,-0.63,0.14,-9.98,https://icons.llamao.fi/icons/protocols/raydium,https://raydium.io
raydium-amm,3GkFzURGWNWyErnjQvnkZpgcLnNocjnRwvMYXiVDiVQk,NOS-USDC,6.1,6.1,0.0,428316,,7222bf12-2d1d-4ab9-9c46-37a9c32eb347,-3.51,-0.47,-11.14,https://icons.llamao.fi/icons/protocols/raydium,https://raydium.io
project-0,HmpMfL8942u22htC4EMiWgLX931g3sacXFR6KjuLgKLV,USDT,4.29861,4.29861,0.0,427285,,7bc3bdb4-a48f-4fe5-8922-724cc44b327d,-0.0055,-1.40437,0.0,https://icons.llamao.fi/icons/protocols/project-0,https://app.0.xyz
orca-dex,BMyKzRPegAvXHCPsg1MME6FVBv9C9HxfUHn1veWneg6A,STA-ST,0.01015,0.01015,0.0,426237,,f1337ad9-0fa5-430f-93c3-8bdedc3b7846,0.00631,0.00919,-0.05664,https://icons.llamao.fi/icons/protocols/orca-dex,https://www.orca.so
kamino-lend,9TdUdZpnXoLQbqt5guR8fVdZZDgcQsLkUV2nr3SGRSJ8,EZSOL,0.0,0.0,0.0,425799,,95f21961-a337-4a4b-a06b-57d100086e2e,0.0,0.0,0.0,https://icons.llamao.fi/icons/protocols/kamino-lend,https://kamino.com/
raydium-amm,97r9NLqYoyGFbQesPduwuTHq4fJjbk8pHVUGawEqfnva,USDC-HOOD,2.87,2.87,0.0,424413,,b8b0e6a0-4e4b-5bea-a7d4-1c380cd3e76e,-30.68,1.35,0.0,https://icons.llamao.fi/icons/protocols/raydium,https://raydium.io
orca-dex,3QyUNqr3u1BBXmPKAtcRTkN3Af5Mnk24yfaZDjL8n59H,NX8-USDC,25.73031,25.73031,0.0,423353,,a8e35214-28a0-420f-ad6f-54a8e8af9700,17.70684,16.9371,3.04132,https://icons.llamao.fi/icons/protocols/orca-dex,https://www.orca.so
kamino-lend,4oigbthMAgjTMPyw8dBxhxU59YMtvNDHqhpR3W4HAzBM,SOL,4.6573,4.6573,0.0,420669,,1487c48b-df97-495c-9dd5-4ac3ae2c8731,-0.00539,0.55826,0.44149,https://icons.llamao.fi/icons/protocols/kamino-lend,https://kamino.com/
kamino-liquidity,8ai943hVM3dhyhDkQYaLcHohAa6UB2MkwJULWeLCR47t,YU-USDC,0.0,0.0,0.0,420346,,4cc9bd36-d85b-4644-a183-092f60d3a094,0.0,0.0,0.0,https://icons.llamao.fi/icons/protocols/kamino-liquidity,https://kamino.com/liquidity
raydium-amm,Dwgaka8QiSkFQ3bGXhZpmncM63DwhjK5zzQRiqt9WA8K,PUMP-USDC,52.94,52.94,0.0,419720,,d7e94a53-943b-43ff-a842-3b2448df20ec,-8.51,0.0,0.0,https://icons.llamao.fi/icons/protocols/raydium,https://raydium.io
raydium-amm,45ssPkUQs1ssbeDqxD2mZrMdJYAXF7GyQyhS5xDXuWC5,WSOL-PUMP,235.37,235.37,0.0,418211,,ed0422f3-c196-4c77-ae75-9d9b873b3574,-46.28,117.88,85.64,https://icons.llamao.fi/icons/protocols/raydium,https://raydium.io
kamino-lend,CoFdsnQeCUyJefhKK6GQaAPT9PEx8Xcs2jejtp9jgn38,BONK,0.0,0.0,0.0,418168,,4d978edf-fca7-416e-bd77-00ac88070aca,0.0,0.0,0.0,https://icons.llamao.fi/icons/protocols/kamino-lend,https://kamino.com/
orca-dex,HD8i7qr1hd9ida6sN71RbkLxbWcbvZS4NA5CY6vfcDpj,JLP-USDC,2.87322,2.87322,0.0,416747,,6d8531f1-e1fe-428f-a929-6cf539f2942f,1.56314,2.34245,-0.31677,https://icons.llamao.fi/icons/protocols/orca-dex,https://www.orca.so
raydium-amm,FZ8MJvdTPbp8juhtFCCzb7LsKunhexgzShGQ59SUJkNL,WSOL-RENDER,9.0,9.0,0.0,413582,,a6441945-9eff-4d1b-91dc-2134cd9cdd35,-6.74,3.43,-39.14,https://icons.llamao.fi/icons/protocols/raydium,https://raydium.io
kamino-lend,BHUi32TrEsfN2U821G4FprKrR4hTeK4LCWtA3BFetuqA,USDS,4.27202,4.27202,0.0,412465,,fa36ea14-cfb0-4f04-853f-366b22f0d887,0.00078,-0.24766,0.20976,https://icons.llamao.fi/icons/protocols/kamino-lend,https://kamino.com/
raydium-amm,BEXzDUgrEJSLEhikaoR4cBxMR5K7s7dLKj8H4G8omnZX,USDC-AORP,0.94,0.94,0.0,408365,,82962935-c14c-53ec-a06d-4769bafde965,0.41,0.0,0.0,https://icons.llamao.fi/icons/protocols/raydium,https://raydium.io
raydium-amm,dAVkU4eGCj9qzEV2pDFynpF3nwL97odmbFHfDBKDvLz,PAYAI-WSOL,18.18,18.18,0.0,408058,,450066d1-dc49-4410-914a-7db5b11959bb,-3.58,8.36,-22.44,https://icons.llamao.fi/icons/protocols/raydium,https://raydium.io
raydium-amm,CXxuniYwA3Ednq1UsYEQvHzVpamEi1gxgHo86ALwKfEj,WSOL-WOLF,0.3,0.3,0.0,407799,,9bf970e6-2689-4694-8ea2-ed3350fdcb1e,0.17,-1.61,-0.26,https://icons.llamao.fi/icons/protocols/raydium,https://raydium.io
raydium-amm,2HrvJGgwNKLfV6VbVFXhEuq5pEXEZdcjtDXrdNRVgjP8,MORPHO-USDC,7.88,7.88,0.0,407449,,2167056c-624c-57bd-a01f-28974d08de13,-3.25,-60.45,0.0,https://icons.llamao.fi/icons/protocols/raydium,https://raydium.io
kamino-lend,97zoywd8mPZsGTg8q1wdD2Wgkdrs2tqusp1Qqcxbyj7E,USDC,6.81018,6.81018,0.0,402438,,571311bf-7da7-4f3c-b181-43119070bffc,-0.34642,2.96438,2.6282,https://icons.llamao.fi/icons/protocols/kamino-lend,https://kamino.com/
orca-dex,AyopEqi7QjhYbTHsjPyFWRxBS5Q4NaNpbTdLEjLujE5w,ST-STB,0.00701,0.00701,0.0,400399,,b14f5009-ee5c-403a-ae03-0b1c4c3c66ab,0.00574,0.00467,-0.02986,https://icons.llamao.fi/icons/protocols/orca-dex,https://www.orca.so
raydium-amm,6HfaJiUuTXFZEfmdkQSNbvfe6i95Nh2wUVJ5dWMf7gtw,WSOL-RETIRE,3.32,3.32,0.0,398549,,70926954-4cfb-41e2-8aff-cbc81532bd7c,-0.7,-10.04,-3.27,https://icons.llamao.fi/icons/protocols/raydium,https://raydium.io
raydium-amm,58oQChx4yWmvKdwLLZzBi4ChoCc2fqCUWBkwMihLYQo2,WSOL-USDC,0.12,0.12,0.0,398111,,f8d7c5ff-1d26-4bda-b2bd-a40ae9a35762,-0.06,-0.05,-0.41,https://icons.llamao.fi/icons/protocols/raydium,https://raydium.io
orca-dex,BMyKzRPegAvXHCPsg1MME6FVBv9C9HxfUHn1veWneg6A,STA-ST,0.0,0.0,0.0,397809,,38e9c73a-8e45-49f0-b949-ec10c36dbccb,0.0,0.0,0.0,https://icons.llamao.fi/icons/protocols/orca-dex,https://www.orca.so
kamino-liquidity,7ypH9hpQ6fLRXCVdK9Zb6zSgUvzFp44EN7PWfWdUBDb5,SOL-BSOL,0.12613,0.12613,0.0,396646,,ceef4c39-3df9-4ead-89e3-45b824bb5136,0.12613,-0.76064,-0.25854,https://icons.llamao.fi/icons/protocols/kamino-liquidity,https://kamino.com/liquidity
save,AnBGhuJkgxCEBXZhEBA2t7GrkHiq2fHGxwRUPraZHPcx,TPX,0.0,0.0,0.0,394473,,e2c95ff3-6e1f-4e3f-a7a3-bb352d6965dc,0.0,0.0,0.0,https://icons.llamao.fi/icons/protocols/save,https://www.save.finance/
raydium-amm,7WQcQi2dDgZDnpJKwoY7F9cALk3QEUG4kAyhtjZVkVa1,GLDX-XAUT0,1.13,1.13,0.0,394233,,1f86297f-55bf-40e7-9485-68e843761c70,-0.45,1.03,-2.35,https://icons.llamao.fi/icons/protocols/raydium,https://raydium.io
project-0,9dpu8KL5ABYiD3WP2Cnajzg1XaotcJvZspv29Y1Y3tn1,$WIF,0.0,0.0,0.0,389057,,1068b327-ea28-4893-8e3f-d7174ef12fb9,0.0,0.0,0.0,https://icons.llamao.fi/icons/protocols/project-0,https://app.0.xyz
project-0,CCKtUs6Cgwo4aaQUmBPmyoApH2gUDErxNZCAntD6LYGh,SOL,4.19396,4.19396,0.0,388284,,8890d9a7-1f23-5ae0-8d94-2d6c14820d35,-0.10774,-0.35599,0.0,https://icons.llamao.fi/icons/protocols/project-0,https://app.0.xyz
raydium-amm,AtK4fYMF1mFosQn6qRiMJoE1hsjpCFwpTy1TKpE5Ez6E,WSOL-CX,88.22,88.22,0.0,387167,,2a90f9ae-f24c-4f10-9ca4-e8426ed06a74,41.19,3.48,0.0,https://icons.llamao.fi/icons/protocols/raydium,https://raydium.io
raydium-amm,78ReVNMLGRWmjtf2HmBoHUe2pRcsctXTTbxJnbhchyze,GLDX-USDC,1.78,1.78,0.0,383626,,3719be8e-77f3-4239-b901-407f6b174fd0,-2.92,1.35,-6.61,https://icons.llamao.fi/icons/protocols/raydium,https://raydium.io
jupiter-lend,9zammhNLGh1fidaoh2LvABj2doxmwFyQTzeDvpizMTTJ,JLJUPUSD,0.0,0.0,0.0,381345,,80e4c695-c24d-4adb-a7ed-5893b08e00d4,0.0,0.0,0.0,https://icons.llamao.fi/icons/protocols/jupiter-lend,https://jup.ag/?ref=f6y1ryr2snn3
raydium-amm,9nxAnMD7K78a9RMd2L3w8kQT5u9i7gsvV5aHiZ78sCC2,WSOL-MORI,11.65,11.65,0.0,379196,,de8ea0bb-d3ba-4b04-a44a-a1399ea0b9f3,-2.13,3.97,0.79,https://icons.llamao.fi/icons/protocols/raydium,https://raydium.io
project-0,7aoit6hVmaqWn2VjhmDo5qev6QXjsJJf4q5RTd7yczZj,WEN,0.0,0.0,0.0,378800,,7acbc151-76d7-4d04-b876-da89aa2f181b,0.0,0.0,0.0,https://icons.llamao.fi/icons/protocols/project-0,https://app.0.xyz
raydium-amm,DhHVd5s4hqBGnTkFztsK98WGPtYUJjpUCqNnWaNLWb4F,FARTBOY-WSOL,9.06,9.06,0.0,378515,,ff7c7fa9-5d22-4502-862a-57c3e38cb018,3.33,6.02,2.34,https://icons.llamao.fi/icons/protocols/raydium,https://raydium.io
raydium-amm,4Lqct3Mz1SM3Pg5bpvUyd9cqWcPT6At2eQPnb2gojEQe,TEB-USDC,2.38,2.38,0.0,378107,,a611a94e-2f96-5be4-aca4-cd6e6dc94c17,0.0,-26.34,0.0,https://icons.llamao.fi/icons/protocols/raydium,https://raydium.io
kamino-lend,9FRZvAsjDJ6WM8BJ2S45h9PoDCLAq8DNY9zZDX7MyGzT,USDC,1.06027,1.06027,0.0,372758,,3fe04ea9-e65e-4984-9d45-75007bf03e99,-2.80413,0.09353,-4.51558,https://icons.llamao.fi/icons/protocols/kamino-lend,https://kamino.com/
raydium-amm,ECkcSDJvKiyoVU5f1L6CgpSmMVd1S4KGRkXW56f1bEWN,DRAM-USDC,24.06,24.06,0.0,372511,,232b6e23-2cc1-4c43-a10b-43ab312fff94,-89.72,17.76,-125.24,https://icons.llamao.fi/icons/protocols/raydium,https://raydium.io
raydium-amm,64ynMUTTrJHswDAU6sc6cubjsxUxSxL788FC3NFY4SyG,PAXG-USDC,2.92,2.92,0.0,372106,,8b65794e-d93f-4efb-96a8-fd136b5fb4f0,-3.64,2.77,-15.92,https://icons.llamao.fi/icons/protocols/raydium,https://raydium.io
orca-dex,7z9ijqqafMPUuGKGRBq8BtC6AFzXX4PfKPy2ijbGmby3,USDC-GLDY,0.08459,0.08459,0.0,366568,,07f3b7ca-d8d7-427c-826e-5eb490200c40,0.07791,0.08459,0.08021,https://icons.llamao.fi/icons/protocols/orca-dex,https://www.orca.so
orca-dex,5hWJUNTtEtKmKgDXpthJXXRRmJrz5vJ7uJzrUNVdrwLg,USDC-JITOSOL,6.12002,6.12002,0.0,364644,,f274ac6d-9426-4863-abd5-947140507948,-1.43213,2.79389,-21.19702,https://icons.llamao.fi/icons/protocols/orca-dex,https://www.orca.so
raydium-amm,9SxEcmwzHtSZu2jJSpSxuyxweYECvvtykoP3qtEprkvj,WSOL-LION,0.45,0.45,0.0,363193,,7d53f6d4-b6b3-4164-9fc1-dc1a657d22ae,0.13,0.14,-0.28,https://icons.llamao.fi/icons/protocols/raydium,https://raydium.io
raydium-amm,DXWbip5LducMAbDSSpLYz9Xik3253EPeAYQufQtx7LXs,HOODX-USDC,16.13,16.13,0.0,362428,,c8a9a79e-6cc9-4360-b207-1a4ed437beac,-317.16,0.0,-91.46,https://icons.llamao.fi/icons/protocols/raydium,https://raydium.io
raydium-amm,58oQChx4yWmvKdwLLZzBi4ChoCc2fqCUWBkwMihLYQo2,WSOL-USDC,1.83,1.83,0.0,360853,,f6bba068-0f64-44b4-a673-62f202118526,-0.79,0.53,-4.01,https://icons.llamao.fi/icons/protocols/raydium,https://raydium.io
kamino-lend,EKsTccsuzjNQmueZZ9UVTY4mHmmRJurDf26BRKsA27vH,GOAT,0.0,0.0,0.0,357561,,31266fb7-23d6-45dc-a545-3494b73ae50b,0.0,0.0,0.0,https://icons.llamao.fi/icons/protocols/kamino-lend,https://kamino.com/
kamino-lend,CKJbqakbPGyhziowm19LPYz636UszuezfkitmpRtcLSH,AAPLX,0.0,0.0,0.0,356166,,69ada9f6-8d07-4b9d-8850-e2fb0a2a46e5,0.0,0.0,0.0,https://icons.llamao.fi/icons/protocols/kamino-lend,https://kamino.com/
raydium-amm,FAn5gzoJMYriKeCoJzLTCepE9Y36oN3CidoF4dmgFNh9,WSOL-NPC,2.9,2.9,0.0,353408,,bb095f7e-b901-4bf2-afb3-45a9c0182ef1,1.14,-0.95,-0.46,https://icons.llamao.fi/icons/protocols/raydium,https://raydium.io
raydium-amm,EtcwBb9fT7YYAgpkVz6AG1QZwPJxS79Tg2r7TszYuP72,WSOL-JAILSTOOL,0.34,0.34,0.0,353289,,2a3fffb5-0c27-4e2a-9b6f-08bf1b51f26a,0.0,0.0,-0.34,https://icons.llamao.fi/icons/protocols/raydium,https://raydium.io
orca-dex,AfaesbeUBAeh44j3Ddho4pahK6LPB1GjARis6R1DwJbh,STA-STB,0.12085,0.12085,0.0,351693,,998a9655-39ba-4a6f-9cb9-1075c37f12a8,0.01951,0.12084,0.119,https://icons.llamao.fi/icons/protocols/orca-dex,https://www.orca.so
kamino-lend,3u3earD5RAUn66zrjsmZPCGJ1zRFpmMtDTKv7ozDx96p,USDG,0.62987,0.62987,0.0,351632,,d617716b-3332-5c66-a770-491ca86c4ef8,0.00557,0.62985,0.0,https://icons.llamao.fi/icons/protocols/kamino-lend,https://kamino.com/
raydium-amm,Gs34mzqVV5cocteqnRhq6CS8Bv5iqZ4VPwkhpfpKzx3i,TUSD-USDT,1.46,1.46,0.0,350242,,a2801182-6419-4c99-8472-be3dbee35006,0.0,-0.03,-0.66,https://icons.llamao.fi/icons/protocols/raydium,https://raydium.io
raydium-amm,BVz3ywwz9JBNEmuGR899QxQq8Qvo6iev8w7cb2DkRDQy,USDT-USDD,2.61,2.61,0.0,349970,,6f44d7cc-89c2-448e-9934-f8616c513fd7,-0.29,1.15,0.0,https://icons.llamao.fi/icons/protocols/raydium,https://raydium.io
orca-dex,C1MgLojNLWBKADvu9BHdtgzz1oZX4dZ5zGdGcgvvW8Wz,JUP-SOL,13.49643,13.49643,0.0,349779,,18da9637-00b2-4eda-bf76-942f1acbfc28,-6.83693,4.82581,-65.00626,https://icons.llamao.fi/icons/protocols/orca-dex,https://www.orca.so
raydium-amm,91axdGmMoqQQg2MPUXKxT3bdqX4p2RMLXqZSQgXn2JpM,HNT-WSOL,4.2,4.2,0.0,349324,,4dcc59d7-0c21-4484-a2af-539181a9f8cd,-1.47,-0.01,-4.19,https://icons.llamao.fi/icons/protocols/raydium,https://raydium.io
orca-dex,AfaesbeUBAeh44j3Ddho4pahK6LPB1GjARis6R1DwJbh,STA-STB,0.1551,0.1551,0.0,348561,,385d52fb-5b53-406a-b3b9-e11b81b0aa71,0.14138,0.1535,0.15197,https://icons.llamao.fi/icons/protocols/orca-dex,https://www.orca.so
orca-dex,AfaesbeUBAeh44j3Ddho4pahK6LPB1GjARis6R1DwJbh,STA-STB,0.03601,0.03601,0.0,347949,,2bf5d5af-2db0-41c0-a191-1d12c50f61af,0.01155,0.03149,0.03572,https://icons.llamao.fi/icons/protocols/orca-dex,https://www.orca.so
orca-dex,ArisQNcbjXPJD7RgPRvysatX3xcfHPTbcTkfD8kDoZ9i,USDC-EURC,1.34783,1.34783,0.0,346870,,2d456507-7b1d-43c1-9737-b26525c541c5,-9.14275,0.33997,-32.5999,https://icons.llamao.fi/icons/protocols/orca-dex,https://www.orca.so
raydium-amm,DNWtvtHYRFnpJFuoAcRgTekVaDozjaeun8EpfCpCAxbE,USDC-SHIB,1.75,1.75,0.0,346378,,00ddd141-a177-5bbc-848e-66814a15bb25,-0.35,1.38,0.0,https://icons.llamao.fi/icons/protocols/raydium,https://raydium.io
save,UTABCRXirrbpCNDogCoqEECtM3V44jXGCsK23ZepV3Z,SOL,0.26,0.26,0.0,346199,,85d3fded-3d7d-458f-b3b7-6e6735e6c450,0.0,-0.02,-0.07,https://icons.llamao.fi/icons/protocols/save,https://www.save.finance/
raydium-amm,6m5aXAve4uh6Kt4ytKyCLWNMjd8PYP5vujwNCtycrUiD,AMZNX-USDC,3.39,3.39,0.0,346026,,688fdee4-325a-4e86-904c-7d9ca92d1f45,-35.06,2.73,-11.52,https://icons.llamao.fi/icons/protocols/raydium,https://raydium.io
gmtrade,59uFARJWg7B8wcEuXzvkafiT4DuKemdNCN5bshDbwun9,XCU-USDC,135.77481,135.77481,0.0,344144,,3858ef87-0274-4d51-9a94-923cdfdd9313,-0.00179,18.16233,91.51145,https://icons.llamao.fi/icons/protocols/gmtrade,https://gmtrade.xyz
raydium-amm,gyYigqG8vdEMkDNTTVL6at2msbHdTDWyb6bccyR238U,NEAR-USDC,3.1,3.1,0.0,343967,,ff85a528-d8f4-4955-b678-8a870579932d,-1.91,1.87,-4.14,https://icons.llamao.fi/icons/protocols/raydium,https://raydium.io
orca-dex,yXQzwv3hGxpEyaxPtbsQJdY31vjfh8E6fuVoGvYshio,WINGS-USDC,2.43279,2.43279,0.0,343097,,5fc9731a-2b89-47ca-92f4-34f0a1fb0cb4,-6.56606,-0.16195,-0.21026,https://icons.llamao.fi/icons/protocols/orca-dex,https://www.orca.so
raydium-amm,HAEniiQQrPF7RR9ycSbeC9cgPVDkxjDkYTkmX1iDP5Yr,SOIL-USDC,0.15,0.15,0.0,342750,,c55a5c99-c06e-5c90-8724-5bf94e5b7720,-0.11,-0.14,0.0,https://icons.llamao.fi/icons/protocols/raydium,https://raydium.io
kamino-lend,4UBJu5Xp1aziV9frBQBhc1RnKrgXHAWHYejQytkYr8gq,HOODX,0.0,0.0,0.0,338269,,925cefb8-47a2-40f0-bb4d-d191c3369c5b,0.0,0.0,0.0,https://icons.llamao.fi/icons/protocols/kamino-lend,https://kamino.com/
raydium-amm,9LfXeYQgTXJWhyTQhykCSnfUDd1ffCYA1LcSdcwaRLBk,WSOL-RNT,3.26,3.26,0.0,334565,,c5ce4562-c372-4f6b-8037-e71b77d4395e,0.43,-6.07,-2.42,https://icons.llamao.fi/icons/protocols/raydium,https://raydium.io
raydium-amm,CHRxbLewDoEbGTfwujPwY6sfLumzhzRsGor9pUQWtc1r,UNS-USDT,0.45,0.45,0.0,334393,,e4fee4b5-08be-45b2-aa31-4adde2b3d9b9,-0.1,0.0,-0.23,https://icons.llamao.fi/icons/protocols/raydium,https://raydium.io
raydium-amm,JAPiP9n8iEYi3Uf2KVD4ESqv9meCdexow5udtfxLpWaU,SLX-USDC,26.95,26.95,0.0,329906,,7d03f393-31e6-548b-ae59-207fcafbbd64,0.0,7.21,0.0,https://icons.llamao.fi/icons/protocols/raydium,https://raydium.io
allbridge-classic,,USDT,0.0,0.0,0.0,329141,,d35163a5-40cc-4206-8487-0085055d44be,0.0,-0.06916,-0.04581,https://icons.llamao.fi/icons/protocols/allbridge-classic,https://app.allbridge.io
raydium-amm,4yrHms7ekgTBgJg77zJ33TsWrraqHsCXDtuSZqUsuGHb,WETH-WSOL,0.79,0.79,0.0,328628,,a6288d01-94f4-4eae-be40-846729cc8210,-0.05,-0.09,-2.19,https://icons.llamao.fi/icons/protocols/raydium,https://raydium.io
raydium-amm,58oQChx4yWmvKdwLLZzBi4ChoCc2fqCUWBkwMihLYQo2,WSOL-USDC,6.72,6.72,0.0,328290,,f2cba9c1-a2a6-4c7a-a3d8-da976baedbd8,-2.61,1.67,-16.74,https://icons.llamao.fi/icons/protocols/raydium,https://raydium.io
kamino-lend,5VhUuzD1pAfiJzDHfzA6m9f4q2vva6jZsgCxLRadxhUg,JTO,0.0,0.0,0.0,327109,,1e303c6a-2ebf-4cd8-84e5-e1713543fe33,0.0,0.0,0.0,https://icons.llamao.fi/icons/protocols/kamino-lend,https://kamino.com/
orca-dex,VY1ZQXjqBwvuWgVfTfhqanJe96GGoQrX7xZZDrWPGiT,SKR-USDC,16.07511,16.07511,0.0,325082,,fd9493f2-7c09-4348-a5b0-f1081093742f,0.79552,12.56503,-12.0458,https://icons.llamao.fi/icons/protocols/orca-dex,https://www.orca.so
raydium-amm,AEZjoUACNSpmYHHRNbfknjL8oiBDw6GhtrMm7tZgBfca,WSOL-IDLE,21.86,21.86,0.0,325071,,71dc090b-7c1c-4481-85cf-9184fb7fb950,-19.83,-10.53,-29.32,https://icons.llamao.fi/icons/protocols/raydium,https://raydium.io
save,9SdGVn594S8fk8ZU3xcvZ1Cd4fjJgNxCN32upHhFZgJu,TRUNK,0.0,0.0,0.0,324238,,6b78d011-f019-4cdb-88c8-9b4ed7dcfaa9,0.0,0.0,0.0,https://icons.llamao.fi/icons/protocols/save,https://www.save.finance/
raydium-amm,6truu3rZuiB9rKQg4VYC3Dt3QwV7DgwGqXrYUcrvnDDE,SPYX-USDC,3.22,3.22,0.0,321400,,f5be6f43-4e18-4bc4-9e96-f64abc62b201,-5.23,-3.32,-7.98,https://icons.llamao.fi/icons/protocols/raydium,https://raydium.io
raydium-amm,7yMhxapzceFUo24KNgP77mGj1crdAv8ayYfqGvB5skZf,TSUKI-WSOL,11.34,11.34,0.0,319783,,0bfc8e49-f6f8-4a4a-a1b5-792d73b45c25,6.11,0.39,5.59,https://icons.llamao.fi/icons/protocols/raydium,https://raydium.io
gmtrade,7HPU75j2rNV5RPRQPVN6mQ7sfgWgszBzmVYmAohf7PKN,WSOL-USDC,87.38918,87.38918,0.0,318306,,8d71fc6c-a1df-484b-b1f7-09a49daf1584,2.02723,30.44143,68.00581,https://icons.llamao.fi/icons/protocols/gmtrade,https://gmtrade.xyz
raydium-amm,4vRC6Qne8HPUN98mJr88vRkRD9N4cadyrGtPwVU3CV86,SNDK-USDC,15.75,15.75,0.0,317955,,1868e098-b4a7-4a4f-aa49-333c03abced8,-133.98,10.63,-300.5253,https://icons.llamao.fi/icons/protocols/raydium,https://raydium.io
orca-dex,AgeSxtVWWMojFWYNrXKnVp9cFuC5CQ7M4rzmrseLxfUj,USDC-SPX,9.67977,9.67977,0.0,317901,,c6964877-52dc-423e-96a3-1788984a6aaa,-6.1454,-9.18719,-55.78185,https://icons.llamao.fi/icons/protocols/orca-dex,https://www.orca.so
kamino-lend,5MHbdvbQTegtPfFikifciBopmdEmZvWXDUpcHkQaz1w4,PAXGOLD,0.0,0.0,0.0,317246,,34323dfe-d5c4-5520-bbd3-908407d5f3bb,0.0,0.0,0.0,https://icons.llamao.fi/icons/protocols/kamino-lend,https://kamino.com/
raydium-amm,CLu4kFM4nb67xrdN7vJnMxXXir8Z5hA4HJUzPFccXjsL,MSFTX-USDC,3.4,3.4,0.0,315645,,7a2d3931-0c0a-4e99-9e4b-4c647f532363,-32.32,1.65,-6.89,https://icons.llamao.fi/icons/protocols/raydium,https://raydium.io
kamino-liquidity,4dPX2rrJgSEeB7sLrM9SdTE9PWzfeMe8Ky5YCfqQCwMD,JUP-JITOSOL,9.35508,9.35508,0.0,315480,,b96b2112-b529-4b09-b89e-b172d810108f,0.49954,5.7151,-44.63968,https://icons.llamao.fi/icons/protocols/kamino-liquidity,https://kamino.com/liquidity
raydium-amm,HYpXCaAT9YBu7vYa5BURGprsa23hmvdkqXtSUD5gQWdc,WSOL-MINI,1.53,1.53,0.0,308871,,674396f4-f40c-4ed1-b818-67a9976cc7e3,-0.67,0.34,-7.05,https://icons.llamao.fi/icons/protocols/raydium,https://raydium.io
raydium-amm,ATg3gTNEy6crHhC9xupwvou9WnUJgXc8eDpPVuJ94fSH,VCHF-USDC,0.11,0.11,0.0,308722,,0305fcf7-ae22-4d91-a1d1-eb8da4ce9109,-0.21,0.02,-0.51,https://icons.llamao.fi/icons/protocols/raydium,https://raydium.io
orca-dex,Ema46A5kTJCd9DYP68CpBgCTfjaA1WoKxXTtx9uHtJLu,ORCA-XORCA,0.03121,0.03121,0.0,307706,,c255352a-52e6-428e-8610-98e6a97d3a50,-0.02956,-0.10415,-0.14889,https://icons.llamao.fi/icons/protocols/orca-dex,https://www.orca.so
raydium-amm,CpoYFgaNA6MJRuJSGeXu9mPdghmtwd5RvYesgej4Zofj,WSOL-PURPE,2.97,2.97,0.0,307492,,ebbdda8f-7746-4af9-9d82-1d2f5022b21c,-1.04,1.69,-0.37,https://icons.llamao.fi/icons/protocols/raydium,https://raydium.io
raydium-amm,Eb9qkfiSzKd185KdWLkZrMrejKEbA2ah2BK7spNmoPej,WSOL-ALON,3.97,3.97,0.0,305319,,661d9b85-3750-43c9-a109-154daf11dab3,-1.32,0.31,-17.39,https://icons.llamao.fi/icons/protocols/raydium,https://raydium.io
raydium-amm,HcPgh6B2yHNvT6JsEmkrHYT8pVHu9Xiaoxm4Mmn2ibWw,WSOL-MOTHER,0.26,0.26,0.0,304015,,872ad21b-2cd9-4c55-8714-4f43a39dfa11,-0.33,-1.26,-2.15,https://icons.llamao.fi/icons/protocols/raydium,https://raydium.io
raydium-amm,6a1CsrpeZubDjEJE9s1CMVheB6HWM5d7m1cj2jkhyXhj,STSOL-USDC,1.38,1.38,0.0,303249,,7a82f91e-2f28-4b3a-af08-4d553721dd51,-0.06,0.8,-3.37,https://icons.llamao.fi/icons/protocols/raydium,https://raydium.io
raydium-amm,9n3dSLrERZQp95dHXywft7xV8D8xnGFLaUHtEhQVaXaC,WSOL-PYTH,21.8,21.8,0.0,302655,,1876e235-cc64-4ff1-9c14-9771ace8f110,-18.12,-11.54,-179.36,https://icons.llamao.fi/icons/protocols/raydium,https://raydium.io
gmtrade,7HPU75j2rNV5RPRQPVN6mQ7sfgWgszBzmVYmAohf7PKN,WSOL-USDC,99.18947,99.18947,0.0,302377,,7ed58117-7d83-4134-af76-7682213e9160,7.48398,36.33202,59.99964,https://icons.llamao.fi/icons/protocols/gmtrade,https://gmtrade.xyz
raydium-amm,6s3SQNYDXG77S65nmRk21nprZJh1svg8VveQBJs2mhUK,MVP-USDC,0.09,0.09,0.0,299958,,717e7525-3cdf-5170-b33b-a9460a07998c,0.0,0.0,0.0,https://icons.llamao.fi/icons/protocols/raydium,https://raydium.io
raydium-amm,3vMddpzywoB6P1c4hanA6A5esBecvg2RUW8pCDme6aYq,MVP-USDC,0.01,0.01,0.0,299957,,c7291870-78f6-54ce-bdc5-ba6823bf3696,0.0,-0.04,0.0,https://icons.llamao.fi/icons/protocols/raydium,https://raydium.io
orca-dex,HsK7nknVVv6E9PEuovdQG1orUKvzZnWZfSpXkLpMCy9U,WYT-USDC,84.1215,84.1215,0.0,299740,,e99ed358-5ff6-4aeb-87a2-cf1d38c5cebd,-22.14125,-11.47823,-92.19229,https://icons.llamao.fi/icons/protocols/orca-dex,https://www.orca.so
raydium-amm,4LuGwek6Jv4xpGvsQwZXonmLuRhrpHtmKVs95bN9EkTm,WSOL-BIO,3.71,3.71,0.0,297435,,0b61ca99-1a43-4bc9-8170-86d26aa20e5e,-1.66,0.84,-5.5,https://icons.llamao.fi/icons/protocols/raydium,https://raydium.io
raydium-amm,4AnR1SU1eF2YMadkdkXoQqdf5Hc368nforDGbCiDTVw7,NEET-USDC,10.01,10.01,0.0,295239,,df4a9c30-9169-4a5b-b09e-5e958bd3ceac,2.13,-7.16,-2.19,https://icons.llamao.fi/icons/protocols/raydium,https://raydium.io
kamino-liquidity,1k1LKNtugkPkSVGFfMAFXQoVGRsBNJzphNoghLNGtps,USDC-JITOSOL,4.02808,4.02808,0.0,295111,,42812946-46fa-4dfb-afc2-d6ce8541c3c7,-0.63408,2.89512,-16.76531,https://icons.llamao.fi/icons/protocols/kamino-liquidity,https://kamino.com/liquidity
orca-dex,27ExzqiGapKFd6NhffapRfdSkuykTVUqY5qeuNnrzBNm,SOL-ORE,20.93809,20.93809,0.0,295056,,64bdbf93-387a-4215-b5ae-6fcc908d2e48,-18.32639,-24.05404,-125.03446,https://icons.llamao.fi/icons/protocols/orca-dex,https://www.orca.so
raydium-amm,3Hro9bWkxiyV7ZfH2ZBdqyuNEVZt69ixNyQbAmcvyvys,MSTR-USDC,9.02,9.02,0.0,294442,,19b50b0e-0205-57c1-a76c-f07c26cbf6ab,-40.69,0.0,0.0,https://icons.llamao.fi/icons/protocols/raydium,https://raydium.io
jupiter-lend,Dnrc3CxMiDbcLPNaDVFZKf8SapkbQE6Az2obcKfWwBke,NVDAX,0.0,0.0,0.0,294370,,c4a2e337-9541-43ca-9d85-c8296653e4e7,0.0,-1.005,-1.005,https://icons.llamao.fi/icons/protocols/jupiter-lend,https://jup.ag/?ref=f6y1ryr2snn3
raydium-amm,9fmdkQipJK2teeUv53BMDXi52uRLbrEvV38K8GBNkiM7,WSOL-PWEASE,5.39,5.39,0.0,294108,,b079d173-6ed9-4dc5-845d-96d6301f2a00,4.23,4.04,1.91,https://icons.llamao.fi/icons/protocols/raydium,https://raydium.io
kamino-liquidity,5ESAmxob1RsTrMVt7oaqvyDVoo4eD1Ns7s2xWiK4RjMK,KYSOL-JITOSOL,0.0,0.0,0.0,293719,,89078c25-46af-4855-a513-db4b5d91ed01,0.0,0.0,0.0,https://icons.llamao.fi/icons/protocols/kamino-liquidity,https://kamino.com/liquidity
raydium-amm,529FAHK9P4bZtUtG2qpGemdttE9jDNSEohH5HzoAHMXJ,KYSOL-JITOSOL,0.01,0.01,0.0,292383,,b820fb28-a93a-4d1e-81d0-da3453b98e54,0.0,0.0,0.0,https://icons.llamao.fi/icons/protocols/raydium,https://raydium.io
loopscale,9WWNCEnjyYedjGDaxy3HwQiy67HvZmFNbNKDbnX7qnRV,ZBTC,1.06375,1.06375,0.0,291190,,8544e9ed-02b3-4374-84b6-9d0bd380c1c5,0.21116,0.44383,0.17543,https://icons.llamao.fi/icons/protocols/loopscale,https://loop.sl
raydium-amm,B8YAwjGYk6qidWzGBXMAxP7nYfG8g74EZ3Y4gFSsobRw,GOOGLX-USDC,8.07,8.07,0.0,290462,,f37649e7-52ac-46ae-bf1c-7ff1921c3cf7,-23.98,0.33,-33.04,https://icons.llamao.fi/icons/protocols/raydium,https://raydium.io
gmtrade,5PQpUVKqc2DwqRVVdY8L6DcPCZdimmwKm1tkPnBywrN8,WGMX-USDC,98.06177,98.06177,0.0,289111,,f34faa07-f81b-4214-8656-3f2d6ead7494,-4.19262,-12.69806,39.60246,https://icons.llamao.fi/icons/protocols/gmtrade,https://gmtrade.xyz
project-0,EbuSnXdFz1R4VPdaJ96KQQQmeYgZTHSzpNW94Tw1PE3H,RENDER,0.02767,0.02767,0.0,287921,,dd6fd7f6-77d4-4a97-8cae-cd3d081a3b04,0.0,-0.00345,0.0,https://icons.llamao.fi/icons/protocols/project-0,https://app.0.xyz
raydium-amm,AemYRZmJryzAQ9Z4RLfUBLnPRUY5ecooc94EJvemfti4,WSOL-MOBY,4.81,4.81,0.0,287657,,9c70ed31-a89a-4c6b-b421-6cff1cf6a063,0.18,-0.06,-6.29,https://icons.llamao.fi/icons/protocols/raydium,https://raydium.io
raydium-amm,AU48WDisqPvwUM431WkhhkFoJg76ek44eRnf7NpStc9B,WSOL-WW3,12.97,12.97,0.0,285800,,116ca384-8e49-41cb-9795-e6b9eddc67e3,8.84,12.54,11.66,https://icons.llamao.fi/icons/protocols/raydium,https://raydium.io
jupiter-lend,FW1dgVReFY2DcT6ZYJjhqmbh2evLyobmHaSURYrTao8o,MSOL,0.0,0.0,0.0,285349,,ab045b77-c025-4bb7-ac42-a304ae3539ce,0.0,0.0,0.0,https://icons.llamao.fi/icons/protocols/jupiter-lend,https://jup.ag/?ref=f6y1ryr2snn3
kamino-liquidity,CEz5keL9hBCUbtVbmcwenthRMwmZLupxJ6YtYAgzp4ex,SOL-USDC,0.0,0.0,0.0,285271,,46495b67-7477-48ee-bf03-0637cb2e1aec,-17.5751,-4.42251,-33.38104,https://icons.llamao.fi/icons/protocols/kamino-liquidity,https://kamino.com/liquidity
gmtrade,59uFARJWg7B8wcEuXzvkafiT4DuKemdNCN5bshDbwun9,XPT-USDC,83.62191,83.62191,0.0,284129,,0fe1de2a-b3a6-4575-94a2-f3938da47f79,-0.00111,-3.95141,60.60566,https://icons.llamao.fi/icons/protocols/gmtrade,https://gmtrade.xyz
raydium-amm,GH8Ers4yzKR3UKDvgVu8cqJfGzU4cU62mTeg9bcJ7ug6,WSOL-$MICHI,0.74,0.74,0.0,282357,,120adbda-f023-4067-a9e8-c7b5f16fbb42,0.56,-0.41,-0.52,https://icons.llamao.fi/icons/protocols/raydium,https://raydium.io
loopscale,CnzmsXzfphu7KMbPCGdFZJtwYCUsptvBhqekC2cgj6cY,JITOSOL,0.01448,0.01448,0.0,282074,,11dda3b2-b7e9-4f63-a3fb-0a6bdc4c890c,-3e-05,-1e-05,-0.00072,https://icons.llamao.fi/icons/protocols/loopscale,https://loop.sl
raydium-amm,2dsx41pbyzWjk2uDu9SSjAVtZNFxHp8nwFQmQbvpqn69,USDC-$INF8,0.48,0.48,0.0,280450,,b7ad7adf-ec6e-4e2f-a71d-7cafb4ddff1e,0.0,0.24,0.0,https://icons.llamao.fi/icons/protocols/raydium,https://raydium.io
orca-dex,7YGHXMBpNLcDRLPUJfqzN79WMoh8Qniz52cNuZK6go7b,GP-USDC,2.72283,2.72283,0.0,279886,,aa220686-ff62-4399-a009-2c2cef13e837,-2.16003,1.47778,-6.47852,https://icons.llamao.fi/icons/protocols/orca-dex,https://www.orca.so
raydium-amm,8idN93ZBpdtMp4672aS4GGMDy7LdVWCCXH7FKFdMw9P4,SLIM-WSOL,0.16,0.16,0.0,279729,,3cb668d8-14cf-4c57-bf05-2ec3abd23569,-1.6,0.0,-0.36,https://icons.llamao.fi/icons/protocols/raydium,https://raydium.io
kamino-lend,HokDw9LaDf9qNzJf4F21RjHU3K4pRBkGQENvWnRGyRbn,USDG,2.31897,2.31897,0.0,274521,,91467eee-b713-4237-ab6f-996a849d4a1b,0.05867,-0.1671,-2.65287,https://icons.llamao.fi/icons/protocols/kamino-lend,https://kamino.com/
raydium-amm,BSzedbEvWRqVksaF558epPWCM16avEpyhm2HgSq9WZyy,WSOL-SC,1.31,1.31,0.0,273223,,80c8defd-8541-4099-99d1-b7b072758066,0.41,-0.22,-0.46,https://icons.llamao.fi/icons/protocols/raydium,https://raydium.io
raydium-amm,E6apHnZwJKQH889TkbR7aXZQUKoG6y3HdVkTr55AUvdi,WSOL-DAKU,0.91,0.91,0.0,272242,,7eed560d-f568-495f-85b6-80e84a8c6386,0.67,0.65,0.0,https://icons.llamao.fi/icons/protocols/raydium,https://raydium.io
orca-dex,ig9EkJ63zrSRg7BKMGdyfPfNRCRwxGNVV1FByz26QkC,GEOD-USDC,362.25387,362.25387,0.0,272151,,96b9309a-9bd2-4906-b5dc-b2552fc9f5e3,317.49467,327.99588,320.93952,https://icons.llamao.fi/icons/protocols/orca-dex,https://www.orca.so
loopscale,AzQavRjTFn14RRBvLW2Rt9RzEqLw1Hne7kbrUFWpujx1,USDT,4.37924,4.37924,0.0,271904,,953bc46f-c209-4f30-9c33-6bdec734a208,0.03474,0.46984,-3.50408,https://icons.llamao.fi/icons/protocols/loopscale,https://loop.sl
jupiter-lend,2L6xsj9zKbvxALDroGQHmPx2kCw8RqZ8yru4zceUoB6k,CBBTC,0.0,0.0,0.0,269851,,be0c73e7-3a61-414c-a0d0-a6994960ba50,0.0,0.0,0.0,https://icons.llamao.fi/icons/protocols/jupiter-lend,https://jup.ag/?ref=f6y1ryr2snn3
orca-dex,AfaesbeUBAeh44j3Ddho4pahK6LPB1GjARis6R1DwJbh,STA-STB,0.07038,0.07038,0.0,268954,,d45f3c99-1324-4190-8f04-37f5ae266ab5,-0.24353,0.07038,0.07038,https://icons.llamao.fi/icons/protocols/orca-dex,https://www.orca.so
raydium-amm,424kbbJyt6VkSn7GeKT9Vh5yetuTR1sbeyoya2nmBJpw,WSOL-SIGMA,1.57,1.57,0.0,267354,,f7886da4-e57f-4678-a9b9-0d9cf1d6ccbe,0.51,-10.0,-1.33,https://icons.llamao.fi/icons/protocols/raydium,https://raydium.io
raydium-amm,8GuXrPq6deS1ZzNXYmBjVZ5P48cAmKGrhhpdAn2FURPC,CBBTC-WBTC,0.42,0.42,0.0,266414,,5d03acac-a8dc-4b6f-8363-b9f32bc9162a,0.1,0.17,-1.2,https://icons.llamao.fi/icons/protocols/raydium,https://raydium.io
raydium-amm,9uWW4C36HiCTGr6pZW9VFhr9vdXktZ8NA8jVnzQU35pJ,WSOL-BILLY,0.76,0.76,0.0,265721,,0d75f1be-d77d-4e43-a6eb-a5a5100aa34b,-0.56,-0.1,-0.54,https://icons.llamao.fi/icons/protocols/raydium,https://raydium.io
openeden-tbill,,TBILL,3.12693,3.12693,0.0,265124,,43491afc-b9a5-4f12-974a-1f9cdfb5d7d5,0.0,0.09006,-0.50159,https://icons.llamao.fi/icons/protocols/openeden-tbill,https://portal.openeden.com
raydium-amm,14ikayyXmmi96rNqq6kDWGAUbRWLMTjXbXYTfw2Eey1,GEOD-USDC,175.21,175.21,0.0,261908,,a02cd4c1-d31d-4a3b-811a-7f2f13d5e365,149.47,150.78,144.74,https://icons.llamao.fi/icons/protocols/raydium,https://raydium.io
raydium-amm,AXrT4yPyUcYAjjQomNK6pYxghQsoFL6zTYGcwxMjobMd,VND-USDT,0.05,0.05,0.0,261038,,5798b73d-8dc6-57ce-be13-b449e4f61442,0.0,0.0,0.0,https://icons.llamao.fi/icons/protocols/raydium,https://raydium.io
orca-dex,Fae5dWVntUt6zbWu2voXxioDpMii7SqQwtsxBmoVCsHR,SPYX-USDC,3.6962,3.6962,0.0,259666,,119990a9-9784-4203-b72d-70fa7bcd6769,-5.20697,1.43532,-2.29676,https://icons.llamao.fi/icons/protocols/orca-dex,https://www.orca.so
raydium-amm,HzLxx6SoViXoqB2KYDGT1gWEckZ9ooRnv8n3xN6uvfez,WSOL-$1,0.95,0.95,0.0,259118,,02d1793e-b2b6-4b0f-a0e2-248810a0ba45,-0.38,0.36,-1.61,https://icons.llamao.fi/icons/protocols/raydium,https://raydium.io
raydium-amm,hzZaxBF4J6sKNhGtDt2TK1sgEDY31YUzfnkthWA5LpB,WSOL-LYNK,2.05,2.05,0.0,258832,,321afd81-def7-4df5-9034-c7c3b19ec321,0.52,0.59,-1.67,https://icons.llamao.fi/icons/protocols/raydium,https://raydium.io
raydium-amm,5eLRsN6qDQTQSBF8KdW4B8mVpeeAzHCCwaDptzMyszxH,RETARDIO-WSOL,5.56,5.56,0.0,258195,,3fee280d-8834-4dc7-ac1f-bb395ff332da,3.1,1.81,-11.24,https://icons.llamao.fi/icons/protocols/raydium,https://raydium.io
orca-dex,,-USDT,0.00284,0.00284,0.0,257762,,a59781ef-4f2e-5cc2-bb74-1f9a3eda5dd0,0.0,0.0,0.0,https://icons.llamao.fi/icons/protocols/orca-dex,https://www.orca.so
orca-dex,,USJD-USDT,0.00284,0.00284,0.0,257747,,164ac479-c725-5cd1-8cec-e5b40bae04f1,0.0,0.0,0.0,https://icons.llamao.fi/icons/protocols/orca-dex,https://www.orca.so
orca-dex,,-USDT,0.00284,0.00284,0.0,257747,,c2847e78-2c68-5d90-bb8b-5eda841f4e5e,0.0,0.0,0.0,https://icons.llamao.fi/icons/protocols/orca-dex,https://www.orca.so
orca-dex,,-USDT,0.00287,0.00287,0.0,257729,,27b7be45-8e0a-5d11-b4ca-725c44e76564,0.0,0.0,0.0,https://icons.llamao.fi/icons/protocols/orca-dex,https://www.orca.so
raydium-amm,4VvzsRDiBKX3vhMMRbwq7VrNnJK3JP7SxRAzAVDtf8Xs,ASDBF-USDT,0.02,0.02,0.0,253814,,6a78af45-4d2a-5fc2-8f89-b72306bae4f2,0.0,0.0,0.0,https://icons.llamao.fi/icons/protocols/raydium,https://raydium.io
orca-dex,,USJD-USDC,0.00202,0.00202,0.0,253722,,051e7e64-c147-5ec6-8cc4-8955615c47d5,0.0,0.00057,0.0,https://icons.llamao.fi/icons/protocols/orca-dex,https://www.orca.so
orca-dex,,DHXC-USDT,3e-05,3e-05,0.0,253481,,9a69b71d-4c39-586a-a9ce-d22683a882d5,0.0,0.0,0.0,https://icons.llamao.fi/icons/protocols/orca-dex,https://www.orca.so
orca-dex,,DHGK-USDT,0.00155,0.00155,0.0,253480,,587b6cad-52fc-5b4a-9667-36bfeadbd566,8e-05,0.0,0.0,https://icons.llamao.fi/icons/protocols/orca-dex,https://www.orca.so
raydium-amm,85ZBMXWLWEnqQqXDTP3Jgtxs9CLKDJuVpxYxmxEDD894,VND-USDT,0.07,0.07,0.0,252186,,64620a05-2571-5b27-8f3a-4df65b5ea84d,0.0,0.0,0.0,https://icons.llamao.fi/icons/protocols/raydium,https://raydium.io
jupiter-lend,nMzVs8GiXMVUENEwkev7JZfDcCENmz18ScheeVRdnb1,WSOL,4.19539,4.19539,0.0,251916,,560e31a8-538a-4050-b665-18be965666ba,-0.03126,0.15616,-0.12509,https://icons.llamao.fi/icons/protocols/jupiter-lend,https://jup.ag/?ref=f6y1ryr2snn3
raydium-amm,GTJ2S27UL7yZ3TdTwpKjfNcxeEZRkRPHjpj5Fubwb8Mk,WSOL-GRASS,0.76,0.76,0.0,251512,,acd2a7e0-55ee-46ee-a1b2-66298b60cb0e,-0.19,0.13,-2.78,https://icons.llamao.fi/icons/protocols/raydium,https://raydium.io
kamino-liquidity,2UUwQFRKFrUH6Rd3pNsGWtBmEUenN38gD9WEBZHouWiX,WM-USDC,0.0,0.0,0.0,250312,,3ad89506-20cc-4dd3-a8ce-79415ce4e3a1,0.0,0.0,0.0,https://icons.llamao.fi/icons/protocols/kamino-liquidity,https://kamino.com/liquidity
orca-dex,AfaesbeUBAeh44j3Ddho4pahK6LPB1GjARis6R1DwJbh,STA-STB,0.05673,0.05673,0.0,248944,,8c242a8c-523a-4878-8b25-b714abae09a4,-0.09924,0.0492,0.05673,https://icons.llamao.fi/icons/protocols/orca-dex,https://www.orca.so
raydium-amm,Bx5pAzBqbuYH5yT93XCoShDka6d6vz9AzBddG7zE9syh,WSOL-CAR,0.21,0.21,0.0,244907,,f2862af0-8985-4624-bc82-065c42613ffb,0.0,-0.17,0.0,https://icons.llamao.fi/icons/protocols/raydium,https://raydium.io
raydium-amm,HMqJNKrVf24mUVgdWC4LjuLxWgMBrGU7HAWLji6hLaJQ,WSOL-DREAMS,0.94,0.94,0.0,243945,,6cd9f06a-5abc-482d-9116-26f381fd8917,0.06,-4.37,-5.16,https://icons.llamao.fi/icons/protocols/raydium,https://raydium.io
raydium-amm,B6R72jxHaBU1kaJ9chKRyV82pWnUFjZiJZpMZ61hC17M,INC-WSOL,1.2,1.2,0.0,243863,,5a23252d-e4b7-422c-a6ad-7727ef0df05e,-0.03,0.16,-1.53,https://icons.llamao.fi/icons/protocols/raydium,https://raydium.io
raydium-amm,HtNfUbDaBamCBPWCFiESkXpewvwVLkwrSWRjjV8FNT7i,SHIT-USDT,0.81,0.81,0.0,242635,,7c0812aa-a058-4ec4-a00f-a8dfe5eaf895,-0.61,-0.01,-1.06,https://icons.llamao.fi/icons/protocols/raydium,https://raydium.io
raydium-amm,DDNiT5N6YFcDimtPfspoEQmLSh9ezrV32dTxxEjoNgyV,OUYI-USDT,0.01,0.01,0.0,241525,,2f052685-9d3d-52bc-a8e5-0e55e04e5109,0.0,0.0,0.0,https://icons.llamao.fi/icons/protocols/raydium,https://raydium.io
orca-dex,5wiH1U8kccWcQoES2RMM8cjkdXGaDNwMFMhmyGM75aGS,USDC-FRXUSD,8e-05,8e-05,0.0,241007,,a8f58a27-63f0-4511-b642-1ee93a63d00d,4e-05,6e-05,-0.00011,https://icons.llamao.fi/icons/protocols/orca-dex,https://www.orca.so
raydium-amm,F4HDXnULqjSbWcL5VwEUcpjueQop3gDteusSqaXBEyW4,MLG-WSOL,2.33,2.33,0.0,240979,,784c24d2-8578-4124-9f30-068cb6522388,2.09,1.28,-0.92,https://icons.llamao.fi/icons/protocols/raydium,https://raydium.io
kamino-liquidity,2rci4UNuULhVAAad3TZpaaapE11YMqGNNkL4n69Eg5uH,USDC-FRXUSD,0.0,0.0,0.0,240943,,e46ae0fd-0abb-48e8-a90c-82666fef74fb,0.0,0.0,0.0,https://icons.llamao.fi/icons/protocols/kamino-liquidity,https://kamino.com/liquidity
orca-dex,9aJrewHLYMjXiZK5u2UU4aWi4R3jFGtoKJJo4AaHYyjt,TGBP-USDC,0.00044,0.00044,0.0,240544,,9994027b-8888-472a-a1a6-6b76f1c362a8,-0.36895,-0.00223,-0.74125,https://icons.llamao.fi/icons/protocols/orca-dex,https://www.orca.so
raydium-amm,J28smrHeDLYHPZCJLVHExsiMifEDswFHobHpEQrYHdjL,WSOL-KORI,14.32,14.32,0.0,240142,,6920d26e-1f5e-44cd-a925-cd09c73e5bba,9.8,10.69,0.57,https://icons.llamao.fi/icons/protocols/raydium,https://raydium.io
raydium-amm,BwDCiMxHpWQB31qmLUiNyJvjdZmNChvEMv99ZcWVrciT,USDT-NPRY,0.17,0.17,0.0,239775,,a9ba51b1-fc62-4e99-8234-6778bfc27314,0.0,0.0,0.0,https://icons.llamao.fi/icons/protocols/raydium,https://raydium.io
raydium-amm,AtWMAA6T9t8cq8XCccCFPGDNNQYXhScuNuY6WVRi7FKe,LOCKIN-WSOL,6.17,6.17,0.0,236211,,b3aa20ae-6e2c-4f68-b1ed-b36b76caa649,1.3,3.23,-3.37,https://icons.llamao.fi/icons/protocols/raydium,https://raydium.io
raydium-amm,EyktEFod1gAgsuM1hXmEpqkitFFk9XczkqLPx2vKiceg,WSOL-STNK,4.82,4.82,0.0,236192,,8213e8ac-65e1-4fdd-86e6-2e22461d4262,2.24,3.18,-15.23,https://icons.llamao.fi/icons/protocols/raydium,https://raydium.io
raydium-amm,DbsTAmxnFAWRvigSks6DahpKi5Ypz3w2BMKEejTJcGGm,DUSD-USDT,0.77,0.77,0.0,235417,,dd71d1a6-4292-4e94-9ff8-a48ec9cb9d21,-1.08,0.59,0.69,https://icons.llamao.fi/icons/protocols/raydium,https://raydium.io
orca-dex,CaQLX9EYyEeSFqaV3E6wcqv4W4KYrF3PTmWdzd5v6upd,CBBTC-XBTC,0.7848,0.7848,0.0,234640,,5da5ddfa-7b18-4b3c-bb01-380174cbf449,-2.72486,0.5206,-3.53974,https://icons.llamao.fi/icons/protocols/orca-dex,https://www.orca.so
raydium-amm,9TWza3BboPuuEopdm3kKSh7Cs8h9qnUoF7nn988p4dYf,AIXDROP-USDT,0.61,0.61,0.0,230556,,ca0151ad-7189-40de-be1b-c945b55efcdf,0.0,-10.6,-3.97,https://icons.llamao.fi/icons/protocols/raydium,https://raydium.io
orca-dex,AmXR6YeshKfnx23gQpJkktUXoGb7cAXi5hWk3w2pw1a3,SOL-RENDER,2.9544,2.9544,0.0,230383,,4376015c-0cde-4a59-b7cc-ed2ee92277c1,-0.81614,1.74117,-13.97136,https://icons.llamao.fi/icons/protocols/orca-dex,https://www.orca.so
raydium-amm,3Cv7Z8KN21M6Ur6nTeKiKEPcjTuEAg87Ciu6cC3gRnw6,WSOL-CHUD,3.57,3.57,0.0,230198,,bb353c21-5286-4630-bf1a-48ae29532198,-5.76,2.59,-2.29,https://icons.llamao.fi/icons/protocols/raydium,https://raydium.io
raydium-amm,Y8YyWu9gyCYSomE99JkDvsfR4eHNEeQpWtR8quGpBwX,WSOL-SHOGGOTH,3.22,3.22,0.0,229775,,77c94b35-97d2-44ff-9c51-4d5492907d8d,-0.45,1.21,1.1,https://icons.llamao.fi/icons/protocols/raydium,https://raydium.io
orca-dex,AfaesbeUBAeh44j3Ddho4pahK6LPB1GjARis6R1DwJbh,STA-STB,0.08525,0.08525,0.0,228467,,16f27e39-47da-4d2d-a015-6c4ff795647e,0.04845,0.08398,0.08389,https://icons.llamao.fi/icons/protocols/orca-dex,https://www.orca.so
orca-dex,,KRDB-USDT,9e-05,9e-05,0.0,228324,,1fe16cbf-693f-5188-8d75-6a5de16fb9fb,0.0,0.0,0.0,https://icons.llamao.fi/icons/protocols/orca-dex,https://www.orca.so
kamino-liquidity,Eud3oi6ibDdYyE5UoeaSWH3vttsuSU4ikHc5oY2E9831,SOL-INF,0.0,0.0,0.0,227770,,f4f1b5a0-2ef0-42aa-947b-a5d64ecfc6d8,0.0,0.0,0.0,https://icons.llamao.fi/icons/protocols/kamino-liquidity,https://kamino.com/liquidity
raydium-amm,3ceKnrpPPUuz9FVsDJuYfTqbK5ia6KND7SQwcnRJ38KC,WSOL-SOLARBA,0.28,0.28,0.0,225445,,cbd46388-671e-4505-a4e3-b27844be3a24,0.0,0.0,0.0,https://icons.llamao.fi/icons/protocols/raydium,https://raydium.io
save,7ED1Yofz9n2E3kGHfineuqxUDrN38EKbpSfiRJ5HPJh2,SSOL,0.0,0.0,0.0,224773,,db23a9ec-173b-48ac-a722-a8adccf2aa5a,0.0,0.0,0.0,https://icons.llamao.fi/icons/protocols/save,https://www.save.finance/
raydium-amm,AWcXGpmBGvhyZgWE4rEfSTFoDgHHrHa12fhyjqBvqeUL,WSOL-LUIGI,13.82,13.82,0.0,224645,,36c21e83-644e-4458-a4eb-01de17b64269,7.1,13.47,0.0,https://icons.llamao.fi/icons/protocols/raydium,https://raydium.io
raydium-amm,5kVuCHxF7BLE7TiqiqkQLBfRJ3mYQQBb6Lhsqch1eowA,WSOL-SMR,0.27,0.27,0.0,224062,,140b80e2-1e1d-4b7b-9a54-9ba3383a8b01,0.0,0.0,-0.32,https://icons.llamao.fi/icons/protocols/raydium,https://raydium.io
orca-dex,4AFAkCSkSNmra64irggEFd8ZtF4WCtFe51qVaFFNBL2D,PUMP-USDC,167.56144,167.56144,0.0,223460,,ab934c8c-713f-48af-9dde-83844a7fb31a,61.14058,137.2918,120.91704,https://icons.llamao.fi/icons/protocols/orca-dex,https://www.orca.so
raydium-amm,DRW2W2VzaXSSSZP9M1tB8LQKamY5qmEKTK7L3UUEbtUH,WSOL-VATRENI,1.37,1.37,0.0,223350,,83c135f3-e327-4f2d-be2e-ae33ccb2a77c,0.18,-0.27,-59.59,https://icons.llamao.fi/icons/protocols/raydium,https://raydium.io
raydium-amm,BLNidhiuiovET21aeQtnj7wQNdXdvPSeLo3ZjUCqKMzK,BORGY-BORG,1.02,1.02,0.0,222683,,0b08958d-d01e-4068-99cd-55858110afd2,-3.05,-7.99,-7.18,https://icons.llamao.fi/icons/protocols/raydium,https://raydium.io
jupiter-lend,FW1dgVReFY2DcT6ZYJjhqmbh2evLyobmHaSURYrTao8o,MSOL,0.0,0.0,0.0,222331,,5c4f5416-5645-4b99-baaa-651f34d6f01e,0.0,0.0,0.0,https://icons.llamao.fi/icons/protocols/jupiter-lend,https://jup.ag/?ref=f6y1ryr2snn3
raydium-amm,7dNW2mhCtqoZcDuyRbj5LMoeFsS9TpaCdSkk4qMstGPm,WSOL-KITTY,20.71,20.71,0.0,221766,,590ca2b4-5dee-4423-b912-eb0d7ad030cc,0.3,-94.52,-285.7,https://icons.llamao.fi/icons/protocols/raydium,https://raydium.io
loopscale,B8bhzZb3i4BMXbUkp1uo6thxoSZWjbXvEAKknfzF6YTN,HYUSD,7.44258,5.25085,2.19173,221689,5YMkXAYccHSGnHn9nob9xEvv6Pvka9DZWH7nTbotTu9E,da576830-547b-4119-a0aa-6e837fcc5b47,-0.36907,1.40398,5.10402,https://icons.llamao.fi/icons/protocols/loopscale,https://loop.sl
raydium-amm,4Ro3pG1XZgSJENfgCccNgQqrHYVqhHjwcL27oHmXMMTG,SOLCEX-WSOL,3.81,3.81,0.0,221591,,3311c809-c3e2-4d3c-b23b-a5493fdc5f56,-3.6,-1.72,-15.39,https://icons.llamao.fi/icons/protocols/raydium,https://raydium.io
orca-dex,AyopEqi7QjhYbTHsjPyFWRxBS5Q4NaNpbTdLEjLujE5w,ST-STB,0.01597,0.01597,0.0,221129,,1d94c97a-4b3d-4044-8341-2d1c8d45497e,-0.00468,0.01532,0.01597,https://icons.llamao.fi/icons/protocols/orca-dex,https://www.orca.so
orca-dex,B4TEJYXCAfJkfwP6WrHrhFAUVKDeyeLyzEWE7gVQjXEE,SOL-$GOAT,0.0,0.0,0.0,220901,,be912298-d7d4-4641-8029-624ed7ef86d7,0.0,0.0,0.0,https://icons.llamao.fi/icons/protocols/orca-dex,https://www.orca.so
raydium-amm,FYAnFcdjkcfAkbtZqixnTqNVLoDjJft82L5FFgPaSWe3,WSOL-LABUBU,4.15,4.15,0.0,220814,,751e204d-73a7-42b3-ab05-8ad6f6459a75,3.16,2.72,-3.97,https://icons.llamao.fi/icons/protocols/raydium,https://raydium.io
orca-dex,,OKU-USDT,0.08278,0.08278,0.0,220226,,dc12ca29-af90-5dca-ae69-eab4a6cff722,0.0,0.0,0.0,https://icons.llamao.fi/icons/protocols/orca-dex,https://www.orca.so
orca-dex,,-USDT,0.08443,0.08443,0.0,220210,,f49901d7-f6c4-510f-ba55-ddaf0b3115c0,0.0,0.0,0.0,https://icons.llamao.fi/icons/protocols/orca-dex,https://www.orca.so
gmtrade,59uFARJWg7B8wcEuXzvkafiT4DuKemdNCN5bshDbwun9,AAPL-USDC,54.11389,54.11389,0.0,220102,,7b56ac37-1249-4ae8-bd5d-2494f3ac7499,-0.00071,16.26705,26.2122,https://icons.llamao.fi/icons/protocols/gmtrade,https://gmtrade.xyz
raydium-amm,3ZQPHrpt5QSM1s4V2Ha8nYBgSSsrjLzuEHZeyZjw2af9,WSOL-MNSRY,1.14,1.14,0.0,219632,,b167895a-90bb-47ec-82af-8a5322bfbc24,0.58,0.98,0.46,https://icons.llamao.fi/icons/protocols/raydium,https://raydium.io
orca-dex,AfaesbeUBAeh44j3Ddho4pahK6LPB1GjARis6R1DwJbh,STA-STB,0.18555,0.18555,0.0,218963,,2de9f745-52b6-4792-b2ea-f3b3d2b3bc5f,0.15531,0.18253,0.18555,https://icons.llamao.fi/icons/protocols/orca-dex,https://www.orca.so
orca-dex,BMyKzRPegAvXHCPsg1MME6FVBv9C9HxfUHn1veWneg6A,STA-ST,0.02058,0.02058,0.0,218921,,b58a74b1-b6c4-463c-b5fc-c53b90616ac1,0.01166,0.01652,0.01971,https://icons.llamao.fi/icons/protocols/orca-dex,https://www.orca.so
raydium-amm,A4Wp7FQicQztidaKcxVDnZYcuZJJCaByJdca7WmoQA1G,WSOL-,0.37,0.37,0.0,218717,,4380ffa9-a513-45c8-a26f-a02cad5f433c,-0.62,-0.92,-3.51,https://icons.llamao.fi/icons/protocols/raydium,https://raydium.io
project-0,BeNBJrAh1tZg5sqgt8D6AWKJLD5KkBrfZvtcgd7EuiAR,UXD,0.0,0.0,0.0,218477,,02fe080b-6547-4ebf-a6a3-55f4bc02f75c,0.0,0.0,0.0,https://icons.llamao.fi/icons/protocols/project-0,https://app.0.xyz
orca-dex,AU971DrPyhhrpRnmEBp5pDTWL2ny7nofb5vYBjDJkR2E,WHETH-USDC,9.94517,9.94517,0.0,218212,,26536872-0af7-423c-9ff5-91c410d2d49c,-4.64922,5.45073,-12.20503,https://icons.llamao.fi/icons/protocols/orca-dex,https://www.orca.so
orca-dex,62xUy3X5qeFzE36tbvnAod8wDf7MT6CJmjnVkNeZQpKV,BOOP-USDC,0.27189,0.27189,0.0,217981,,cf60d922-ec26-47be-ba90-26635dde94dd,0.26884,0.25416,0.27021,https://icons.llamao.fi/icons/protocols/orca-dex,https://www.orca.so
kamino-lend,DD4RN8t37nmw7EANW37ejdDEuFz9Tmf3TZTN7jxKsE8i,USDC,1.7972,1.7972,0.0,217410,,528a7553-250b-5d1a-ac69-223bf9c896f6,-0.96883,0.86403,1.58009,https://icons.llamao.fi/icons/protocols/kamino-lend,https://kamino.com/
raydium-amm,HXH2Wp1NQ2iCo2RV5hQzmcirh7tvjsGWYKchY8ZjbbR7,WSOL-MUSHU,12.61,12.61,0.0,216089,,9964e7fa-5c24-48f6-a8b0-2922246ced06,-29.55,2.08,-286.54,https://icons.llamao.fi/icons/protocols/raydium,https://raydium.io
raydium-amm,DeAWLtRGAqCW7imV1jSC9NZkRKKGStFC1U7eDFBRxryR,WSOL-$COLLAT,1.31,1.31,0.0,215927,,46b6c98f-bc90-4e02-b535-6f52f737f64e,0.58,0.38,-5.75,https://icons.llamao.fi/icons/protocols/raydium,https://raydium.io
raydium-amm,6ipSysvprRVvyAcHUcQc5aeXioBUen9DWivSUx3UfkCS,WSOL-ALNOOR,0.21,0.21,0.0,215736,,23192a08-98c7-411d-9c2a-f387259b436b,-0.8,-1.69,-89.22,https://icons.llamao.fi/icons/protocols/raydium,https://raydium.io
raydium-amm,G4P3ptRvrM9qzvfy4K5aPnq8KnbCQCU8uGxTYoM8Uumt,YAFA-WSOL,0.23,0.23,0.0,215369,,ed24b8c5-8f9d-4906-b86b-ceebca6fbc3d,0.0,0.0,0.0,https://icons.llamao.fi/icons/protocols/raydium,https://raydium.io
gmtrade,5PQpUVKqc2DwqRVVdY8L6DcPCZdimmwKm1tkPnBywrN8,WGMX-USDC,87.18914,87.18914,0.0,215316,,892ecfd5-1eb1-4294-af2a-9a6ad79bdd18,-10.15736,-35.42359,-50.52623,https://icons.llamao.fi/icons/protocols/gmtrade,https://gmtrade.xyz
save,5sjkv6HD8wycocJ4tC4U36HHbvgcXYqcyiPRUkncnwWs,STSOL,0.0,0.0,0.0,215075,,c698e697-71e5-4ddd-993f-4d991b3bf2af,0.0,0.0,0.0,https://icons.llamao.fi/icons/protocols/save,https://www.save.finance/
orca-dex,7XFiNgEcwiUUKw4GadjHv87kGSef3RKqh4TYmnkErtmB,CBBTC-JLP,5.37416,5.37416,0.0,214366,,793745f5-f320-416e-9c86-53a5d4e02c99,-3.56287,0.97236,-20.46558,https://icons.llamao.fi/icons/protocols/orca-dex,https://www.orca.so
gmtrade,59uFARJWg7B8wcEuXzvkafiT4DuKemdNCN5bshDbwun9,TSLA-USDC,43.38132,43.38132,0.0,213743,,e61dbb1b-24aa-4380-a001-644d2c68b2ce,-0.00057,9.05579,-20.46118,https://icons.llamao.fi/icons/protocols/gmtrade,https://gmtrade.xyz
kamino-lend,8rM1AY8M4YP4xNVmxhKnEUnj5CRWrcbcHpcgMoDfgqVi,USDG,2.31912,2.31912,0.0,213575,,bb4bbafc-e89d-44db-a438-5c5b2b8ed368,0.06255,-0.16697,-2.65294,https://icons.llamao.fi/icons/protocols/kamino-lend,https://kamino.com/
raydium-amm,6UYbX1x8YUcFj8YstPYiZByG7uQzAq2s46ZWphUMkjg5,BODEN-WSOL,3.71,3.71,0.0,213516,,e864d064-1fda-4038-966a-0bfbeaec06b1,3.17,3.55,2.73,https://icons.llamao.fi/icons/protocols/raydium,https://raydium.io
raydium-amm,7cjgE6PwoNqfXjayUvUDE7TCS2GmPNnP1jCT29jT3JVJ,MEMDEX-WSOL,0.22,0.22,0.0,212659,,fad5482d-022b-4073-9467-c5a1a483d08a,-0.03,-0.72,-1.0,https://icons.llamao.fi/icons/protocols/raydium,https://raydium.io
raydium-amm,AVs9TA4nWDzfPJE9gGVNJMVhcQy3V9PGazuz33BfG2RA,WSOL-RAY,1.55,1.55,0.0,212398,,d22bddb4-be16-437e-a08a-0cb51893f1f0,-0.27,0.72,-13.27,https://icons.llamao.fi/icons/protocols/raydium,https://raydium.io
gmtrade,59uFARJWg7B8wcEuXzvkafiT4DuKemdNCN5bshDbwun9,XPD-USDC,70.1998,70.1998,0.0,211231,,36384f68-0f24-4775-8efd-c1f6828f8f08,-0.00092,-12.99632,47.32826,https://icons.llamao.fi/icons/protocols/gmtrade,https://gmtrade.xyz
raydium-amm,HQWsAXxH3dGy9DQbryJyDrquKt2eDY6MMHWmpUEKfgZq,WSOL-LUCE,0.22,0.22,0.0,210548,,de6ae7aa-b6ab-4af2-bdab-a265010d9df8,0.0,-0.42,-0.23,https://icons.llamao.fi/icons/protocols/raydium,https://raydium.io
raydium-amm,7SJ5UKJoqBUGjt1PT7AeSF7FKPgpnxeYMHHcejTiGQzc,WSOL-HAROLD,0.53,0.53,0.0,207677,,4f11cf50-aa7c-43b4-9282-c79e5655d8f8,0.26,0.31,-0.49,https://icons.llamao.fi/icons/protocols/raydium,https://raydium.io
raydium-amm,2heEe7SnmSap5CvYaEPLLws8kaYJtzA5k2Chwnm5ed3V,VNXAU-USDC,0.14,0.14,0.0,207001,,a26d57e4-7e35-4113-9e94-1f4c5127c34e,-0.73,-0.19,-7.56,https://icons.llamao.fi/icons/protocols/raydium,https://raydium.io
project-0,GJCi1uj3kYPZ64puA5sLUiCQfFapxT2xnREzrbDzFkYY,HSOL,0.00958,0.00958,0.0,204743,,0987e700-a43d-4c5b-b226-2d61f4390f0b,0.0,-3e-05,0.0,https://icons.llamao.fi/icons/protocols/project-0,https://app.0.xyz
raydium-amm,HvAqakZgurMR2br1eGWPU6EeFcxzmeW8n6Mn7ejEf3DV,WSOL-NEIRO,0.36,0.36,0.0,204393,,05cc0a87-c502-4bd1-a48a-42cb979910e5,0.05,-0.66,-0.25,https://icons.llamao.fi/icons/protocols/raydium,https://raydium.io
raydium-amm,7r4wGKM85HSxrX9XcsxVrMDoJp7hjZApvv5XReJ23Qyq,SOLAOO-ETH-USDT,0.01,0.01,0.0,203927,,ea9f4b85-32be-57ff-b33d-22652c44085b,0.0,0.0,0.0,https://icons.llamao.fi/icons/protocols/raydium,https://raydium.io
raydium-amm,AiP94aqcnsxPfHTQLerdwNACedhmEUxMaaSxevS2Drxm,WSOL-READY,220.97,220.97,0.0,203798,,10aba9d6-02ab-4cca-9475-2d0f822fff8b,-264.64,71.31,115.68,https://icons.llamao.fi/icons/protocols/raydium,https://raydium.io
raydium-amm,AHNN6JmvaGG6XUoSg7sEr38gRYDB2jTbUvqXVuqaRHpq,SPCXX-USDC,9.6,9.6,0.0,202185,,8feb7ee9-2530-4168-860a-ee444c809da7,-7.17,0.56,-37.9,https://icons.llamao.fi/icons/protocols/raydium,https://raydium.io
orca-dex,3oL8urV54Lm9ZAFemSegmQox6oEzCJ2kag6hbWKbHt6w,META-USDC,571.53144,571.53144,0.0,201043,,eb90f418-b91a-4d57-a1ab-6356eff3c4d0,567.78041,571.38769,571.21842,https://icons.llamao.fi/icons/protocols/orca-dex,https://www.orca.so
orca-dex,83cSZEQfeVtUTgtYXPXNCQYM97R4FijzXimGnNzwd35V,JLP-SYRUPUSDC,4.91865,4.91865,0.0,200397,,716830b1-61b7-4079-9625-6f5063dfb999,2.91907,2.85503,-2.87602,https://icons.llamao.fi/icons/protocols/orca-dex,https://www.orca.so
orca-dex,AfaesbeUBAeh44j3Ddho4pahK6LPB1GjARis6R1DwJbh,STA-STB,0.01172,0.01172,0.0,199911,,2c5c3972-cd71-4b9e-b0cb-3803d14ae37c,0.00395,0.01113,0.00918,https://icons.llamao.fi/icons/protocols/orca-dex,https://www.orca.so
raydium-amm,ATH32pbLRupjq8YNUHQWaJbgBbGPRbrw2GZw5jdZXiRr,PBTC-WSOL,9.36,9.36,0.0,198649,,1a81b580-d291-4a70-96c9-24ccd2d9a708,-4.63,4.14,3.08,https://icons.llamao.fi/icons/protocols/raydium,https://raydium.io
project-0,3VCkXWAmE5DSwYRpqGFnkUz7vvD2RKbhFvrhzLuE8msu,ALGO,0.0,0.0,0.0,198222,,af449b8a-3085-5bf0-a2de-ef9150de7f0c,0.0,0.0,0.0,https://icons.llamao.fi/icons/protocols/project-0,https://app.0.xyz
raydium-amm,9NJ7rtJzEnfwvoM6HyB2v6YHcsfS6ZY9DFGprphVX6W,WSOL-COINX,19.6,19.6,0.0,198125,,1aa2981e-1565-4471-879c-bcd0d2e8236a,-254.15,16.92,-59.95,https://icons.llamao.fi/icons/protocols/raydium,https://raydium.io
orca-dex,AfaesbeUBAeh44j3Ddho4pahK6LPB1GjARis6R1DwJbh,STA-STB,0.0,0.0,0.0,197345,,01240443-2874-4c3e-8763-4198e289eea2,0.0,0.0,0.0,https://icons.llamao.fi/icons/protocols/orca-dex,https://www.orca.so
raydium-amm,8zeP7sqNXpPcoUXMhDWb7eNSy7aZQCvEALr1JuijdckX,WSOL-DORA,1.17,1.17,0.0,196485,,262937a5-e0ee-4585-94fc-8e47e83e98a2,0.55,0.0,-0.2,https://icons.llamao.fi/icons/protocols/raydium,https://raydium.io
raydium-amm,4EbdAfaShVDNeHm6GbXZX3xsKccRHdTbR5962Bvya8xt,AUDIO-USDC,1.57,1.57,0.0,195555,,bad3c34a-cd03-4f09-ada1-2d0e09d0752b,0.33,1.01,-0.99,https://icons.llamao.fi/icons/protocols/raydium,https://raydium.io
raydium-amm,6Qvsp2jjMQMZURHxkDboX9FFbz7Anu1Uf9AALRz6z3RA,WSOL-SPC,8.04,8.04,0.0,192231,,952ac281-0d4c-5f79-94dd-8f8f148a8f86,5.27,0.0,0.0,https://icons.llamao.fi/icons/protocols/raydium,https://raydium.io
raydium-amm,7SKNvQ4UNhMRe7wEVWatBsCmK5nhk2a2qJYxaNyX4jBd,HKLU-USDT,0.03,0.03,0.0,191959,,5bcbe2d5-f968-5b6b-8122-7075dd0f52ac,0.0,0.0,0.0,https://icons.llamao.fi/icons/protocols/raydium,https://raydium.io
raydium-amm,74hhaf2zvrBq8467FdVjicGT7oYLrjvWUTawN3qPt4b1,SOLANN-ETH-USDT,0.01,0.01,0.0,191946,,83bea6c7-f29b-5c33-b8e6-79f591d1e834,0.0,0.0,0.0,https://icons.llamao.fi/icons/protocols/raydium,https://raydium.io
raydium-amm,7QJMmNPmq8YHb5AvfpFfZKsJJhFM7NiECt3EPCB7Q5vB,SOLAN-BCH-USDT,0.04,0.04,0.0,191943,,8069a7d4-1ab4-5906-8921-db33c09165d5,0.0,0.0,0.0,https://icons.llamao.fi/icons/protocols/raydium,https://raydium.io
kamino-lend,3xSpNvuHAfyzpWxUg2kJkVHWhrBcGLL7RxkZyzecQZkw,POPCAT,0.0,0.0,0.0,190208,,8cb9ce6e-96ff-4ddb-8269-35b8ac505679,0.0,0.0,0.0,https://icons.llamao.fi/icons/protocols/kamino-lend,https://kamino.com/
raydium-amm,ACw7FCuKGyE3PyayLatjajzWhqkgtE3GWMxFNDo48S1V,TATO-USDC,0.3,0.3,0.0,189708,,2bfc88be-6f91-49d6-8f75-9a2debcc16d3,0.02,0.12,0.0,https://icons.llamao.fi/icons/protocols/raydium,https://raydium.io
raydium-amm,8iQFhWyceGREsWnLM8NkG9GC8DvZunGZyMzuyUScgkMK,RAY-ETH,0.33,0.33,0.0,189621,,61d3125a-9bc7-4562-9d73-316da2dcd15a,-0.18,-0.2,-1.1,https://icons.llamao.fi/icons/protocols/raydium,https://raydium.io
raydium-amm,9iL89qfbTMWygtawzGikL2j6ASbRYX7XSM5ePUcoQ5fk,WSOL-FRIC,0.93,0.93,0.0,189313,,603797bc-91d7-46b9-81d9-fca30928c800,-0.06,-0.98,0.27,https://icons.llamao.fi/icons/protocols/raydium,https://raydium.io
raydium-amm,CJcu7ciRHBHu4BDnpLgAUm1A6iSp9RuhJMG36rjjrxnd,HEGE-WSOL,0.48,0.48,0.0,189186,,ffdcec91-60d1-4b53-9348-a593d6ed9725,-2.84,0.25,0.0,https://icons.llamao.fi/icons/protocols/raydium,https://raydium.io
raydium-amm,HHNPd8DpneXbaYBiGC7SU28mYxocbkMznPABPN3sGTyU,INTC-USDC,11.08,11.08,0.0,188622,,0ed8ca08-4730-5066-b9c1-ce4b40f59d00,-64.8,3.9,0.0,https://icons.llamao.fi/icons/protocols/raydium,https://raydium.io
raydium-amm,5Ln4d8fXeU3gCCneHArHkTNzxnzMaLJxnBwufUx2wPcm,WSOL-ALLINDOGE,20.11,20.11,0.0,187775,,af61b3b6-241c-4468-a90e-8da963be6357,-11.28,-10.29,-23.12,https://icons.llamao.fi/icons/protocols/raydium,https://raydium.io
orca-dex,HsQGWEh3ib6w59rBh5n1jXmi8VXFBqKEjxozL6PGfcgb,SOL-USELESS,33.2227,33.2227,0.0,187759,,d0dc7d4d-f498-4d32-ac19-183c55109f09,-5.94447,-28.31499,-105.59394,https://icons.llamao.fi/icons/protocols/orca-dex,https://www.orca.so
orca-dex,,USDT-USPD,0.0,0.0,0.0,187372,,da49621f-4ec5-538b-8650-c02f76e76ff9,0.0,0.0,0.0,https://icons.llamao.fi/icons/protocols/orca-dex,https://www.orca.so
raydium-amm,9ceCjEMUe6sEHgRs7u1vfiJXouPnJvUKAtBdmTSp3JFA,USDC-GMG,0.27,0.27,0.0,186631,,ffa548dd-831f-481e-af77-a0081db96bbf,0.0,0.0,0.0,https://icons.llamao.fi/icons/protocols/raydium,https://raydium.io
raydium-amm,CXxuniYwA3Ednq1UsYEQvHzVpamEi1gxgHo86ALwKfEj,WSOL-WOLF,0.25,0.25,0.0,186110,,1bba4b68-1742-4547-90a4-18b60f30ce63,-0.06,-2.75,-0.29,https://icons.llamao.fi/icons/protocols/raydium,https://raydium.io
raydium-amm,5NwVQbxTgdbgvttGmdEAf5oqdzDN6bRPciszDmh2U3fE,USD1-REAL,5.0,5.0,0.0,185892,,9bd6ba2f-30ac-4d25-ae4e-b143585cf4a8,-0.11,-0.21,-0.03,https://icons.llamao.fi/icons/protocols/raydium,https://raydium.io
raydium-amm,cPK91ascbHz3pXHVqLbhBbbQs3ztMvu1681w5EfoGyP,BOT-USDC,19.95,19.95,0.0,185547,,2f3b0bd1-dc1e-5265-b8e2-4089cc7fbcce,-74.9,11.66,-313.57,https://icons.llamao.fi/icons/protocols/raydium,https://raydium.io
orca-dex,E662YnSzFiQWPvkJfQWXrXjHyh8nStFVpYfY9jfBFWW2,MNDE-MSOL,0.0,0.0,0.0,185444,,c0c477c5-b500-4063-89fc-e573ea95c95c,-4e-05,0.0,0.0,https://icons.llamao.fi/icons/protocols/orca-dex,https://www.orca.so
raydium-amm,AcHPQWtoQfJAQRcW6Mrv8gxkrH3o47F9n8hRjXxHM7Th,USDC-HUMA,2.16,2.16,0.0,184975,,0793eda0-3c6e-490d-b9c4-fd24315c5a48,-6.17,1.17,-3.48,https://icons.llamao.fi/icons/protocols/raydium,https://raydium.io
kamino-lend,9TD2TSv4pENb8VwfbVYg25jvym7HN6iuAR6pFNSrKjqQ,USDC,5.19106,5.19106,0.0,184580,,98677171-a1e0-488f-9677-c274004a5e6d,-0.06197,0.18988,-1.98153,https://icons.llamao.fi/icons/protocols/kamino-lend,https://kamino.com/
kamino-lend,EGPE45iPkme8G8C1xFDNZoZeHdP3aRYtaAfAQuuwrcGZ,EURC,1.7012,1.7012,0.0,183733,,190580f0-8121-4744-945b-6a5c04e09795,-0.04968,-2.02644,-1.3492,https://icons.llamao.fi/icons/protocols/kamino-lend,https://kamino.com/
orca-dex,Czfq3xZZDmsdGdUyrNLtRhGc47cXcZtLG4crryfu44zE,SOL-USDC,3.20324,3.20324,0.0,182372,,cc175543-d1b2-4b09-8fa5-c3e6e528c908,0.32691,1.87976,-6.8696,https://icons.llamao.fi/icons/protocols/orca-dex,https://www.orca.so
orca-dex,5azLWnTEGdETPwjiXb55x6MUuqpK9QQAazNqihCxtcgq,HYPE-USDC,18.08175,18.08175,0.0,182060,,958cd110-8b2d-4c26-b653-483c21dfd842,-20.0147,-0.88769,-79.2523,https://icons.llamao.fi/icons/protocols/orca-dex,https://www.orca.so
jupiter-lend,5f561RUPHDqRh98W62FdaYjHCqEvwzV7ePHXszdfQC5Z,TSLAX,0.0,0.0,0.0,181887,,0611005f-0834-422f-b819-49a116e9cc51,0.0,-1.005,-1.005,https://icons.llamao.fi/icons/protocols/jupiter-lend,https://jup.ag/?ref=f6y1ryr2snn3
project-0,55qgcf6jqG1DfXT9DDbhwVaTLesH9S6fCgfds1BkL3tE,RASOL,0.65567,0.65567,0.0,181067,,7df4544a-46dc-58db-9d6c-884ed8efcea5,0.65508,0.6551,0.0,https://icons.llamao.fi/icons/protocols/project-0,https://app.0.xyz
raydium-amm,GtqCTTrhaGCfvsRGa7HvVJ8dN9sNP4YCQvfAc4xWNipZ,WSOL-OPUS,1.51,1.51,0.0,180962,,074b02f4-b032-4dfe-af14-e3f38766fa9c,0.0,1.2,0.0,https://icons.llamao.fi/icons/protocols/raydium,https://raydium.io
raydium-amm,8SQNDszijLRLnXmfQBPzxbBhSUjRJur7CEfqcQZQz1hQ,WSOL-FRED,0.72,0.72,0.0,180520,,7af646ef-3098-455a-8b7d-a61217559064,-0.4,-1.64,-2.52,https://icons.llamao.fi/icons/protocols/raydium,https://raydium.io
raydium-amm,5LrRfERGV885eUGjNXQQ9Di5nErATUwyRB5rSJ6rjafK,PLAY-USDC,0.01,0.01,0.0,179951,,61666eb3-58e9-40fd-8e9d-21a7d9c2ebca,-0.04,0.0,0.0,https://icons.llamao.fi/icons/protocols/raydium,https://raydium.io
raydium-amm,CbYweHJeB92Lu7UTiASP3UcGfYPyxhEUjchKf6Yh3fPN,WSOL-A47,4.66,4.66,0.0,179898,,9117a528-2a8e-45dd-a633-1e4955fa12f4,-7.49,2.63,0.34,https://icons.llamao.fi/icons/protocols/raydium,https://raydium.io
kamino-lend,7SzMWArC8WAenndXFmRyfvcvrNPodqUFkmPrmmoRZvn4,USDS,4.17889,4.17889,0.0,179898,,dc56c706-7dde-4131-a046-8210e8f4814f,-0.00228,0.04608,0.30121,https://icons.llamao.fi/icons/protocols/kamino-lend,https://kamino.com/
raydium-amm,8ZeYHZg4iKWyrCdpyNgLKZuEkDC6AkQNT4q8q3zNFX4n,WSOL-CLANKER,2.37,2.37,0.0,179634,,32c2cd6d-1e56-469b-9989-de91584787a9,1.36,-0.59,-0.85,https://icons.llamao.fi/icons/protocols/raydium,https://raydium.io
raydium-amm,6oi9cUuPCbzK3YKCNnj47Ren7LrSuwcsYA48uMBKemJS,WSOL-YZY,1.55,1.55,0.0,179606,,97c6bdc8-8fe8-48d1-ad37-3ae90aefac0b,-5.47,-0.42,-8.68,https://icons.llamao.fi/icons/protocols/raydium,https://raydium.io
orca-dex,94smPyT1X79hJK8z6qcSpHeMbRrqZVVzXGVvtsFzDdEH,MF-USDC,9.57488,9.57488,0.0,179500,,c063eec4-3984-497f-9618-88f452c75a13,0.19761,-0.37835,0.56093,https://icons.llamao.fi/icons/protocols/orca-dex,https://www.orca.so
raydium-amm,CuxLbyaZAC6X89me2unfuKRpy1H775rpVCE3i5L9Ztbi,WSOL-,0.31,0.31,0.0,179411,,8485ce47-91c6-48cf-b00e-097ca6e9315b,0.0,0.0,0.0,https://icons.llamao.fi/icons/protocols/raydium,https://raydium.io
raydium-amm,J2p6tgZDkvtHQ3VfbGRjzHJNLrqFgGfvjJsp2K7HX5cH,WSOL-BUZZ,0.28,0.28,0.0,178625,,b2b35afb-707b-44fc-826d-aaf21f4f0002,0.0,-2.49,0.0,https://icons.llamao.fi/icons/protocols/raydium,https://raydium.io
kamino-lend,5AWpVYJvNASoUM8toSDQRcVyA9dvoUuFj5qNx9v32bjj,CBBTC,0.0,0.0,0.0,178545,,72d72145-fa30-4fc5-bad7-a3d95fdd9aa8,0.0,0.0,0.0,https://icons.llamao.fi/icons/protocols/kamino-lend,https://kamino.com/
raydium-amm,7mtJbVNEtejYmCLRriwQhymZdzn4wGRFTvTZ5721b4BD,SLOTH-WSOL,0.45,0.45,0.0,178359,,94215474-dbd0-4f1f-9f3a-cf36f221d116,0.0,-0.3,-0.48,https://icons.llamao.fi/icons/protocols/raydium,https://raydium.io
jupiter-lend,5bKa8e5yN6KF8qfW8CgsQQ36KTBMYm23QaPBqiZa5b3G,XBTC,0.0,0.0,0.0,176600,,669d5f06-415c-4b5d-b42c-56b222840e61,0.0,0.0,0.0,https://icons.llamao.fi/icons/protocols/jupiter-lend,https://jup.ag/?ref=f6y1ryr2snn3
orca-dex,Gr7WKYBqRLt7oUkjZ54LSbiUf8EgNWcj3ogtN8dKbfeb,AURY-USDC,0.02708,0.02708,0.0,176300,,8a2fa38b-a6f6-4536-8f66-32d754708605,0.01926,0.01789,-2.40552,https://icons.llamao.fi/icons/protocols/orca-dex,https://www.orca.so
orca-dex,,USDT-DJED,0.10351,0.10351,0.0,176132,,27d3d493-ec30-5cd4-8b32-c3515482f62d,0.0,0.0,0.0,https://icons.llamao.fi/icons/protocols/orca-dex,https://www.orca.so
raydium-amm,EfcAPyAQz5QyjA4a2chEKbueRprVf5zL238cWtcCmHej,CKS-USDT,0.62,0.62,0.0,176076,,ff88af5c-bb40-444c-abd6-e2f3b665d152,-0.27,-1.21,-7.58,https://icons.llamao.fi/icons/protocols/raydium,https://raydium.io
orca-dex,Czfq3xZZDmsdGdUyrNLtRhGc47cXcZtLG4crryfu44zE,SOL-USDC,1.10141,1.10141,0.0,174725,,5e90e4a7-5571-427b-bd76-74ff68392336,0.25355,0.2933,-4.07981,https://icons.llamao.fi/icons/protocols/orca-dex,https://www.orca.so
raydium-amm,5o9kGvozArYNWfbYTZD1WDRkPkkDr6LdpQbUUqM57nFJ,TREMP-WSOL,0.38,0.38,0.0,174483,,78584e07-12ab-4eb9-9758-3f401a7c6534,-0.96,-0.8,-1.71,https://icons.llamao.fi/icons/protocols/raydium,https://raydium.io
raydium-amm,GGZtqoqscbx81ycwGJ8KQEKWuN9BKLhyXPf6VSiRAMgi,USDT-FO,3.58,3.58,0.0,171981,,f682d6fa-ea07-4005-a033-52999a9da08b,-0.68,-1.73,0.0,https://icons.llamao.fi/icons/protocols/raydium,https://raydium.io
raydium-amm,32fYszjX988VbTJ66hf32uubmJy75a1icd6f4gDSE45k,WF-WFAI,3.52,3.52,0.0,171531,,9e814616-cdb2-4d77-ab5e-f761183620ae,1.99,-5.39,-7.36,https://icons.llamao.fi/icons/protocols/raydium,https://raydium.io
kamino-liquidity,DvK76xvo2dnAEkDBSVNFWzfJ8WC49rGkRkkAvnQbYTxS,JLP-JITOSOL,2.28831,2.28831,0.0,170743,,42e89423-5d97-4177-8e4d-e2959af2d7f8,0.38072,-1.64921,-15.15282,https://icons.llamao.fi/icons/protocols/kamino-liquidity,https://kamino.com/liquidity
raydium-amm,FLLWCMwqLyhSfqKwDtuNK5eUd6qfErACXGpaPMSEgGjo,GUAC-USDC,1.58,1.58,0.0,168502,,d09abc32-2a96-4a3a-82fa-731e98fe563d,-5.49,0.51,-0.49,https://icons.llamao.fi/icons/protocols/raydium,https://raydium.io
gmtrade,7HPU75j2rNV5RPRQPVN6mQ7sfgWgszBzmVYmAohf7PKN,WSOL-USDC,162.175,162.175,0.0,168074,,be03e183-977b-4fc8-a356-4806db3f330d,24.35049,14.22513,52.19346,https://icons.llamao.fi/icons/protocols/gmtrade,https://gmtrade.xyz
raydium-amm,DNbAW9CS3QLiXEtpvtMpRJHRxHuN2D5t64dxHxbUZJZ6,WSOL-BLUAI,0.43,0.43,0.0,167425,,056aa3c1-92c7-45ae-abf2-89ac8d59572e,-0.13,0.11,-1.12,https://icons.llamao.fi/icons/protocols/raydium,https://raydium.io
orca-dex,AqJ5JYNb7ApkJwvbuXxPnTtKeuizjvC1s2fkp382y9LC,MSOL-USDC,5.3075,5.3075,0.0,167091,,f8651e9d-de06-4311-8c83-e46bdad8f5c9,-1.12661,2.67179,-14.21113,https://icons.llamao.fi/icons/protocols/orca-dex,https://www.orca.so
gmtrade,59uFARJWg7B8wcEuXzvkafiT4DuKemdNCN5bshDbwun9,DOGE-USDC,91.32261,91.32261,0.0,165332,,581dff4f-995c-4e1e-b567-90f89598f4e6,-8.23817,-7.29392,41.72973,https://icons.llamao.fi/icons/protocols/gmtrade,https://gmtrade.xyz
loopscale,7n5F6vLutwTPuVju9t4ZC22vHyJNyGbHKzaokdyWycjy,WFRAGSOL,0.01415,0.01415,0.0,165163,,4eb36cd9-92c4-46b5-8072-1593fcee4f60,0.00799,0.01403,0.01404,https://icons.llamao.fi/icons/protocols/loopscale,https://loop.sl
orca-dex,EbB4uUqJCAHSSoi49xi6HbNPCgxWMLTmHJjn7epRUyW3,ZARP-USDC,0.0,0.0,0.0,165056,,21a3753f-32ad-4f80-849f-e63ba9524823,0.0,0.0,-3e-05,https://icons.llamao.fi/icons/protocols/orca-dex,https://www.orca.so
raydium-amm,CN5L4sc6NJEHYGcLX2Rdz9qk4FgTdphJVLWgjNGGovYQ,WSOL-QST,7.03,7.03,0.0,164684,,e4928c0c-694e-4df3-8854-f624bec16d68,-0.77,5.77,2.73,https://icons.llamao.fi/icons/protocols/raydium,https://raydium.io
raydium-amm,24W8rJwrDfjKnWDiJPov3BFk1EmRhdVkqsScYu1a6U27,WSOL-NODX,0.13,0.13,0.0,163947,,307e37ef-2ce4-585b-b71a-3a081797ea3b,0.0,0.0,0.0,https://icons.llamao.fi/icons/protocols/raydium,https://raydium.io
raydium-amm,2BJKy9pnzTDvMPdHJhv8qbWejKiLzebD7i2taTyJxAze,HARAMBE-WSOL,1.69,1.69,0.0,161903,,28ba71e9-cc90-4625-8fcd-febb76abf2d1,0.52,1.09,-0.85,https://icons.llamao.fi/icons/protocols/raydium,https://raydium.io
orca-dex,Ab5pqdTEw1McsizEaQfLEyMLhkfxwzrpyqFASpftQcpq,BORG-USDC,24.47718,24.47718,0.0,161505,,14849874-9e8a-44e1-bc49-c6ab4e327367,-3.24401,2.55785,-18.58056,https://icons.llamao.fi/icons/protocols/orca-dex,https://www.orca.so
kamino-liquidity,HBuYwvq67VKnLyKxPzDjzskyRMk7ps39gwHdvaPGwdmQ,JUP-BSOL,3.62169,3.62169,0.0,160907,,eb3b548a-4c25-4e49-9e08-9733c8da29a6,-8.79115,-1.90709,-36.23846,https://icons.llamao.fi/icons/protocols/kamino-liquidity,https://kamino.com/liquidity
orca-dex,2NjYrAWmiNE4dRRB8am4p8mWcvBDg22aGB9AfQoU9RRJ,JUPSOL-MSOL,2.41617,2.41617,0.0,160374,,ee677538-15f3-4567-8510-22e31e3ff065,1.29279,2.19451,-0.32575,https://icons.llamao.fi/icons/protocols/orca-dex,https://www.orca.so
raydium-amm,6USpEBbN94DUYLUi4a2wo3AZDCyozon1PLGYu27jzPkX,WSOL-SCF,0.8,0.8,0.0,159032,,210a35bb-62b1-4484-b1a1-9f81209ba7fa,0.39,0.57,-3.13,https://icons.llamao.fi/icons/protocols/raydium,https://raydium.io
raydium-amm,6sEkZ73vph5AFYmQTzaV6H5vAQQLZ2C8WqeCQ6MhLqFk,USD1-1,8.63,8.63,0.0,158929,,2171723a-c8eb-4374-a2e9-d04cadda3095,0.87,-0.57,-11.65,https://icons.llamao.fi/icons/protocols/raydium,https://raydium.io
raydium-amm,9PEKF45P4oQZYHQaRd2pNXeopu35uZi2PJPPhqsSnFju,WSOL-VRYX,0.07,0.07,0.0,158917,,117b8f57-e362-5a37-a12a-48b2ead0e513,0.0,0.0,0.0,https://icons.llamao.fi/icons/protocols/raydium,https://raydium.io
raydium-amm,BEF62G6qC4ekRXhJNWCyvcmYVhY8N8PpsS8ELXNRHejh,WSOL-PROJECT89,2.09,2.09,0.0,158879,,49a7a1c5-1441-46ff-8593-e5e851dc0c7a,0.0,-8.67,-2.27,https://icons.llamao.fi/icons/protocols/raydium,https://raydium.io
orca-dex,BM4rn7ES2JEo2BXLh62etYRHCk137NhLVsZ8Uhr91d9p,HYUSD-JITOSOL,2.97375,2.97375,0.0,158603,,4d5a655b-4228-4341-8485-f8c22a048a55,-0.41721,1.4216,-9.68807,https://icons.llamao.fi/icons/protocols/orca-dex,https://www.orca.so
kamino-liquidity,3KMW6iU6sVinFmwRfn4LyrHD59HUceubgjXD6hvnUgGr,HYUSD-JITOSOL,2.07021,2.07021,0.0,158476,,70e45373-e1b0-48b7-9d51-4f683d1326c8,-2.17369,0.60021,-8.59154,https://icons.llamao.fi/icons/protocols/kamino-liquidity,https://kamino.com/liquidity
raydium-amm,7ZRtFcgfxKcUfdACiWf9abqBs9mVy569VeDLdLxb7Ztx,WSOL-DHC,1.05,1.05,0.0,158296,,a0fc91a4-0e29-4db4-9477-72039afe4267,-4.38,0.0,0.0,https://icons.llamao.fi/icons/protocols/raydium,https://raydium.io
jupiter-lend,nMzVs8GiXMVUENEwkev7JZfDcCENmz18ScheeVRdnb1,WSOL,4.19539,4.19539,0.0,157042,,d7664527-bd16-435c-9886-9b17fd2eb4d6,-0.03126,0.15616,-0.12509,https://icons.llamao.fi/icons/protocols/jupiter-lend,https://jup.ag/?ref=f6y1ryr2snn3
omnipair,,META-USDC,59.75102,59.75102,0.0,156427,,2b258c8d-7574-4cea-94b4-7be374c11982,14.97078,48.44375,56.65902,https://icons.llamao.fi/icons/protocols/omnipair,https://www.omnipair.fi/
orca-dex,FagzCdPjLjJ4kmeLqRa86MEhzppyzZbMxaiBEsKcRw3P,WHETH-ZEC,15.88859,15.88859,0.0,155853,,96e01aac-6d31-4e6d-ab26-4a2aa853c719,-0.60228,0.43476,-41.62665,https://icons.llamao.fi/icons/protocols/orca-dex,https://www.orca.so
orca-dex,3xdD7FCHuVGV61bCdyHu9e4PZgz8dvfhuUnrPSKXffQr,TGBP-GILTS,2e-05,2e-05,0.0,155612,,98ad0183-91ad-4788-a32c-0d5d943a7727,-0.03993,2e-05,2e-05,https://icons.llamao.fi/icons/protocols/orca-dex,https://www.orca.so
kamino-lend,HYnVhjsvU1vBKTPsXs1dWe6cJeuU8E4gjoYpmwe81KzN,WBTC,0.02426,0.02426,0.0,155339,,e18941f7-c4bb-4278-a46c-ec3b3d9795ee,0.0,-0.00012,-0.00107,https://icons.llamao.fi/icons/protocols/kamino-lend,https://kamino.com/
raydium-amm,8ssUoNgsmob23argRdQayyMJbvy41hZxwzvXnviFnSvU,BABYDOGE-WSOL,1.87,1.87,0.0,154503,,3bfab9b1-eb28-4a08-85c3-97ab77590eff,-4.42,-2.5,0.46,https://icons.llamao.fi/icons/protocols/raydium,https://raydium.io
raydium-amm,4qQM2x2pfhU3ToscAqkQxTfhTm7DmJe8LGWU9kvqeNH4,WSOL-TITCOIN,0.35,0.35,0.0,153675,,97cb144a-4433-447e-a4ac-7819fd4b902d,0.0,-2.04,-2.19,https://icons.llamao.fi/icons/protocols/raydium,https://raydium.io
kamino-liquidity,6qYrvBsC48ZMjUFZm2FF3rdtv2X3xi6zmBeFkDGUCNk1,MSOL-USDC,4.49041,4.49041,0.0,153257,,8146a65e-6340-44de-a16f-a52ca3fdb3c2,-0.10198,2.39848,-10.61871,https://icons.llamao.fi/icons/protocols/kamino-liquidity,https://kamino.com/liquidity
raydium-amm,23KJaRate7XthAQ7C5XbJJYK5cyG1sNA2ikCPsiAcbVP,WSOL-HEHE,2.37,2.37,0.0,152027,,ccfdf5f6-910a-4d8b-8dd2-6c3d34ed32ae,-0.19,-0.14,-6.27,https://icons.llamao.fi/icons/protocols/raydium,https://raydium.io
orca-dex,VRfxsXCNzk5jFphs79qCMTDTg5cKCdoPXnh9MWm9AKZ,ORCA-RAY,0.00064,0.00064,0.0,150171,,399eb50c-58d8-4f14-ae03-e6e7676efc7e,-1e-05,0.00064,0.00064,https://icons.llamao.fi/icons/protocols/orca-dex,https://www.orca.so
raydium-amm,T5mZpKou42YF3ssrQyrxFJZDL4zvBKg8u1HxqBfDyoo,WSOL-BUTTHOLE,0.91,0.91,0.0,149190,,3e92654c-fb8b-4056-9d23-3e2219db622a,-1.88,0.0,-1.42,https://icons.llamao.fi/icons/protocols/raydium,https://raydium.io
orca-dex,6XDUav9p3XiGRRZMQZcQmYvinCrax26EdqVCMHR9x43M,USDC-GRASS,0.00929,0.00929,0.0,148906,,4e006879-08a6-4522-81e5-c5c5c42f5a1b,-0.00307,-0.00284,-0.14015,https://icons.llamao.fi/icons/protocols/orca-dex,https://www.orca.so
kamino-lend,CZWSgQvX9UJVympc9YTLjc57RLx5EGvMT75WFtC3CUp7,PENGU,0.0,0.0,0.0,148536,,5193a08b-4bd1-46bc-ab62-050f777af199,0.0,0.0,0.0,https://icons.llamao.fi/icons/protocols/kamino-lend,https://kamino.com/
save,EjUgEaPpKMg2nqex9obb46gZQ6Ar9mWSdVKbw9A6PyXA,USDC,4.7,4.7,0.0,148143,,4650fcdf-3118-4b7e-a184-352e156c9cb8,-0.05,-0.07,-0.03,https://icons.llamao.fi/icons/protocols/save,https://www.save.finance/
raydium-amm,F1FMsNYuCNRHTDVjSkNbiZLp4qv6r6oQyMRJM9ZYdkm3,WSOL-STUPID,1.78,1.78,0.0,147509,,4fffddd6-825a-4a85-a459-132c4c7ee40b,1.41,-0.78,0.0,https://icons.llamao.fi/icons/protocols/raydium,https://raydium.io
raydium-amm,69ZvRfF9K7c9DsRTouisoeKc7G5Lm1Gz4moKgRjGhsJV,WSOL-AOL,8.92,8.92,0.0,147290,,d59f3331-ac44-417b-825b-d3583bc48edb,6.02,6.15,0.0,https://icons.llamao.fi/icons/protocols/raydium,https://raydium.io
orca-dex,FvkMd3wr29ZwANx5fUpvqoroX11Mtzog3xDnroSMU9SW,MXNE-CETES,0.0,0.0,0.0,145682,,8ed99f2c-a7f3-4f6b-9f45-049596d362b2,0.0,0.0,-0.00098,https://icons.llamao.fi/icons/protocols/orca-dex,https://www.orca.so
raydium-amm,UqYKdsVCTjv7gRtkhtYAu7RYQXVxFKadFrhoQ5iPyHu,WSOL-SOS,0.32,0.32,0.0,145372,,8474d79b-33b4-4dbe-a217-4f4dac11f45b,0.0,0.09,0.0,https://icons.llamao.fi/icons/protocols/raydium,https://raydium.io
orca-dex,FVB6knS78TJJswCrBhhB2T3cUKBQ8XyRvqwsjDq3oWwE,SOL-SJ,1.03073,1.03073,0.0,144972,,bad7f530-10c0-5f51-be13-890e4440324e,-0.50426,0.01685,0.0,https://icons.llamao.fi/icons/protocols/orca-dex,https://www.orca.so
raydium-amm,6RwHEBV9nRvckvQ5dXZ2qj8676CLmzMn33kStVPChLMM,WSOL-AERO,11.27,11.27,0.0,144898,,2ae88255-4cc4-4930-8c9a-8adbf34e0921,-2.2,-9.59,-1.71,https://icons.llamao.fi/icons/protocols/raydium,https://raydium.io
raydium-amm,4mvbn4YCs3UVj7mXc3z5gmdNNxdkLGU75hpTPDYRD1uX,WSOL-AIX,0.63,0.63,0.0,144840,,a3d6c7cb-0753-5338-a7ea-092599f677eb,0.0,0.0,0.0,https://icons.llamao.fi/icons/protocols/raydium,https://raydium.io
raydium-amm,GsBNJ9jCrJGSdiHTk5nBCJCdioTNfvvY44VapPQTTaFu,USDT-MOPH,1.47,1.47,0.0,144653,,a2f7e583-8f4e-59c1-ab06-7f5d3a54f8bd,0.0,0.0,0.0,https://icons.llamao.fi/icons/protocols/raydium,https://raydium.io
orca-dex,HQcY5n2zP6rW74fyFEhWeBd3LnJpBcZechkvJpmdb8cx,SOL-MSOL,0.00025,0.00025,0.0,144291,,aa5dcd60-e1e3-402d-9e1a-9c5d27a67993,-0.00021,-0.00018,-0.0009,https://icons.llamao.fi/icons/protocols/orca-dex,https://www.orca.so
raydium-amm,CpaXrJhnLesjnBt893WaBbNkYAEQvpqFZmGExvvA1njg,WZRA-USDC,0.76,0.76,0.0,141994,,eebe3ef9-0c66-406c-b5de-8bb6fc2d2af9,-0.11,0.32,0.0,https://icons.llamao.fi/icons/protocols/raydium,https://raydium.io
raydium-amm,JS4VAUXFkMvtbxWxUVNG48SRK6QCkqThzED83QXvZsQ,WSOL-NOS,9.93,9.93,0.0,141857,,b924f276-73c4-4de8-b8c2-db0ae6bf7ce2,-1.1,0.71,-16.01,https://icons.llamao.fi/icons/protocols/raydium,https://raydium.io
raydium-amm,HGRvEZF83Hm2x5HoVx9ec2cBiAjTmWFHK6VCUPLH4yDY,RIZZMAS-WSOL,2.91,2.91,0.0,141748,,0c9b7f0c-8ded-4299-bf77-7bb19bddd32a,-13.65,-0.1,-9.62,https://icons.llamao.fi/icons/protocols/raydium,https://raydium.io
orca-dex,2nJjE2ba3iGtefN4UNM1KN5FdYCwssU4Bzhc8URceqh6,KMNO-JITOSOL,3.95562,3.95562,0.0,141431,,b03c45e9-77a9-4782-8bb7-09162616095f,-3.58894,2.08996,-8.50172,https://icons.llamao.fi/icons/protocols/orca-dex,https://www.orca.so
kamino-liquidity,55rDNNKjU2SxZGZHAiEVts2bPk6SQPehuf3MsDKVqZCG,KMNO-JITOSOL,2.30658,2.30658,0.0,140755,,e1720ca6-d33a-4ea8-abbf-0c1de869d0f4,-4.72326,-0.04365,-8.47097,https://icons.llamao.fi/icons/protocols/kamino-liquidity,https://kamino.com/liquidity
raydium-amm,8UNeRR9wuQctY3w1BwsGFF1jnPUVGeKq57AWuVTssvdW,WSOL-AIXPLAY,0.4,0.4,0.0,140744,,d5e3fa3c-be76-5011-9107-8acb817b7a4c,-1.07,0.0,0.0,https://icons.llamao.fi/icons/protocols/raydium,https://raydium.io
raydium-amm,GMjGLWzvK75LPetrgAmdeXnvxc4fUuQPwJxeQqTDU1aG,QQQX-USDC,4.93,4.93,0.0,140595,,a7c454bf-d9f7-43e7-aa65-2440a8e8188d,-13.79,2.19,-16.35,https://icons.llamao.fi/icons/protocols/raydium,https://raydium.io
raydium-amm,78tzdvVw5uV9tw8vcNEpJ1SCuK8sRWQ2s4vR9R49cRHU,WSOL-KRA,7.11,7.11,0.0,139574,,d7edc1c9-be36-4ee8-9d87-bfe23b0f3fed,0.0,0.0,5.3,https://icons.llamao.fi/icons/protocols/raydium,https://raydium.io
raydium-amm,HQkSyNxrnumKsGfirA7Y8wrU2HnSJvJgCJfpbq6UTTr4,USDT-OUYI,0.02,0.02,0.0,139404,,cc0b8f58-38b9-512c-aad2-2a7783b1bef4,0.0,0.0,0.0,https://icons.llamao.fi/icons/protocols/raydium,https://raydium.io
raydium-amm,Dfk133hHxjAA1yPryNkoPERGJ5DMpUtm79YeY1p1Wiyh,WSOL-SELFIE,7.58,7.58,0.0,139045,,f71498d7-998e-4ebf-912b-7dc28c38fdc6,3.69,0.0,4.68,https://icons.llamao.fi/icons/protocols/raydium,https://raydium.io
raydium-amm,BUPTMMrUnfeE5mk6L6ZUgrHtZo2qyeR44s9L6UGg1oQB,EGG-WSOL,0.35,0.35,0.0,138783,,cace8c6a-a172-4b59-b816-40c8ef81455f,0.0,0.0,0.0,https://icons.llamao.fi/icons/protocols/raydium,https://raydium.io
raydium-amm,5WGYajM1xtLy3QrLHGSX4YPwsso3jrjEsbU1VivUErzk,USDC-$MYRO,0.35,0.35,0.0,138039,,cd08981d-72fa-46be-a55b-c3ff6386dd91,-0.12,-0.21,-25.76,https://icons.llamao.fi/icons/protocols/raydium,https://raydium.io
raydium-amm,D7rYGDh5RyP4UXPtW2dSUvg8BYkdPSB1ZdAdBKW1zqnX,WSOL-RWA,7.72,7.72,0.0,137925,,086a9fae-599d-46ac-a097-6aec49257f5a,3.4,1.46,0.74,https://icons.llamao.fi/icons/protocols/raydium,https://raydium.io
orca-dex,Ckp1kwZqosaLU1h3zWtuaMBubyWM7LX3cxYezRVin7p2,SOL-TRUMP,9.08947,9.08947,0.0,137892,,022e4b46-a21e-4be4-898b-e7f8fbefb891,-3.55157,-1.10164,-10.22766,https://icons.llamao.fi/icons/protocols/orca-dex,https://www.orca.so
orca-dex,Czfq3xZZDmsdGdUyrNLtRhGc47cXcZtLG4crryfu44zE,SOL-USDC,3.5939,3.5939,0.0,137870,,ec23484d-7167-4b11-bfd0-e77d54bfa498,-0.77363,1.22465,-12.91664,https://icons.llamao.fi/icons/protocols/orca-dex,https://www.orca.so
raydium-amm,DazumoDdMJB1Geeef9uMnM6zyU7Wtr3FnHbjyMJPso3D,WSOL-LUNA,0.38,0.38,0.0,137785,,16c307f9-55a7-4108-84cc-66ea10c5ef4a,-0.02,-0.21,-0.65,https://icons.llamao.fi/icons/protocols/raydium,https://raydium.io
kamino-liquidity,EZCyRc4wzVCRXZqbBjCmdXwjErmrMLuQpKagU6baBkN9,SOL-TRUMP,5.69134,5.69134,0.0,137314,,66c15ac9-b871-40c5-bcbb-76f32547925e,-4.25587,-1.28005,-11.91689,https://icons.llamao.fi/icons/protocols/kamino-liquidity,https://kamino.com/liquidity
raydium-amm,ADpoE7CoikKvvNwG3TFtkXHX3NvwiWtGZ7Zz8rMm2cvd,WSOL-FAFO,1.25,1.25,0.0,137265,,b4d19d19-4080-4d27-844e-4f5e722f1710,-3.41,-3.54,0.0,https://icons.llamao.fi/icons/protocols/raydium,https://raydium.io
raydium-amm,BVSiP9RR4T8ZqY4ZLkgsxNwKZoEVbB92RsWN5tCdtRox,WSOL-AVB,0.36,0.36,0.0,136860,,80dff3b9-92af-4212-8430-449d16519fe5,0.0,0.0,0.0,https://icons.llamao.fi/icons/protocols/raydium,https://raydium.io
orca-dex,9crUEFyBGQ1psMqpEVe4SzriVjZ2BFPpbEBEbQrvgLmx,GLDX-USDC,0.4088,0.4088,0.0,136689,,b7a1de8b-ae15-4365-9f30-b32463510965,-6.25488,0.25557,-9.86424,https://icons.llamao.fi/icons/protocols/orca-dex,https://www.orca.so
raydium-amm,6g65Drfejv98Ba1LYQAV44z5QmZAX4MzxhyBqsfLz6ZZ,WSOL-XAVIER,1.52,1.52,0.0,136078,,91241600-bd10-4507-a69e-0abc08b1816a,-2.76,-0.47,-6.64,https://icons.llamao.fi/icons/protocols/raydium,https://raydium.io
project-0,2s37akK2eyBbp8DZgCm7RtsaEz8eJP3Nxd4urLHQv7yB,USDC,3.8622,3.8622,0.0,135916,,598f5a04-d01b-5e14-a15a-9f97e8d696f0,-0.02516,0.26783,0.0,https://icons.llamao.fi/icons/protocols/project-0,https://app.0.xyz
raydium-amm,58oQChx4yWmvKdwLLZzBi4ChoCc2fqCUWBkwMihLYQo2,WSOL-USDC,5.42,5.42,0.0,135643,,b661c428-afcb-4f53-8227-18ecc51a9b1a,3.47,0.0,-7.68,https://icons.llamao.fi/icons/protocols/raydium,https://raydium.io
raydium-amm,FCEnSxyJfRSKsz6tASUENCsfGwKgkH6YuRn1AMmyHhZn,WSOL-PEPE,0.51,0.51,0.0,135469,,6c84068e-d2da-404f-9430-f8086d072d8b,0.09,0.13,-0.52,https://icons.llamao.fi/icons/protocols/raydium,https://raydium.io
orca-dex,4z3sxEbjTZbg6UP74uzwJ4J3YYYsX5kGmkQ7GsWPbvuZ,CBBTC-ZBTC,0.39834,0.39834,0.0,135050,,0f5d2d33-57c1-4e6f-a8ad-8bc5191d6a86,0.02308,-0.13042,-2.35257,https://icons.llamao.fi/icons/protocols/orca-dex,https://www.orca.so
project-0,F94MBNBFikQSBr9MNAfC4st8hTf9BWtEdtyupzg7FvRs,PT-BULKSOL,0.0,0.0,0.0,133397,,8c2bdc3d-6481-4005-a3c9-d4653281f56b,0.0,0.0,0.0,https://icons.llamao.fi/icons/protocols/project-0,https://app.0.xyz
raydium-amm,3RA4PDZAZ49nm6hdDCnCTrnECqQD93ny8oHP4T1CSTcR,WSOL-GEOD,34.99,34.99,0.0,133305,,89ec3fc7-817b-4f44-98b2-fbb2b86c9194,26.65,30.0,24.09,https://icons.llamao.fi/icons/protocols/raydium,https://raydium.io
raydium-amm,BGS69Ju7DRRVxw9b2B5TnrMLzVdJcscV8UtKywqNsgwx,DUKO-WSOL,0.51,0.51,0.0,132919,,870cb804-842a-467e-9fbc-71857ab30b74,-4.64,-0.15,-4.29,https://icons.llamao.fi/icons/protocols/raydium,https://raydium.io
raydium-amm,AmrNQgMdJyqo18SmvJXrdYcCC1XcZCrYENHNj1gsvKC,SOLC-WSOL,0.73,0.73,0.0,132811,,2920812d-eda8-4578-9af7-94f028d6a505,0.02,0.05,0.0,https://icons.llamao.fi/icons/protocols/raydium,https://raydium.io
raydium-amm,99a2qtfLAxv9LVhKesjEawjKy8Pwb4cypC5ccuCB4VUS,TAI-WSOL,8.19,8.19,0.0,132591,,8b8d1d29-eb53-4865-929d-72c2aa52328f,-8.63,6.61,-3.32,https://icons.llamao.fi/icons/protocols/raydium,https://raydium.io
raydium-amm,AeGBjqTeXiEgdAxU1ZhBEqmkXk6RuQNCXJWvdo4N4CBg,WSOL-ANON,7.25,7.25,0.0,132247,,6b4a535b-0134-456f-bc71-082a86611f5d,4.28,4.66,-3.03,https://icons.llamao.fi/icons/protocols/raydium,https://raydium.io
orca-dex,8NrkeHEzMawZaEurxF4QFBxcQ7jUpyUbM8qPxGjCMUzq,SOL-APING,0.0,0.0,0.0,132143,,cf61a0d2-a2a3-4f70-bd29-8f21ec9f555e,0.0,0.0,0.0,https://icons.llamao.fi/icons/protocols/orca-dex,https://www.orca.so
raydium-amm,A6jBmV67sTtHLHd7uv87VjK8BXjYH515ecWL26HkXUjf,WSOL-FIGHT,0.81,0.81,0.0,132000,,15c6e86c-0085-476a-984f-5d26076b747a,-2.35,-3.52,-3.98,https://icons.llamao.fi/icons/protocols/raydium,https://raydium.io
raydium-amm,DFWtdd9k8VPFcC5DQjFniJnNcUqvSGm13C7aVKBZzxYh,WSOL-NEIRO,0.82,0.82,0.0,131967,,607f17f6-b231-425c-8f54-565291ffb1d3,-0.2,0.0,-8.98,https://icons.llamao.fi/icons/protocols/raydium,https://raydium.io
raydium-amm,FQd8z3Dy6NRxZgx152SUmYL9AyyqAbYCPtSmy4spEgnH,WSOL-DONT,8.38,8.38,0.0,131943,,f460d965-61c8-477d-a82d-643aa14d7a91,0.43,-0.06,-32.38,https://icons.llamao.fi/icons/protocols/raydium,https://raydium.io
gmtrade,7HPU75j2rNV5RPRQPVN6mQ7sfgWgszBzmVYmAohf7PKN,WSOL-USDC,149.81633,149.81633,0.0,131931,,056b3690-1f1d-4660-8835-a81e84723ceb,-4.57224,78.65458,126.69893,https://icons.llamao.fi/icons/protocols/gmtrade,https://gmtrade.xyz
gmtrade,7HPU75j2rNV5RPRQPVN6mQ7sfgWgszBzmVYmAohf7PKN,WSOL-USDC,2.83796,2.83796,0.0,131903,,d36ed701-3e72-41b1-966b-719c093a0d7a,-0.14451,1.45579,-20.7376,https://icons.llamao.fi/icons/protocols/gmtrade,https://gmtrade.xyz
project-0,CCKtUs6Cgwo4aaQUmBPmyoApH2gUDErxNZCAntD6LYGh,SOL,4.60093,4.60093,0.0,131722,,9ae983a6-0527-58ab-8cea-b39592ea1237,-0.00954,-0.67558,0.0,https://icons.llamao.fi/icons/protocols/project-0,https://app.0.xyz
orca-dex,DHocZn9H1b4eMrcoyr3tHi4KT1o4jZabkZBHReu73r5U,DSF-USDT,6.01899,6.01899,0.0,131408,,40f594c5-4b85-4201-bf3a-f0c8f8285180,-3.13159,-0.24464,-22.87598,https://icons.llamao.fi/icons/protocols/orca-dex,https://www.orca.so
raydium-amm,4LxXw39mjELH3jwZgYJB8fBBCnTW1DK52jHUe9CmsJDm,WSOL-CYLA,0.7,0.7,0.0,130481,,b3900e54-8e0c-4424-a509-ce7be585dcf2,-6.93,0.0,-3.49,https://icons.llamao.fi/icons/protocols/raydium,https://raydium.io
orca-dex,6XDUav9p3XiGRRZMQZcQmYvinCrax26EdqVCMHR9x43M,USDC-GRASS,7e-05,7e-05,0.0,130325,,35d4a114-efc2-4af7-9430-c0fb2ae26217,0.0,-2e-05,-0.0003,https://icons.llamao.fi/icons/protocols/orca-dex,https://www.orca.so
raydium-amm,ASk8js1ZXfhx16prbntnmx5NiH4Eh6QaNmoTVJHX9R55,WSOL-SOSANA,72.36,72.36,0.0,130245,,d3971048-1f63-4d59-ab50-930864bb3811,-135.26,57.01,55.48,https://icons.llamao.fi/icons/protocols/raydium,https://raydium.io
kamino-liquidity,91oSW6q1Xc9hrXz5MFVbzM4k7HC332ZXLjhoDWos8a68,SOL-RNDR,83.44368,83.44368,0.0,129857,,cf95308c-8b46-4bd4-a27d-2830a331625f,83.44368,83.44368,26.30689,https://icons.llamao.fi/icons/protocols/kamino-liquidity,https://kamino.com/liquidity
orca-dex,2kzQej2zTbZLk5Z2vT8DDD3SBPGzMhK8uWx2uhYWT5pg,SOL-LSSOL,0.0,0.0,0.0,129564,,1b3a7d89-5a05-4dbc-be29-d6da56277f60,0.0,-0.00208,0.0,https://icons.llamao.fi/icons/protocols/orca-dex,https://www.orca.so
raydium-amm,HZ6rzhC96cTVx3HQiKoDbSdoRd3LH5nELYuYXGu4f3EE,WSOL-OIIAOIIA,1.52,1.52,0.0,129405,,2706e24c-0bc3-4ac3-afbb-357482862d4d,0.15,-1.03,-22.79,https://icons.llamao.fi/icons/protocols/raydium,https://raydium.io
raydium-amm,14bLC2KcZ2yFyCDSzHsNemoXUGf9fCmgqQ8jeHEfr3Ed,WSOL-SHIB,61.42,61.42,0.0,129185,,8b73a7f0-a542-492e-ac5d-eed03df5fdb7,48.17,58.78,18.98,https://icons.llamao.fi/icons/protocols/raydium,https://raydium.io
raydium-amm,7WQcQi2dDgZDnpJKwoY7F9cALk3QEUG4kAyhtjZVkVa1,GLDX-XAUT0,0.16,0.16,0.0,128982,,e6d897d8-681f-4e6d-94aa-a1893d28339d,-0.05,0.0,0.0,https://icons.llamao.fi/icons/protocols/raydium,https://raydium.io
raydium-amm,w7SGmPeXoMCsjvXqgsAmUn56uypyDsjAtsxeVkaiqxa,COINX-USDC,9.56,9.56,0.0,128628,,8950fa38-8d84-4aa3-81c8-32f4dea48191,-123.51,0.0,-75.71,https://icons.llamao.fi/icons/protocols/raydium,https://raydium.io
raydium-amm,aHwpSKpcZAgZeemUZYWmt1dr91ZQFf3EJK5rUJnGGjD,IAUSD-USDC,0.02,0.02,0.0,128549,,57b4d076-32c6-4996-b0b3-4dc4fa4d133c,0.0,0.0,0.0,https://icons.llamao.fi/icons/protocols/raydium,https://raydium.io
orca-dex,6R4r93V5fcMzc13CL2enEepDSYcr4Qx3ptZBDwudTXCo,NVDAX-USDC,1.48756,1.48756,0.0,128431,,d841f4d5-34a3-4671-809e-47ed34fd9bcf,-7.61091,0.56921,-7.40807,https://icons.llamao.fi/icons/protocols/orca-dex,https://www.orca.so
gmtrade,7HPU75j2rNV5RPRQPVN6mQ7sfgWgszBzmVYmAohf7PKN,WSOL-USDC,104.44747,104.44747,0.0,127672,,0807f188-1b60-4a07-a7db-cb3ce2b0af28,5.67257,35.79731,-124.37973,https://icons.llamao.fi/icons/protocols/gmtrade,https://gmtrade.xyz
raydium-amm,7Ud6HAU4FAS7CA69FGCC5qrKN9VgucBtYoGF6HwdRPDB,WSOL-FERRO,0.38,0.38,0.0,127582,,b46d6aad-455b-52fb-9cb1-83ccbd57937a,0.0,0.0,0.0,https://icons.llamao.fi/icons/protocols/raydium,https://raydium.io
kamino-lend,2ov3CMqPBYG3jNBmmpXgK9KMW5GmU5GWZNGcwf7w3BC1,USDT,4.36495,4.36495,0.0,127571,,2d284e9c-7ae4-486f-88be-1584bdc3dd11,-0.00173,-0.01668,-0.18766,https://icons.llamao.fi/icons/protocols/kamino-lend,https://kamino.com/
kamino-liquidity,6aBxkD2Egf2mcp1yF7TAhGPLLULdeqmaAhJSfq98NANU,USDC-MPST,0.0,0.0,0.0,127455,,5bfe3f21-88c9-45c9-a878-14768da60fc2,0.0,0.0,0.0,https://icons.llamao.fi/icons/protocols/kamino-liquidity,https://kamino.com/liquidity
orca-dex,AAtnicLL2uyhRWeMxm79ierLXmsYcyFRjGQzbiaURHmm,USDC-MPST,0.01039,0.01039,0.0,127439,,6abeaf72-14fd-4f44-bf2a-c86d4cb1df41,0.01039,0.01039,-0.01437,https://icons.llamao.fi/icons/protocols/orca-dex,https://www.orca.so
raydium-amm,9GuYRPtyqctKszyXKH7vtm2HSPRQBJG4AvY2tLo8cqFM,ST-USDC,1.77,1.77,0.0,126487,,5959208b-2343-4a49-86f6-6c9ee7ebeeee,-0.03,0.96,0.33,https://icons.llamao.fi/icons/protocols/raydium,https://raydium.io
orca-dex,EE1i59YUAELZj4qe8sHgsYd7wYuwe2YRoJMmkCjJEiGt,USDC-NATIX,12.19339,12.19339,0.0,126197,,c3ab80c2-cf7f-4500-b880-2e39d8c66f8d,-2.29338,6.1754,-76.15002,https://icons.llamao.fi/icons/protocols/orca-dex,https://www.orca.so
kamino-liquidity,H8vDi4eTMHfy8qDM4eap1ePSfxyhWcvPKJQeRgnTfnD1,CBBTC-XBTC,0.0,0.0,0.0,126187,,4d5e21a2-faee-4b02-b9dc-4522cab95a6e,-3.01322,0.0,0.0,https://icons.llamao.fi/icons/protocols/kamino-liquidity,https://kamino.com/liquidity
save,HUL7GeHECRMbBFwde6pBmCPwDZjoLQDX7Xis4d64jAya,USDS,2.99,2.99,0.0,126056,,b57b3eab-ad60-4fee-869d-eb90955a9cc6,0.0,0.15,0.26,https://icons.llamao.fi/icons/protocols/save,https://www.save.finance/
orca-dex,5wRj5DPdM6Jd84B7reRwUMmerEk4T2PFsZDJQ5boYsic,DOOD-USDC,3.59435,3.59435,0.0,125699,,315760da-100d-498d-b22f-188f88db50cd,-1.83987,-2.94649,-6.54695,https://icons.llamao.fi/icons/protocols/orca-dex,https://www.orca.so
kamino-liquidity,9mq2sA4Dxg2BpB5fGbMcrRgHtMiS4HYq8ZyB251rTe2m,CBBTC-ZBTC,0.0,0.0,0.0,124263,,d489824b-99a4-49d1-a93e-dbe224d0f3e7,0.0,-2.56102,0.0,https://icons.llamao.fi/icons/protocols/kamino-liquidity,https://kamino.com/liquidity
raydium-amm,Hv1i8WrxEhL8djBuxhFGJxXTt4qEupywWKFSgGB5A7w6,LETSBONK-WSOL,0.41,0.41,0.0,124080,,7ee7c23e-5a5e-482e-a3e0-2261463cfe0f,0.0,0.0,-1.04,https://icons.llamao.fi/icons/protocols/raydium,https://raydium.io
gmtrade,59uFARJWg7B8wcEuXzvkafiT4DuKemdNCN5bshDbwun9,XRP-USDC,93.21569,93.21569,0.0,123317,,7a0f46c7-e8ad-47bf-b5d0-80fb9ed249f1,3.19717,24.46673,28.06308,https://icons.llamao.fi/icons/protocols/gmtrade,https://gmtrade.xyz
raydium-amm,BJFPiZ79ShxyBX59GHZ7p9R9DfQpKsm4xzu46MNMSHcZ,WSOL-BARRON,0.41,0.41,0.0,123206,,428d204f-ddd0-4701-a10c-648c01ae362a,-0.38,0.12,-0.67,https://icons.llamao.fi/icons/protocols/raydium,https://raydium.io
raydium-amm,AF5jJRbAEAcEzTHzpkcDF6ij8YgTeM6765CHfN4pk5z7,WSOL-VICPAY,0.71,0.71,0.0,122818,,515fe8db-d69f-4e54-83c1-916ba7d629c5,0.04,0.06,0.0,https://icons.llamao.fi/icons/protocols/raydium,https://raydium.io
orca-dex,CyLBEHfCYK1jVsTe8kdE3Pw3VSgF3U47UHBzt1znT5jT,SOL-SPDR,1.01255,1.01255,0.0,122501,,c3cf2570-0b31-40b6-b4c9-248098a2ba85,0.83479,0.70765,0.9636,https://icons.llamao.fi/icons/protocols/orca-dex,https://www.orca.so
raydium-amm,21gyi2Gi66uXPNBztyhbAN2oBhPP5hp2oWAiyc8J95py,WSOL-DINAR,130.28,130.28,0.0,122303,,a1b179f7-e9a1-5892-a15a-6120a7b077b0,87.62,111.69,0.0,https://icons.llamao.fi/icons/protocols/raydium,https://raydium.io
project-0,HmpMfL8942u22htC4EMiWgLX931g3sacXFR6KjuLgKLV,USDT,4.39066,4.39066,0.0,122095,,7dbd5b54-8950-55b5-99e1-cb3e9e566cc1,-0.00174,0.0,0.0,https://icons.llamao.fi/icons/protocols/project-0,https://app.0.xyz
raydium-amm,EkpbWmPzrzFsv2xkJRdvWs61aRuDBVdrJK7WQmctBFnB,AVGOX-USDC,15.8,15.8,0.0,121996,,5877c8cd-f400-4dec-a998-2b54a6676c5c,-11.12,0.0,-47.94,https://icons.llamao.fi/icons/protocols/raydium,https://raydium.io
raydium-amm,HZZofxusqKaA9JqaeXW8PtUALRXUwSLLwnt4eBFiyEdC,-WSOL,0.4,0.4,0.0,121301,,a1803de3-cca8-46e4-8cf2-64f32a1d59cb,-0.61,-1.43,-0.88,https://icons.llamao.fi/icons/protocols/raydium,https://raydium.io
raydium-amm,HPNySvhHU2M9zHqqEED1gr6A98t9gRhmxsbJdVj8pXHJ,USD1-FUN,3.41,3.41,0.0,121202,,eadfa983-1111-467f-9d80-22c6a275f6c8,-2.61,2.65,-3.53,https://icons.llamao.fi/icons/protocols/raydium,https://raydium.io
raydium-amm,A8iNixG97AjK5kCXTdi5ooDg2DrKeEBpnW2Ghchpe4j1,WSOL-$RIF,0.38,0.38,0.0,121174,,92b69c78-10e7-44cd-b2a6-9b963208f4b3,0.0,0.09,0.0,https://icons.llamao.fi/icons/protocols/raydium,https://raydium.io
jupiter-lend,2L6xsj9zKbvxALDroGQHmPx2kCw8RqZ8yru4zceUoB6k,CBBTC,0.0,0.0,0.0,121065,,6f56a8ae-55ca-48af-a5fd-0b41f9f3b8cb,0.0,0.0,0.0,https://icons.llamao.fi/icons/protocols/jupiter-lend,https://jup.ag/?ref=f6y1ryr2snn3
orca-dex,Goxk6GWnWQRXDJBc5nwz18FasV5NuB82nFCeYWod41xU,BILL-USDC,10.71016,10.71016,0.0,120845,,fa4c2169-a338-4b66-95d4-1dc9dc6f59fb,1.33282,-8.78757,-3.20044,https://icons.llamao.fi/icons/protocols/orca-dex,https://www.orca.so
raydium-amm,2KB3i5uLKhUcjUwq3poxHpuGGqBWYwtTk5eG9E5WnLG6,WSOL-TETSUO,1.81,1.81,0.0,120800,,3c2ec146-be6d-4f5c-89fa-9105f64d1014,1.19,0.4,0.86,https://icons.llamao.fi/icons/protocols/raydium,https://raydium.io
jupiter-lend,2L6xsj9zKbvxALDroGQHmPx2kCw8RqZ8yru4zceUoB6k,CBBTC,0.0,0.0,0.0,120710,,78625834-af8c-4850-b162-6aacbf0da5ef,0.0,0.0,0.0,https://icons.llamao.fi/icons/protocols/jupiter-lend,https://jup.ag/?ref=f6y1ryr2snn3
raydium-amm,GqpCwsBbmcCPwwPaJevdsfK9M5zeAoDBd96yxHUpdgrW,SOLNIC-WSOL,0.37,0.37,0.0,120588,,cb21a7cd-5924-4b5a-897e-3d7f67c17b82,-0.84,0.13,-0.65,https://icons.llamao.fi/icons/protocols/raydium,https://raydium.io
raydium-amm,8KbrpeSRYXYjWSSdG7gE1tR7Go8MmKKxKaei1gGc4U7Q,WSOL-JLP,2.11,2.11,0.0,120453,,2d3daafa-362b-4ef0-9e32-5bfb0cbc24ec,-0.92,-0.05,-12.54,https://icons.llamao.fi/icons/protocols/raydium,https://raydium.io
raydium-amm,2tYcvQw9e8XM9AwzwvUMVVyK7BWLyuC9sR5iV6QjRH4T,WSOL-STKR,0.41,0.41,0.0,120091,,ae7e2af0-c21f-4892-aa48-2dd753eef23d,-0.11,0.0,0.0,https://icons.llamao.fi/icons/protocols/raydium,https://raydium.io
raydium-amm,Cvhwfa9yd35U26jGctrMwgYWq43cC5f5GBi26NiNE2QF,NOUS-USDT,3.17,3.17,0.0,119976,,74cd8ffd-2dec-46ae-b417-215e9a4b5169,-0.11,0.94,0.76,https://icons.llamao.fi/icons/protocols/raydium,https://raydium.io
raydium-amm,7h8hGwfWHzgYbYT1wawPDm1HkuDx8uMLvqSEEVS3oi5Q,WSOL-LOVABY,0.5,0.5,0.0,119901,,adad5ec0-8d08-4029-9342-f85fbeafcd76,0.0,0.0,0.0,https://icons.llamao.fi/icons/protocols/raydium,https://raydium.io
raydium-amm,63amWndBz75z2j7jyKDbzXvzt36L9qdGw7CZAXbD4KNe,WSOL-BUTTCOIN,0.77,0.77,0.0,119508,,586d6299-fa24-4d6d-ab61-59eac40ea469,0.0,0.0,0.0,https://icons.llamao.fi/icons/protocols/raydium,https://raydium.io
project-0,5wZz2MV3dFJVq3Wp4tBoqrgrSGZqeLCdLE1L4w6okm9g,JSOL,0.00833,0.00833,0.0,119411,,348f14cd-25f3-436c-b2a5-2e2c15f8353b,0.0,1e-05,0.0,https://icons.llamao.fi/icons/protocols/project-0,https://app.0.xyz
orca-dex,5zpyutJu9ee6jFymDGoK7F6S5Kczqtc9FomP3ueKuyA9,SOL-BONK,38.75299,38.75299,0.0,119343,,4420a9de-a883-4ba9-a4c6-4ed12734ab94,-5.69562,-46.44458,5.66336,https://icons.llamao.fi/icons/protocols/orca-dex,https://www.orca.so
raydium-amm,9UMuN94bbuH53F4PTVWDYZoQjsJ3zgEx2j2vtT5Rbo1x,WSOL-VVAIFU,1.39,1.39,0.0,119295,,4cf2ae8b-dba0-4e73-b610-378e396a70df,0.0,0.0,0.0,https://icons.llamao.fi/icons/protocols/raydium,https://raydium.io
save,9mpAoYdKeLhcMHYASoVGzTiWhefQ7pSYTLQdu9n9Gqjv,RASOL,0.0,0.0,0.0,118236,,dd2a0246-9a04-4020-8759-790947ed4326,0.0,0.0,0.0,https://icons.llamao.fi/icons/protocols/save,https://www.save.finance/
kamino-lend,DSyZ8en9YR19PcGydimK1uWE4un6ur87szaCKBJEmj47,LBTC,0.0,0.0,0.0,118089,,dabb69fc-51e3-4ab9-92e4-e9a397195b6c,0.0,0.0,0.0,https://icons.llamao.fi/icons/protocols/kamino-lend,https://kamino.com/
raydium-amm,5c4znipkjwGe9PFJay3EswDr3kxAmg2FX1CJsggybEjh,WSOL-ELON,0.48,0.48,0.0,118061,,2a4d7643-079d-47d9-b9c3-70f13efb12aa,0.0,0.0,0.0,https://icons.llamao.fi/icons/protocols/raydium,https://raydium.io
raydium-amm,CycVvS19mPJ1cCWfiiWk3M32LTdrW8akChLMf8u75py1,WSOL-PEPECAT,1.05,1.05,0.0,117944,,d3df0f29-4f6b-41eb-80b9-4de0a1312298,-0.78,0.0,0.0,https://icons.llamao.fi/icons/protocols/raydium,https://raydium.io
orca-dex,FaoZEZFsRS2jJAzg5PXwNjDdA1hDAjDGAkDf4xRfY79w,SOL-ZBCN,86.64626,86.64626,0.0,117911,,01b5637e-2599-41d0-a141-88e7ae35c126,-165.12241,33.61479,-24.74211,https://icons.llamao.fi/icons/protocols/orca-dex,https://www.orca.so
raydium-amm,B6FEtQdwsq8Wuw4G52pW9WEWEA7ALGfyUgXDRKigDSHH,WSOL-QQQX,10.09,10.09,0.0,117757,,0d7ffd2b-257e-4066-95be-35fb37bc748b,-2.16,7.07,-23.19,https://icons.llamao.fi/icons/protocols/raydium,https://raydium.io
raydium-amm,9frEnxkurDtvW1eshy116LrwgTtA8kDJyUZ1kengR92t,WSOL-CHATOSHI,12.13,12.13,0.0,117430,,3b19ce63-4aa2-45b1-b4dc-c46efcb3ffc0,-5.04,-1.64,0.92,https://icons.llamao.fi/icons/protocols/raydium,https://raydium.io
orca-dex,2TAgfogn8JRwwTnsGKUa6WUT5Xdv1iMEzfEDMor68X9C,SOL-ZEC,26.78701,26.78701,0.0,117414,,d3976688-cd2f-404c-be53-dd47ae528811,-1.58145,4.5732,-24.90227,https://icons.llamao.fi/icons/protocols/orca-dex,https://www.orca.so
gmtrade,59uFARJWg7B8wcEuXzvkafiT4DuKemdNCN5bshDbwun9,PUMP-USDC,208.0868,208.0868,0.0,117018,,db70451f-f612-46be-8b01-0847b2959dc1,7.13821,26.88417,-56.23181,https://icons.llamao.fi/icons/protocols/gmtrade,https://gmtrade.xyz
kamino-liquidity,G6tWuRjU9ZCLa6YArXC9p3wsL9sUdL7Y4bJgWRNuQijE,DEJAAA-USDC,0.0,0.0,0.0,116326,,a354ddc4-91b2-441c-807e-40b774920445,0.0,0.0,0.0,https://icons.llamao.fi/icons/protocols/kamino-liquidity,https://kamino.com/liquidity
gmtrade,5PQpUVKqc2DwqRVVdY8L6DcPCZdimmwKm1tkPnBywrN8,WGMX-USDC,86.1983,86.1983,0.0,116196,,7ed8954f-c9e8-4e06-9c93-025e887142cb,-6.08327,13.76093,64.40523,https://icons.llamao.fi/icons/protocols/gmtrade,https://gmtrade.xyz
raydium-amm,FNj4Vsd3xCDZmSQLjan1w5vW7JjDxXbZkMjbxqw2raK9,WSOL-BONGO,5.17,5.17,0.0,116137,,72151b32-52e4-4ef7-92ba-c182d57e9264,-1.08,2.73,0.66,https://icons.llamao.fi/icons/protocols/raydium,https://raydium.io
kamino-lend,BvafE5Sm6rLrBbVRtJ2FkCzfNJQ2TjcL8bvPZULUDYrt,CGNTSOL,0.0,0.0,0.0,115997,,019b43fe-bcaf-4336-ad9d-5f1dcebf03cb,0.0,0.0,0.0,https://icons.llamao.fi/icons/protocols/kamino-lend,https://kamino.com/
raydium-amm,Ajbs7iX9bdF64iSDhaSzdNVbhhyZ8dLTXjgp3A3LXV3Y,WSOL-BOLT,13.05,13.05,0.0,115904,,77e45776-0619-463d-b7e5-bfe885e26422,5.29,4.31,-6.17,https://icons.llamao.fi/icons/protocols/raydium,https://raydium.io
raydium-amm,bhL1PjyXeRhb2kk3ru2qx7cb8pKoXNWAiwTpJrZc1gt,DEJAAA-USDC,0.04,0.04,0.0,115874,,1013bd79-ab43-46a4-a889-bc36200b284a,0.0,0.02,0.0,https://icons.llamao.fi/icons/protocols/raydium,https://raydium.io
orca-dex,,-USDT,0.00635,0.00635,0.0,115763,,970cd4bc-7092-59d5-8f34-771017e36607,0.0,0.0,0.0,https://icons.llamao.fi/icons/protocols/orca-dex,https://www.orca.so
orca-dex,,-USDT,0.00383,0.00383,0.0,115500,,4be09d64-e0b1-5d3a-9d3b-0115ee85b904,0.0,0.0,0.0,https://icons.llamao.fi/icons/protocols/orca-dex,https://www.orca.so
orca-dex,,USHG-USDT,0.00174,0.00174,0.0,115416,,9985fe42-47ee-5261-9eff-b19b5d916d46,0.0,0.0,0.0,https://icons.llamao.fi/icons/protocols/orca-dex,https://www.orca.so
raydium-amm,CTpkCQufppiECZJesCkvy1nETmVQQMFK41EoFjw1x4WG,WSOL-BMT,11.37,11.37,0.0,115281,,ef54645b-19c5-49b9-8ad5-13c04e8fab90,4.34,8.71,2.94,https://icons.llamao.fi/icons/protocols/raydium,https://raydium.io
kamino-lend,DQ126djx5db6SMCbejHLNxoosonVes3qW5eVVUQuT93v,SOL,5.09363,5.09363,0.0,115154,,31014ab5-839d-439b-a845-b4fff1670a5b,0.15879,-0.1869,-0.51834,https://icons.llamao.fi/icons/protocols/kamino-lend,https://kamino.com/
raydium-amm,CXgcuECqdaBpvJWH5cwEir9Y5FY9SKTjhGutMc95bGy3,WSOL-IMG,0.89,0.89,0.0,114307,,b906fe46-e461-4343-aa7c-c7da3834ea45,0.2,-0.82,-0.75,https://icons.llamao.fi/icons/protocols/raydium,https://raydium.io
raydium-amm,EskpS4o6sWFAmf7w8PDwWJQfx8LRU7hHMjPxCcyX4Eq1,WOLF-WSOL,0.52,0.52,0.0,113917,,c5fa4d15-6901-44ef-b524-1bf7f49d4113,0.0,0.0,0.0,https://icons.llamao.fi/icons/protocols/raydium,https://raydium.io
raydium-amm,3L7KbPVaAQA4UTecaGQYsm6UCq5F3sZM9zAYkxqYt63j,METAX-USDC,13.13,13.13,0.0,113859,,e4f9a318-eb01-44dc-8f0f-60cb29c64128,-17.53,10.66,-11.49,https://icons.llamao.fi/icons/protocols/raydium,https://raydium.io
gmtrade,59uFARJWg7B8wcEuXzvkafiT4DuKemdNCN5bshDbwun9,BNB-USDC,103.44315,103.44315,0.0,113853,,4d5f2138-e925-4cb4-82bd-b7316894dcb3,9.60922,-3.07473,-49.50783,https://icons.llamao.fi/icons/protocols/gmtrade,https://gmtrade.xyz
raydium-amm,Dgos4PkM2NxdxaJAFtkhpo3nRZUsTbQDD5E47zTK1iC9,WSOL-BUCK,9.02,9.02,0.0,113843,,9687cf57-cc7c-444b-8e6e-2d4ab8e27616,8.16,8.61,7.84,https://icons.llamao.fi/icons/protocols/raydium,https://raydium.io
raydium-amm,81AHsVyKA89mmp3aQnQtUnfxGvgM6ZnFCdtnaT9Fs5tc,CORAL-WSOL,5.23,5.23,0.0,113653,,1a8861aa-cea1-4db6-bcef-0d5829a81cbe,-0.73,1.38,-5.93,https://icons.llamao.fi/icons/protocols/raydium,https://raydium.io
save,GWhc29nWdLX9Zvex7q7r6WzKFBQAWXHz773dLabmqdyz,$RE,0.0,0.0,0.0,113240,,a07c637f-0939-4843-8cd8-8bcfc45be022,0.0,0.0,0.0,https://icons.llamao.fi/icons/protocols/save,https://www.save.finance/
raydium-amm,H9YAf1gvANURxq4LatFVF56UnAPpk1FU8jqC8XY6FYdG,WSOL-PP,0.95,0.95,0.0,113015,,a3b45bb1-eb94-4bb4-a02c-d44c570f6957,-0.16,-1.59,-0.81,https://icons.llamao.fi/icons/protocols/raydium,https://raydium.io
raydium-amm,9CTxEyRStwTKLfVTS6c7rfQc7PTxY42YPdQcrHTv53Ao,HOOD-WSOL,6.64,6.64,0.0,112340,,dfcd654a-81df-45df-88f0-ad8b5f49f677,5.64,1.34,3.38,https://icons.llamao.fi/icons/protocols/raydium,https://raydium.io
raydium-amm,6nmiCc4QSXqjsNYWgPRBVtij7GdHfDTud71eEGqApqav,RIZO-WSOL,1.01,1.01,0.0,112117,,3b2ebd8b-66ab-4dcd-a9b4-e98a6188c8ce,0.24,0.22,-1.41,https://icons.llamao.fi/icons/protocols/raydium,https://raydium.io
raydium-amm,3UwfrdLTpAjxTRni1boc5HUWe6hzc4HgE5yLdvEp2Noc,BONK-USDC,0.56,0.56,0.0,112079,,a4c4203d-62c9-47e3-b96d-63fd03dc9e94,0.0,-28.03,-27.64,https://icons.llamao.fi/icons/protocols/raydium,https://raydium.io
raydium-amm,98nocLbiDi9ykAjwAUJW9fnYZsf4L4KLCfH7U2LFXDsv,WSOL-PVS,0.7,0.7,0.0,111716,,ccab7bdb-4b70-4eef-847c-af95a0129e15,0.02,0.32,-0.45,https://icons.llamao.fi/icons/protocols/raydium,https://raydium.io
raydium-amm,GYKDfe5xuvAwvq5ECWC7cNCRkGU3Pjgb87pgWah5QmHZ,CAT-WSOL,0.61,0.61,0.0,111467,,e87cab1c-d5e1-4f3a-88fa-e76b43ad2a65,-0.92,0.0,-0.48,https://icons.llamao.fi/icons/protocols/raydium,https://raydium.io
raydium-amm,HBYptNEWREPFK2UmaVtfg8Mfp9D8Xye41Ueo9wZo9oX4,TSAT-WBTC,0.41,0.41,0.0,111236,,27629ccc-829d-47ea-9e7d-b46e2c6b7931,0.0,0.0,0.0,https://icons.llamao.fi/icons/protocols/raydium,https://raydium.io
raydium-amm,F3zPKW91FaxtVDCVUXcqDo9Uvba1bfEo1oNHPDzqGHJy,ECOR-USDC,0.55,0.55,0.0,111116,,ddc364c4-b6b7-499c-92cb-cc72962d6594,0.0,0.0,-0.77,https://icons.llamao.fi/icons/protocols/raydium,https://raydium.io
raydium-amm,BxUigngqxhU8Wapwvck5cavcBbfgE47ETNwLeXnCVwz4,WSOL-ORDER,5.72,5.72,0.0,111063,,81661763-1df6-49be-85f1-828b919f53d0,-1.0,-4.54,-7.82,https://icons.llamao.fi/icons/protocols/raydium,https://raydium.io
save,6TyNRszAjzPh52mDEnmXcqq1u3p9S2z1iNmMdKN76wq2,SOL-BSOLMLP,0.0,0.0,0.0,110996,,3297b9ab-cf17-426d-8ded-1c0fbd698a3d,0.0,0.0,0.0,https://icons.llamao.fi/icons/protocols/save,https://www.save.finance/
raydium-amm,6vSXoRsZ4iPH1dW7LKu8CzAgv9AfvWXGXYnnkSrXtDLp,WSOL-$WHISKEY,1.02,1.02,0.0,110966,,81c78b34-adca-4bda-8bdc-516dfc520bdc,0.01,-0.07,-0.2,https://icons.llamao.fi/icons/protocols/raydium,https://raydium.io
raydium-amm,FvMZrD1qC66Zw8VPrW15xN1N5owUPqpQgNQ5oH18mR4E,MUMU-WSOL,1.01,1.01,0.0,110569,,15b0e2a1-e1c8-4c24-97c6-3a5531b9993e,0.17,-3.72,-0.43,https://icons.llamao.fi/icons/protocols/raydium,https://raydium.io
raydium-amm,Gzr9pqtuAx8KZSS8YrsrRnS7qiugWt1JiX7zJ35tVX9Z,EURAU-USDC,0.1,0.1,0.0,110557,,05456cc4-bd76-5b3a-8236-538e0f59d445,-1.33,0.0,0.0,https://icons.llamao.fi/icons/protocols/raydium,https://raydium.io
raydium-amm,JBXaK3iTskLppMZtq3Z5ceAt7L8Xvh6BmVYUX9FntYTr,WSOL-STRX,0.59,0.59,0.0,110298,,35ccf692-604f-422e-b17a-04f2c238cf10,0.0,0.12,0.0,https://icons.llamao.fi/icons/protocols/raydium,https://raydium.io
raydium-amm,4PdW5t2Btzj6b6VSQfEZA8MXVEtjJ9NCRhCrfULugvm7,WSOL-MOEW,0.48,0.48,0.0,110232,,39dd8e58-ed35-43fc-819d-82b32f67cc45,0.0,0.0,-1.64,https://icons.llamao.fi/icons/protocols/raydium,https://raydium.io
orca-dex,6RJePHREXq6SyyypWzdtA6ncLb2bx5BcYmpwaotT8BeR,SLERF-COINOMI,1.58569,1.58569,0.0,110014,,f94ab9ad-cd1a-49d0-83ad-ec078cbd8a50,1.58569,-0.12861,-1.1377,https://icons.llamao.fi/icons/protocols/orca-dex,https://www.orca.so
raydium-amm,9KgSWjrKCzS3EbUkvBKbgdwj8BwTdWzzqXKufDHAPS2a,WSOL-GTA6COIN,16.1,16.1,0.0,109660,,c5d39105-af41-4498-a2eb-b46891ead868,-2.49,12.46,-12.25,https://icons.llamao.fi/icons/protocols/raydium,https://raydium.io
raydium-amm,EzJtx66sJEt3pcqLDf8nFYwY66T7RGAHqBv87n42EoMy,GDTC-WSOL,1.18,1.18,0.0,109553,,4b968bbb-8378-4685-b331-f0b3679330b0,0.11,0.41,-0.56,https://icons.llamao.fi/icons/protocols/raydium,https://raydium.io
orca-dex,2oStJEcUckQgX2aGUE3L8w8d5phxcuceDHwTfTGg33SN,ANSEM-USDC,427.18815,427.18815,0.0,109220,,36b987ec-39b7-42f2-a8fb-1b9e28050583,274.42122,-21.37341,-167.44639,https://icons.llamao.fi/icons/protocols/orca-dex,https://www.orca.so
raydium-amm,FZhAPHohxbTmai9DPE3CsYiDs2G5EHB4xe7SKmg4FH3z,SHBTC-WSOL,0.52,0.52,0.0,108798,,d5a0e376-4831-4e03-b7ab-585d51279bb4,0.0,0.0,0.0,https://icons.llamao.fi/icons/protocols/raydium,https://raydium.io
orca-dex,DtYKbQELgMZ3ihFUrCcCs9gy4djcUuhwgR7UpxVpP2Tg,SOL-JUPSOL,3.06937,3.06937,0.0,108767,,5ff68f29-adcc-4551-8947-56ddda389f17,0.70197,2.87821,-2.83038,https://icons.llamao.fi/icons/protocols/orca-dex,https://www.orca.so
raydium-amm,C3KrnLguJ59pEwpTC3BHhqLu7RNvSLhy8CpnpQAeP61X,WSOL-KM,3.2,3.2,0.0,108279,,dc159e5f-c0f6-438a-9138-6a16b7ff038d,-7.74,2.74,0.23,https://icons.llamao.fi/icons/protocols/raydium,https://raydium.io
raydium-amm,CE44EngGpTghBggcUSSAMJdhoisN7YugaKnDjcsp5r1d,WSOL-QUANT,0.46,0.46,0.0,108218,,0d2d7e81-8912-45a8-9990-6e73619504b7,-0.21,0.0,-0.41,https://icons.llamao.fi/icons/protocols/raydium,https://raydium.io
orca-dex,8swmncVEA5pqhFAXxVNuZDu8oXgRUeCJdF6i3ZKcJgHC,SOL-TURBO,4e-05,4e-05,0.0,108008,,710420bd-8f3a-4fb8-b970-9b2c5b418460,-0.01125,4e-05,4e-05,https://icons.llamao.fi/icons/protocols/orca-dex,https://www.orca.so
orca-dex,4Lgz21ZmgtgtGikoQy5ZpuCuBCwTZoLx364rHiQwngsH,CETES-USDC,0.0,0.0,0.0,106891,,409e62e4-f329-406e-bbb8-c48d9745aa87,0.0,0.0,-0.68331,https://icons.llamao.fi/icons/protocols/orca-dex,https://www.orca.so
kamino-liquidity,B7HWWTicHt1dCA7vbfeEQsc1JwcH7Qk3qAHc7zWMVP2r,SOL-SSOL,0.01977,0.01977,0.0,106867,,b18a9940-3b8d-468c-acb7-ed28deeb31cb,0.01977,-0.30144,-0.58146,https://icons.llamao.fi/icons/protocols/kamino-liquidity,https://kamino.com/liquidity
orca-dex,55BrDTCLWayM16GwrMEQU57o4PTm6ceF9wavSdNZcEiy,WBTC-USDC,1.95276,1.95276,0.0,106687,,409066bb-22eb-4c9e-994f-dfcea35e4481,-2.58914,-0.66858,-3.55975,https://icons.llamao.fi/icons/protocols/orca-dex,https://www.orca.so
raydium-amm,FMiecMsYhPdBf94zZKa7i6inK1GX7aypLf7QewNz1i6w,GUMMY-WSOL,0.45,0.45,0.0,106672,,28969b16-9c65-4c37-8fe7-85dc82becdb4,0.0,-2.23,0.0,https://icons.llamao.fi/icons/protocols/raydium,https://raydium.io
raydium-amm,FkXXLYB169GkEMTx3r6zJ4MXFFu29AY9w9cyj77hHVhb,WSOL-SHY,1.04,1.04,0.0,106285,,9660adfa-0c89-4ba0-9f81-d516e4720ad3,0.0,-3.58,-0.58,https://icons.llamao.fi/icons/protocols/raydium,https://raydium.io
raydium-amm,6UmmUiYoBjSrhakAobJw8BvkmJtDVxaeBtbt7rxWo1mg,RAY-USDC,2.04,2.04,0.0,106166,,0e4d44f3-c9c4-4b96-850f-5b1edc99332f,-1.2,1.05,-14.37,https://icons.llamao.fi/icons/protocols/raydium,https://raydium.io
raydium-amm,5LJk7cuBZpL48eAapdYGgu94GPzyr3W7hHKYRS4N29xV,USD1-ONE,24.81,24.81,0.0,105808,,30165234-d418-4f86-bc9d-f81e82868709,-6.55,-31.41,-14.94,https://icons.llamao.fi/icons/protocols/raydium,https://raydium.io
kamino-lend,HDYDmHLYykJGAxyYscDRLxTDUUXyDqi7MPU7yZRHTgK5,ZBTC,0.0,0.0,0.0,105337,,6adab799-4e94-4407-9f2e-25e5f6212e1e,0.0,0.0,0.0,https://icons.llamao.fi/icons/protocols/kamino-lend,https://kamino.com/
raydium-amm,CR8FJB9jqGvtNYnYUuxyyS41WXue2HZRfhNavkaV8CS4,SOLAMA-WSOL,0.44,0.44,0.0,105232,,7d7dd28c-5884-4f7f-ae01-02c8a5e63b99,-0.13,0.0,-0.59,https://icons.llamao.fi/icons/protocols/raydium,https://raydium.io
raydium-amm,FGjKoDWXcZs5FNF1JCRUHjyWNK9NH4wWmN3cpLq94tQ,RTP-PGS,0.49,0.49,0.0,104904,,3a5a3578-a229-4a7f-9429-234ef902f909,0.0,-0.01,0.0,https://icons.llamao.fi/icons/protocols/raydium,https://raydium.io
raydium-amm,4D17GNQvJPMsMAiyiYvSK1GxAtduMLvyMMHVzRUniV8o,WSOL-MOT,11.53,11.53,0.0,104847,,a2426826-42bb-47fa-bfa5-3625705c5c25,1.48,0.78,3.99,https://icons.llamao.fi/icons/protocols/raydium,https://raydium.io
raydium-amm,H6QKN2x9bCP27auuAWB4RKE9T2YjkMYXD3jWJWvKxZRV,WSOL-ELON4AFD,0.46,0.46,0.0,104599,,a5927e0e-b501-4de6-b08a-6165f12fe739,-1.27,0.01,-4.33,https://icons.llamao.fi/icons/protocols/raydium,https://raydium.io
raydium-amm,CqmwcyB7fGor8z7As56yXBQzWjy7MnACtmj6wuLHgV5H,WSOL-AU79,7.5,7.5,0.0,104535,,aa238e14-a8a5-4a10-9ad6-88d2c1d0eb50,-3.58,2.5,-94.67,https://icons.llamao.fi/icons/protocols/raydium,https://raydium.io
raydium-amm,2ur2GZKShAp8xJ33QSs7C5ZUTD9mRjVrgwoHR2Q7T1Sv,WSOL-GNON,0.58,0.58,0.0,104176,,1af5a848-7f33-4766-b74d-bb63e0d1ea7e,0.0,0.0,0.0,https://icons.llamao.fi/icons/protocols/raydium,https://raydium.io
raydium-amm,8nFJS9qQvk3TyBDxkBMxnshv42FG1NpMPhWxKQnWvrZe,WSOL-ARQORA,0.99,0.99,0.0,104056,,b57a185e-d11d-4680-9083-7b11c1daf4be,-4.67,-4.69,-3.76,https://icons.llamao.fi/icons/protocols/raydium,https://raydium.io
raydium-amm,AAoREr9vexyGrinK6Z2GBcq5TKrNkZQXzkDpDDeXVaMk,WSOL-YNE,0.45,0.45,0.0,103389,,c07d4aa3-781e-4a14-bd2d-082c3bac7f62,-0.64,-0.62,0.0,https://icons.llamao.fi/icons/protocols/raydium,https://raydium.io
orca-dex,5Z66YYYaTmmx1R4mATAGLSc8aV4Vfy5tNdJQzk1GP9RF,ORCA-USDC,3.06692,3.06692,0.0,103287,,1e98f4e4-2579-4488-bfa1-f0a7c71eccd1,-0.91513,0.69716,-13.88862,https://icons.llamao.fi/icons/protocols/orca-dex,https://www.orca.so
orca-dex,63DFX4pkJkDs4LV5s1x1Z1658rkx8yvt7MY9XXGsBMUh,MOVEUSD-USDC,0.00158,0.00158,0.0,103072,,056c7aa6-1510-4d25-a026-c8c548d10071,-0.00087,0.0015,0.00106,https://icons.llamao.fi/icons/protocols/orca-dex,https://www.orca.so
raydium-amm,DUScoEC6LFHv3F9L6at2tG7BV8LnG3epoNvWpyBDzcKp,MAD-WSOL,0.45,0.45,0.0,102938,,c41112b0-d378-4d25-8350-8feea0d59ffd,-0.07,-0.26,-1.83,https://icons.llamao.fi/icons/protocols/raydium,https://raydium.io
raydium-amm,J3n1DraimRJaLZpEkfUetgeoE97RJw5jfsYrvmrzm8DE,WBTC-SATFI,1.77,1.77,0.0,102920,,e550807a-1b73-46b2-af5e-7e1970541553,0.0,0.0,0.0,https://icons.llamao.fi/icons/protocols/raydium,https://raydium.io
raydium-amm,9gJtVVWdCbW4zHX7NxcGCt62Ff7CbNFvceTVSbkTtayb,WSOL-UPTOBER,12.67,12.67,0.0,102813,,6ab10fc6-d4ff-41e4-8b45-e339eed10da3,-7.09,5.74,5.15,https://icons.llamao.fi/icons/protocols/raydium,https://raydium.io
kamino-liquidity,CEz5keL9hBCUbtVbmcwenthRMwmZLupxJ6YtYAgzp4ex,SOL-USDC,3.20641,3.20641,0.0,102323,,ef0449a5-a176-4963-b92f-fbdf85b154a8,-3.35613,1.39297,-12.37184,https://icons.llamao.fi/icons/protocols/kamino-liquidity,https://kamino.com/liquidity
orca-dex,9p7abUFv31ycgu9kckvnoqMMvBy67dqTDM2m6HP9xokN,TSLAX-USDC,0.1238,0.1238,0.0,102035,,9707453e-63a2-4d7c-8311-ca71f5cad17c,-0.49037,0.0118,-127.6994,https://icons.llamao.fi/icons/protocols/orca-dex,https://www.orca.so
raydium-amm,H34a1DtzusexYuXet2z91AvwMs5hvw4TAxMgpj4PDVyf,WSOL-PINO,0.58,0.58,0.0,102034,,20a7de82-cb61-410c-a363-fd40b0c6ae50,0.0,-0.8,-15.65,https://icons.llamao.fi/icons/protocols/raydium,https://raydium.io
raydium-amm,2Ky6BskrcKNCJSrP4X6bgrPPe1erBArBAhyZi2C8nPwy,ATR-USDC,0.89,0.89,0.0,101617,,59acff14-ed3d-4661-9e90-5c64b81106c6,0.0,0.53,-5.04,https://icons.llamao.fi/icons/protocols/raydium,https://raydium.io
raydium-amm,8K8ebATkWT6LzLpY3qjvx3QR26r5o7YqC4R3xMKwGfbv,OCTO-WSOL,0.32,0.32,0.0,101515,,63073c6d-3a35-4e36-9c33-0930b3fbf535,0.0,-0.04,0.0,https://icons.llamao.fi/icons/protocols/raydium,https://raydium.io
raydium-amm,DLaoh9okkk4gdtXj2mkH3WJUE7VbhMBJRuKmciD1PSZX,WSOL-DEGENAI,0.51,0.51,0.0,101496,,db296555-ae98-4cae-a94d-274d45a0dea6,0.0,0.0,0.0,https://icons.llamao.fi/icons/protocols/raydium,https://raydium.io
orca-dex,5zpyutJu9ee6jFymDGoK7F6S5Kczqtc9FomP3ueKuyA9,SOL-BONK,1.69162,1.69162,0.0,101253,,78110730-cd1c-432a-bc06-c2eed825e841,-0.85062,-2.56926,-0.92727,https://icons.llamao.fi/icons/protocols/orca-dex,https://www.orca.so
raydium-amm,7dXUXn2dxTydHi2yWqvvqJwEWoB9mLFTh4hzDDowKVJY,WSOL-GRIFT,0.87,0.87,0.0,101245,,cc3fbec1-1b61-46f7-a6a4-4f6c64ac16d8,0.0,0.0,0.0,https://icons.llamao.fi/icons/protocols/raydium,https://raydium.io
raydium-amm,GLN7GrwMe7CR1z9KrJheMpyPTLFmmGShuKcLB91FfD2R,TRC20-USDT-USDC,7.28,7.28,0.0,101067,,d075d09a-c965-5b75-9776-358a1abff891,0.0,0.0,0.0,https://icons.llamao.fi/icons/protocols/raydium,https://raydium.io
orca-dex,6qBVw2qtSsf4cAT572dKS629SMWCLjnFX4d4WkySLFZ7,SBC-USDC,0.01738,0.01738,0.0,100521,,c88d8d63-00a0-4fd2-a72d-29874a51b7e6,0.0172,0.01738,0.01624,https://icons.llamao.fi/icons/protocols/orca-dex,https://www.orca.so
raydium-amm,Ch5qwfHRwijRfhGYa8sjiYwx9M9tG4kv9bYBZDApivgB,OILROLL-USDC,0.78,0.78,0.0,100194,,bc013e47-d02e-555a-8feb-53f87c0bcbb8,0.0,0.0,0.0,https://icons.llamao.fi/icons/protocols/raydium,https://raydium.io
raydium-amm,GxmnK8EyEhNebxCGiosFmG7Vjk2Njvt2cMcz2uUhWxL1,XAUM-USDC,0.2,0.2,0.0,100144,,2d1af0cc-235d-4df7-9cca-24beef3c2804,0.0,0.0,-0.37,https://icons.llamao.fi/icons/protocols/raydium,https://raydium.io
orca-dex,8dxebMPEZjYJvE5JfC9iicZt9pkATBLW1PFgRHi5wGGv,MSOL-JITOSOL,0.10327,0.10327,0.0,100112,,d7d14b5c-6e0a-460b-8cba-e3053820d3c2,0.07065,-0.23131,-0.37632,https://icons.llamao.fi/icons/protocols/orca-dex,https://www.orca.so
raydium-amm,21TGAEG98LdosSXYeM2EQtFYugPo9PJpY3W9L7aJgpdr,$GDOG-WSOL,0.57,0.57,0.0,100055,,094cd802-1f93-445f-a67b-5047634a41e9,0.0,0.0,0.0,https://icons.llamao.fi/icons/protocols/raydium,https://raydium.io
project-0,61Qx9kgWo9RVtPHf8Rku6gbaUtcnzgkpAuifQBUcMRVK,PUMP,0.92732,0.92732,0.0,99940,,c8a4307c-f6de-49cd-a5c0-6d1581752fb7,0.01096,0.05483,0.0,https://icons.llamao.fi/icons/protocols/project-0,https://app.0.xyz
raydium-amm,DU9dgBU6Yh2JjsYcjtRY21G14dhQxn6Xm5PT949Sa4tA,STRCX-USDC,1.5,1.5,0.0,99269,,6b38ef9b-ee9f-42a9-afdf-5b099b108001,-4.55,0.66,-24.84,https://icons.llamao.fi/icons/protocols/raydium,https://raydium.io
orca-dex,D6NdKrKNQPmRZCCnG1GqXtF7MMoHB7qR6GU5TkG59Qz1,SOL-$WIF,5.77853,5.77853,0.0,99000,,a7a90058-d8af-4e07-b3a2-c2ffc56fd596,-0.39243,-7.58068,-13.92929,https://icons.llamao.fi/icons/protocols/orca-dex,https://www.orca.so
raydium-amm,AP2JBkb6vq3cE2fv9DduniyA3KUp51xhNLon9vLK1kgz,WHITE-USDC,0.41,0.41,0.0,98873,,6a8923a4-bfd3-4fed-b2f6-38f0600d8a3f,0.0,-0.07,0.0,https://icons.llamao.fi/icons/protocols/raydium,https://raydium.io
gmtrade,5PQpUVKqc2DwqRVVdY8L6DcPCZdimmwKm1tkPnBywrN8,WGMX-USDC,119.89983,119.89983,0.0,98791,,e499e730-6f52-50d7-9b73-00ed86b6cea9,-10.70505,-4.36089,0.0,https://icons.llamao.fi/icons/protocols/gmtrade,https://gmtrade.xyz
loopscale,3s3vAaYpwkyjrgzpBRwgSDxpwHPD1jic25mb1VDzM8Rk,USX,5.85064,5.85064,0.0,98728,,446ac7d7-ee2b-47f1-a478-65fd0ba604fd,-0.01529,-0.2252,0.18795,https://icons.llamao.fi/icons/protocols/loopscale,https://loop.sl
raydium-amm,AFG4tFCp7PFSA7wqoXedrL76GvrR1KSwR7fhVfVp1xEw,WSOL-LOULOU,0.48,0.48,0.0,98188,,6ec301a5-3d87-4d83-99e9-bd227d524a03,0.0,0.0,-0.85,https://icons.llamao.fi/icons/protocols/raydium,https://raydium.io
raydium-amm,G6XZu9m4yAmoW1uGFKcAHUW5ufpURBk4kCeWr9dP1KxJ,WSOL-LLM,0.66,0.66,0.0,97698,,9eca9263-e7b3-498c-b8fb-05d91ac36e92,0.0,0.0,0.0,https://icons.llamao.fi/icons/protocols/raydium,https://raydium.io
raydium-amm,A88BtP7EEXYPKgbwvFByMnm5NoM2bKs6s1o1F5u6GohB,WSOL-BULLY,0.58,0.58,0.0,97505,,71bb6b62-f970-45de-b0ea-4da5a8c4b797,0.0,-0.05,0.0,https://icons.llamao.fi/icons/protocols/raydium,https://raydium.io
raydium-amm,FJ6MdHqFwmnzx2g19s6X8NDbF7gZCnU2yE1rKd9vbnwf,WSOL-$WAFFLES,0.53,0.53,0.0,97503,,60cfbb7d-0a35-437f-a284-b625482fc6ca,-0.08,-4.02,-0.76,https://icons.llamao.fi/icons/protocols/raydium,https://raydium.io
raydium-amm,3BjqisWKPfR13cBivREfEsuwe5cKwXe95q4GZhGtq7gt,KUMA-WSOL,2.19,2.19,0.0,97443,,73146d49-e662-4dc2-a38e-85b0e5b0d053,0.0,0.0,0.0,https://icons.llamao.fi/icons/protocols/raydium,https://raydium.io
raydium-amm,5rsp7vXTeAF6Ry6cvj7YZwYtH9pQ1GSgsLrZvCMsvitN,WSOL-FXN,0.54,0.54,0.0,96745,,34da3c48-79ef-4c96-9dc2-cdc208d25afa,0.0,-0.87,0.0,https://icons.llamao.fi/icons/protocols/raydium,https://raydium.io
raydium-amm,6GDrReNVfyjQDCuGMrKdG2JU7Uj8NCvBt2ukaL2mDj1L,WSOL-WOJAK,0.46,0.46,0.0,96697,,dac75713-4172-4ca1-972c-6fab5b995ef5,-1.57,0.13,-3.89,https://icons.llamao.fi/icons/protocols/raydium,https://raydium.io
orca-dex,jEMt41QA1DZah4XA9b2cmEQwmfdGpZzEsyouC5wxNtG,USDT-GRASS,0.0,0.0,0.0,96651,,ae82ea7b-8ada-4dff-b82f-733ba5380514,0.0,0.0,0.0,https://icons.llamao.fi/icons/protocols/orca-dex,https://www.orca.so
raydium-amm,BrvNhGJQiMdNUrr8ttr7nbabuV3XyWM1FvRBXjSeTuDW,WSOL-TEST,0.66,0.66,0.0,96245,,4d839bcc-f852-4132-8b4e-8bc9f046828d,0.0,-3.07,-0.48,https://icons.llamao.fi/icons/protocols/raydium,https://raydium.io
raydium-amm,5QJxqZbxr3J4SkkmR6Lcm3nztWAz5N7LY1m2m3nQGi9m,WSOL-GTC,0.57,0.57,0.0,96169,,f146759e-0a3a-4b59-9fac-22b59e73415d,0.0,0.0,0.0,https://icons.llamao.fi/icons/protocols/raydium,https://raydium.io
raydium-amm,DczmyvnV8hR7d8zvy6bAoc2itZbFvLAx9iG2D7gyyt9e,WHALES-WSOL,0.64,0.64,0.0,95597,,24d7f98e-4985-4a0b-bd70-8c84a4c0c5db,-2.08,-0.31,0.0,https://icons.llamao.fi/icons/protocols/raydium,https://raydium.io
raydium-amm,A4XeGGhWRcyYRnZqHwDanEow9nrodSJDRHEwcpCbuk4e,DOLAN-WSOL,22.69,22.69,0.0,95575,,613324d2-7f42-4d64-a608-62f68d8832af,9.02,21.79,18.45,https://icons.llamao.fi/icons/protocols/raydium,https://raydium.io
raydium-amm,U71hPHrnG3mNJzTHyK1rmuNzySs97pnoGbwX3t5xeyx,WSOL-ELIZA,0.55,0.55,0.0,95525,,668fc37f-70de-4cd3-a733-98fa31ad0d2e,0.0,0.0,0.0,https://icons.llamao.fi/icons/protocols/raydium,https://raydium.io
raydium-amm,Fo7VNHaddVnMX4Axjo7CC1wWb9Ko2Pk2dFDzL3dYbXKp,WSOL-AWR,1.9,1.9,0.0,95409,,437f0155-0099-4487-b78e-f5886097e554,1.09,-4.13,-1.09,https://icons.llamao.fi/icons/protocols/raydium,https://raydium.io
raydium-amm,Fg4qpvJeTqdL2JzreGpbNeghRvSndCU9LJRuVvVjoc65,WSOL-BBT,0.59,0.59,0.0,95320,,3c33605c-307a-4162-8279-0fdc5119d048,0.0,-1.34,-1.16,https://icons.llamao.fi/icons/protocols/raydium,https://raydium.io
raydium-amm,AMEdCZRmPQSnnsVoGjtTm3dJT2LfiBi1eEMjN137q31c,WSOL-RIFT,1.45,1.45,0.0,95317,,034b694f-af67-40cd-a596-4669c54f411e,0.0,-0.55,0.0,https://icons.llamao.fi/icons/protocols/raydium,https://raydium.io
raydium-amm,3hsdbMFsiCh3YCsXoFjgx4TVpxECsUE9nRMgvaoyveQT,WSOL-$URO,0.51,0.51,0.0,95274,,64d6d126-79cf-4513-981f-b84ed4892f30,0.0,0.0,0.0,https://icons.llamao.fi/icons/protocols/raydium,https://raydium.io
jupiter-lend,FW1dgVReFY2DcT6ZYJjhqmbh2evLyobmHaSURYrTao8o,MSOL,0.0,0.0,0.0,95092,,d20e54ae-e897-4474-ae33-8a81570261b2,0.0,0.0,0.0,https://icons.llamao.fi/icons/protocols/jupiter-lend,https://jup.ag/?ref=f6y1ryr2snn3
raydium-amm,3nMFwZXwY1s1M5s8vYAHqd4wGs4iSxXE4LRoUMMYqEgF,WSOL-USDT,2.58,2.58,0.0,94437,,a3de232a-c180-4cfb-a983-940575566c03,-0.85,0.98,-8.6,https://icons.llamao.fi/icons/protocols/raydium,https://raydium.io
raydium-amm,KSeAucEoqTBB4ttakHYE1encbxjn2u9zUa9ursDLe1E,WSOL-SUPERCYCLE,0.58,0.58,0.0,94358,,2393caaf-9038-48a9-84a8-d9f012bcb97f,0.02,-1.11,-5.12,https://icons.llamao.fi/icons/protocols/raydium,https://raydium.io
raydium-amm,EpUB3i6iDYQ9FtQ8AwHYtUH7JoMFZyM3aeYC5etsjdQs,WSOL-XIN,4.81,4.81,0.0,94287,,1b066965-95e5-4e8c-acb8-503d68017836,2.32,0.0,0.0,https://icons.llamao.fi/icons/protocols/raydium,https://raydium.io
raydium-amm,A1wy7BBM3vaNbTFg9sQSXmYJPf17T3Y1UGwLMd35NKXZ,GIKO-WSOL,14.57,14.57,0.0,94202,,793b63bd-0ae7-47c5-a264-43771203bcc5,4.42,10.06,-17.32,https://icons.llamao.fi/icons/protocols/raydium,https://raydium.io
gmtrade,59uFARJWg7B8wcEuXzvkafiT4DuKemdNCN5bshDbwun9,SPCX-USDC,59.93967,59.93967,0.0,94148,,b237d486-5778-4246-9eb0-afb8d68a6644,-0.00079,6.15983,59.90718,https://icons.llamao.fi/icons/protocols/gmtrade,https://gmtrade.xyz
jupiter-lend,4L3GLQ8DNRLPC2xjjjAwJ449QFTGouZRZJFHshaLF47b,WBTC,0.0,0.0,0.0,94047,,73a3f0e2-31a7-419e-8e32-4f7dc77111f4,0.0,0.0,0.0,https://icons.llamao.fi/icons/protocols/jupiter-lend,https://jup.ag/?ref=f6y1ryr2snn3
raydium-amm,5N96fYr2ZzaiNyZaYGAi31xvT5ExzfPnwh2s95yaXXSv,WSOL-STONKS,0.65,0.65,0.0,93812,,c914beeb-cd1e-4260-8509-23847bc3e6fa,0.0,0.0,-10.8,https://icons.llamao.fi/icons/protocols/raydium,https://raydium.io
raydium-amm,8ujpQXxnnWvRohU2oCe3eaSzoL7paU2uj3fEn4Zp72US,WSOL-ANI,3.54,3.54,0.0,93785,,07bc774d-b4e1-4f9e-9f95-b238074897bd,0.63,2.74,2.46,https://icons.llamao.fi/icons/protocols/raydium,https://raydium.io
raydium-amm,EojCwRSiC3gy26DrF37Z7S2KYdXPRhL8nmHDWmXYZzw3,LMX-USDT,34.6,34.6,0.0,93746,,919ce100-d62c-4288-a6d5-f41faacc04e4,-14.38,-4.25,29.39,https://icons.llamao.fi/icons/protocols/raydium,https://raydium.io
raydium-amm,FdaWCghYqyua2awm1bb2MLZCRUde3FLWkywb2Duz4vtg,STAN-WSOL,1.27,1.27,0.0,93528,,eb8acb80-8df9-4370-9311-06729a12460a,-1.73,-14.35,0.0,https://icons.llamao.fi/icons/protocols/raydium,https://raydium.io
raydium-amm,H43rqotaUmwiwHzPaj2aFJTmLmmrj6GNABL63QEUN5LC,SHX-USDC,0.9,0.9,0.0,93205,,5c1ae043-faad-5a28-8d46-5da7e9af951c,-0.31,-0.12,0.0,https://icons.llamao.fi/icons/protocols/raydium,https://raydium.io
raydium-amm,5uNKBwBNgt5SToxoZgZ2u9hF9LESeYaeH74PWZc2SYX1,EURFRANCE-USDT,0.1,0.1,0.0,93081,,dea0bf6d-44a6-5673-b225-5b125359e32d,0.0,0.0,0.0,https://icons.llamao.fi/icons/protocols/raydium,https://raydium.io
raydium-amm,3zozghHn3cCmbAVPF3Bm5AiyT7VorSdHwTt2qJjLfDo2,WSOL-CRCLX,8.05,8.05,0.0,93017,,62d12119-752e-4978-b96e-d5d6ecbc44ba,-15.48,1.74,-7.86,https://icons.llamao.fi/icons/protocols/raydium,https://raydium.io
raydium-amm,3k8EFqC3NU2cdqxLuoJxaJq3FYhNXXATf4hGK2A4BZ8N,WSOL-🟥🟩,0.58,0.58,0.0,92914,,7ee491f3-fe58-45dc-ae89-8f908e6bf9b0,-0.02,0.0,0.0,https://icons.llamao.fi/icons/protocols/raydium,https://raydium.io
raydium-amm,CaysL4cjU1BuB9ECvhQ4yNQBVt7eug3GcZjndcJdf5JU,WSOL-LC,1.55,1.55,0.0,92890,,b2fd2d6a-d7c2-4594-b7b7-84a920c64468,0.16,-3.84,-2.05,https://icons.llamao.fi/icons/protocols/raydium,https://raydium.io
raydium-amm,Fhmjp6SMtmD8GXkq8tw6aZjBk3sDpKtKKSH6RToLAX3m,WSOL-NOMNOM,0.77,0.77,0.0,92777,,3419630a-8482-415e-93d9-aba3b27b46f8,-1.25,-0.64,-13.67,https://icons.llamao.fi/icons/protocols/raydium,https://raydium.io
raydium-amm,9g33GBYw4BweTk6Bo6QbqHNsS9R8vwFSapsw7NcoZHzy,FOXSY-WSOL,1.46,1.46,0.0,92628,,abfcdc1b-b4d3-42a6-970b-4bdc272b23aa,-1.83,-0.18,-3.04,https://icons.llamao.fi/icons/protocols/raydium,https://raydium.io
raydium-amm,BZivKpJWgQvrA3yYe3ubomufeGVouoYoUhosmBEdqF9y,HONK-WSOL,0.55,0.55,0.0,92524,,b168c5fd-c8c5-4cea-afb1-8330640b49ce,0.0,0.0,0.0,https://icons.llamao.fi/icons/protocols/raydium,https://raydium.io
raydium-amm,DwuhdBSzAGvjXJz9k5E3Yp1PbMNdveJCSncHpxEdjv47,WSOL-BUNKER,2.64,2.64,0.0,92339,,80fdaac6-62fa-43b6-b6cc-332d625cd4e0,-0.67,0.0,0.0,https://icons.llamao.fi/icons/protocols/raydium,https://raydium.io
raydium-amm,DzX3zK5jdvYq4TD6h6g7kUXrenEr1pH8asAcadNxeJXX,CALITA-USDC,0.64,0.64,0.0,92253,,9ffc6f3a-7038-4571-8416-0fa97f2492e9,-0.17,-2.99,-8.97,https://icons.llamao.fi/icons/protocols/raydium,https://raydium.io
kamino-liquidity,9vZPfpcaJruwqoh3zaqE8LyYEErT3pNCNL5C65DUTW9t,SOL-BORG,3.95923,3.95923,0.0,92049,,5b24e512-de61-484d-aca1-c9310be64922,0.33882,0.48072,-6.89775,https://icons.llamao.fi/icons/protocols/kamino-liquidity,https://kamino.com/liquidity
orca-dex,7wozcsqbiUBgwD1TE8yRbCRZBMzZ4YAYJxgLksWNJjxZ,GBOY-USDC,0.16974,0.16974,0.0,91899,,dfd0dc02-4563-4dc6-9380-6041e366c6e6,-0.04533,0.09555,-3.46945,https://icons.llamao.fi/icons/protocols/orca-dex,https://www.orca.so
kamino-liquidity,98kNMp1aqWoYAaUU8m5REBAYVwhFb4aX9yoSpgq8kUFu,USDC-USDT,0.0,0.0,0.0,91524,,cec6d16a-e280-4ec3-82f7-52b852eb35d3,0.0,0.0,-3.87243,https://icons.llamao.fi/icons/protocols/kamino-liquidity,https://kamino.com/liquidity
raydium-amm,BnkDVQKwr7DWx9zmPcqtgCpTfKm7wzp2ydzrE218nrtV,WSOL-SKBDI,0.62,0.62,0.0,91217,,9d5080d5-0645-4b60-956f-16d06dc897a0,0.0,-0.05,-1.45,https://icons.llamao.fi/icons/protocols/raydium,https://raydium.io
raydium-amm,H8VEs2QCfwrtiBfrQEw9wBMyxfekAypaG6BSFYMTA8tZ,WSOL-AIRCOIN,8.34,8.34,0.0,91163,,de1d5a27-6f90-446e-b4c2-e651e91d2d26,5.41,6.74,-2.59,https://icons.llamao.fi/icons/protocols/raydium,https://raydium.io
raydium-amm,5zGp3JSRVz9ZT1nAWTcPC7CyqBasxJKjcKKz5HBh9ciX,WSOL-ZARA,0.63,0.63,0.0,91063,,2e43aca7-2bd7-4220-b674-466632cec5d3,0.0,-2.67,0.0,https://icons.llamao.fi/icons/protocols/raydium,https://raydium.io
raydium-amm,9qiKN1QnuUVtZXhRWo86Prnr3Lsm933MvJ8phrt5ah8Y,WSOL-SNAI,0.65,0.65,0.0,91037,,974dad17-e889-495d-9445-5f89f965597f,0.0,0.0,0.0,https://icons.llamao.fi/icons/protocols/raydium,https://raydium.io
loopscale,7PeYxZpM2dpc4RRDQovexMJ6tkSVLWtRN4mbNywsU3e6,USDC,5.13578,5.13578,0.0,90913,,0473ce3b-9c1c-4c23-a5f5-d44933112cc5,-0.01951,0.28124,0.0,https://icons.llamao.fi/icons/protocols/loopscale,https://loop.sl
raydium-amm,X131b3frGn4b8ue51EyvrnzWuTuBGoM93uRYrNteEFy,HAMMY-WSOL,1.33,1.33,0.0,90621,,bfd06a8a-7037-4e42-8f53-d78a4b204224,0.3,0.3,-1.85,https://icons.llamao.fi/icons/protocols/raydium,https://raydium.io
orca-dex,AxqAWNZqozhTn2pkDPgpf5kc5DeBuhLKKNWnt3dLrxdi,USDS-USDC,2.05181,2.05181,0.0,90552,,79756680-dc79-4aee-a0ee-ee372b96e960,-0.23825,2.05091,1.05062,https://icons.llamao.fi/icons/protocols/orca-dex,https://www.orca.so
raydium-amm,29oXiuz7rxtXSsEgPUPnTexvsJgqyZ2mR6W6zf8NhsQE,WSOL-NAILONG,1.62,1.62,0.0,90444,,94d6a97a-4c1f-4f8e-8788-d372271fd077,-4.65,-5.9,0.22,https://icons.llamao.fi/icons/protocols/raydium,https://raydium.io
orca-dex,,HUGHHH-USDT,0.04042,0.04042,0.0,90239,,efe43d77-d331-559f-b706-fa9a807850a5,0.0,0.0,0.0,https://icons.llamao.fi/icons/protocols/orca-dex,https://www.orca.so
gmtrade,59uFARJWg7B8wcEuXzvkafiT4DuKemdNCN5bshDbwun9,UNI-USDC,117.15342,117.15342,0.0,90141,,08f4a4b4-9417-404d-a8c3-8fd41c3750fe,-10.72073,48.74177,56.56429,https://icons.llamao.fi/icons/protocols/gmtrade,https://gmtrade.xyz
raydium-amm,2Z5wdVF24cDALnUtftDZ6tCifhQFZLhAA2kHtkdDq5kG,GOOD-USDC,81.24849,0.59,80.65849,90088,goodX4LG92UAcRdFRUykfP2fAfzQAVttrToEPxtxSkp,5fd48c22-6ef9-433b-96c0-bcf79d5703d1,-1.27742,-16.57261,-8.78841,https://icons.llamao.fi/icons/protocols/raydium,https://raydium.io
orca-dex,4a9CgJE7vGeMGTBUP48B13tsec9azkZFHGFGYUv36wvZ,SOL-DEAD,0.04716,0.04716,0.0,90010,,cb014c94-3f35-48ab-bb02-a9a64277ffd4,0.04716,0.04716,-0.04201,https://icons.llamao.fi/icons/protocols/orca-dex,https://www.orca.so
raydium-amm,BVFgVkicjVF2ZiHdK7SDoFWHJs6MtvkpwvWahzHQp2F2,WSOL-XSPA,5.55,5.55,0.0,89929,,2a6c60e6-837a-447f-a952-88856ff3cc23,-0.76,3.38,-1.41,https://icons.llamao.fi/icons/protocols/raydium,https://raydium.io
gmtrade,5PQpUVKqc2DwqRVVdY8L6DcPCZdimmwKm1tkPnBywrN8,WGMX-USDC,133.46667,133.46667,0.0,89863,,64d50b5e-f584-5f53-bba4-8e96c5fbdb39,-5.73588,9.13848,0.0,https://icons.llamao.fi/icons/protocols/gmtrade,https://gmtrade.xyz
raydium-amm,3xgUWbZq2pBPEcYgYnRHespiokANFNnPvYHGPbFoPXSz,HAPPY-WSOL,0.92,0.92,0.0,89586,,16bb4bf6-e3ee-4aef-b34d-6ae00d19c4d1,0.01,-1.15,-1.28,https://icons.llamao.fi/icons/protocols/raydium,https://raydium.io
project-0,JBcir4DPRPYVUpks9hkS1jtHMXejfeBo4xJGv3AYYHg6,HNT,1e-05,1e-05,0.0,89031,,7e2998dd-96d6-4f8b-af4a-df0b9788dcb8,0.0,-0.00227,0.0,https://icons.llamao.fi/icons/protocols/project-0,https://app.0.xyz
project-0,FDsf8sj6SoV313qrA91yms3u5b3P4hBxEPvanVs8LtJV,USDS,2.66761,2.66761,0.0,88415,,cbf6dcdc-f46b-46be-8d7a-7d0a5531dfa7,-0.33899,0.58334,0.0,https://icons.llamao.fi/icons/protocols/project-0,https://app.0.xyz
raydium-amm,48spFh93qYdaeRNkmDCmMbhi9au7Yk6GDH13avcrySdX,RTPLV2-WSOL,0.51,0.51,0.0,88086,,a0f70caf-3706-48c5-ad14-b88c49762c2b,0.0,-2.88,-40.57,https://icons.llamao.fi/icons/protocols/raydium,https://raydium.io
orca-dex,CwZbEdMZdxjnPLcRGRz8PwuvA4tK4iBmS9YZrMvnrNJr,BSOL-MSOL,0.02587,0.0006,0.02527,87650,BLZEEuZUBVqFhj8adcCFPJvPVCiCyVmh3hkJMrU8KuJA,14f7b33e-15ce-4eef-9f82-dfe53b4503a0,-0.00135,-0.00666,-0.01926,https://icons.llamao.fi/icons/protocols/orca-dex,https://www.orca.so
raydium-amm,3gePaJMtkMV9Fx9fqZ2ob25ZpRgeLS3N7XkgeGPqKWmz,WSOL-$TOAD,0.6,0.6,0.0,87509,,c5a57824-2134-4fff-9a58-f2e9e8bf659d,-1.42,-0.28,-3.26,https://icons.llamao.fi/icons/protocols/raydium,https://raydium.io
raydium-amm,4BKRQ2iL3Rv8mSpDsFM5FNkZ9SGq4iaqrYtgNWjGE3s4,NPCS-WSOL,0.53,0.53,0.0,87443,,a45203ae-57d5-4e55-a66e-39a8b234e4b5,-0.07,0.0,0.0,https://icons.llamao.fi/icons/protocols/raydium,https://raydium.io
kamino-lend,293UFbK4shi6ddaWp8rJ6ASSpstegKrztXfrR4a278KJ,FARTCOIN,0.0,0.0,0.0,86979,,76ef4d54-05c7-48dd-a37f-387d85987c2a,0.0,0.0,0.0,https://icons.llamao.fi/icons/protocols/kamino-lend,https://kamino.com/
jupiter-lend,DchXYJwVjPaEUxCiySXVbNyNppAFbQM7Ku76uKvyaDNT,JLP,0.0,0.0,0.0,86187,,2893ebad-7595-4e0a-aabd-1b8d17c8a02a,0.0,0.0,0.0,https://icons.llamao.fi/icons/protocols/jupiter-lend,https://jup.ag/?ref=f6y1ryr2snn3
raydium-amm,65kGwwvhXXapiAJBr2tH2LxAFQjj7TkxRZtewQEeXVZF,WSOL-CHONKY,3.57,3.57,0.0,85994,,5124e677-64d2-4394-b9b5-a26c3031c80e,0.0,-11.79,-8.66,https://icons.llamao.fi/icons/protocols/raydium,https://raydium.io
raydium-amm,ATEQDF6jZwBfqy5jYzLEfjMNxzdk9k32XDmVFjGZEBsc,AVA-WSOL,17.1,17.1,0.0,85968,,f8e1990e-af40-490f-9d29-bb8c70981492,11.44,12.93,12.45,https://icons.llamao.fi/icons/protocols/raydium,https://raydium.io
raydium-amm,B6xFztVhpqG3y3LDTGwSkqBwA4aYCyvw7Yb4kbCSTrnV,WSOL-RHEA,0.58,0.58,0.0,85278,,f11b6a18-bfef-4877-8fa9-93e29da8c722,0.0,-0.15,-4.48,https://icons.llamao.fi/icons/protocols/raydium,https://raydium.io
raydium-amm,2RWdS9xeDXSMgkRZnT2uk4FmnXtykVq6LLYvxPWVUmS3,WSOL-FLOYDAI,0.62,0.62,0.0,85240,,85781f19-d948-48b1-b6cd-40f87c7ab6be,-0.65,-0.35,-2.5,https://icons.llamao.fi/icons/protocols/raydium,https://raydium.io
orca-dex,,USBD-USDT,0.2139,0.2139,0.0,85235,,5dd825e2-b853-5b7d-a50e-54611f05c908,0.0,0.0,0.0,https://icons.llamao.fi/icons/protocols/orca-dex,https://www.orca.so
raydium-amm,2zVV22uNWdJNmkXpj5vCrMzwHGBoJdsyV7qACh29sK1w,USDC-EURC,0.81,0.81,0.0,85179,,f5def6f6-d085-4a59-9c15-c57050298aee,-0.14,-0.59,-3.38,https://icons.llamao.fi/icons/protocols/raydium,https://raydium.io
raydium-amm,FXkJANvDMaZvbotpcnscyjzCygyTE2Xfi8bBfj91hVnJ,WSOL-CHIPPY,1.02,1.02,0.0,85081,,e2fcac60-4b01-4254-bbdf-825996d49b36,-0.83,-15.47,-1.02,https://icons.llamao.fi/icons/protocols/raydium,https://raydium.io
raydium-amm,6gpZ9JkLoYvpA5cwdyPZFsDw6tkbPyyXM5FqRqHxMCny,MSOL-RAY,0.94,0.94,0.0,84322,,091dfcf9-7c2c-41e4-ba87-9f549cc72cf8,-0.14,0.46,-6.69,https://icons.llamao.fi/icons/protocols/raydium,https://raydium.io
orca-dex,J8vNkuUVDwnb2XfSWLsjEgULYe2t317pyFk2AfRdBc89,INX-USDC,20.9471,20.9471,0.0,84252,,ed706c63-801f-4996-a201-20fb5f52d8aa,8.74034,17.38788,15.061,https://icons.llamao.fi/icons/protocols/orca-dex,https://www.orca.so
orca-dex,FeQGcgCxY3qWLSaagdw4yuECFNNpUWuzdbcA79uhAPeG,ONO-USDC,42.93427,42.93427,0.0,84180,,19262d4b-e739-411b-9f25-eb26a30517dd,26.04216,28.72732,36.73379,https://icons.llamao.fi/icons/protocols/orca-dex,https://www.orca.so
raydium-amm,7TkVaEEG8CpMutTpkQMGDEdsRi1GxnjA1NzKiTPKbxnE,WSOL-LESTER,0.82,0.82,0.0,84023,,f14532e9-3188-46aa-a0a0-94608474cf81,0.0,0.0,-1.04,https://icons.llamao.fi/icons/protocols/raydium,https://raydium.io
save,CPDiKagfozERtJ33p7HHhEfJERjvfk1VAjMXAFLrvrKP,ETH,2.68,2.68,0.0,83970,,cb28058a-6d8b-4093-af17-e90c7eab138b,-0.01,1.69,1.51,https://icons.llamao.fi/icons/protocols/save,https://www.save.finance/
raydium-amm,7hHyG55kbfjxSk5bpZa9Qm8PxrzPZ4MRhfEASBp5HefF,SMMOCH-USDC,0.08,0.08,0.0,83894,,64502c0e-2eaa-5536-8d54-6548355c09e4,-1.24,0.0,0.0,https://icons.llamao.fi/icons/protocols/raydium,https://raydium.io
raydium-amm,7mjzZMB3iHNy4AQ7hLsXsixwWpg7R2A3rUMyRFcSViDy,WSOL-🎒,0.62,0.62,0.0,83625,,f63f53dd-d5f1-4bc0-98ba-c72b8937909a,0.0,-0.04,0.0,https://icons.llamao.fi/icons/protocols/raydium,https://raydium.io
raydium-amm,2umXxGh6jY63wDHHQ4yDv8BJbjzLNnKgYDwRqas75nnt,WSOL-UWU,0.76,0.76,0.0,83579,,c949b649-8857-456f-a4a3-4e19329b3600,0.0,0.0,0.0,https://icons.llamao.fi/icons/protocols/raydium,https://raydium.io
raydium-amm,3rwERVY1J7oBztfLbydtMMRgj7UM26YsWCgVf2rmep21,USD1-HOSICO,6.14,6.14,0.0,83570,,6c8947f5-a218-4b80-9372-e711737e6fe1,3.48,0.0,3.78,https://icons.llamao.fi/icons/protocols/raydium,https://raydium.io
kamino-liquidity,H8h7ZyS5qJR2cwLxvZQdPaNzLik17cRxB5pDvjdXeuBg,SOL-WIF,4.11347,4.11347,0.0,83424,,b725a0c1-e766-42e9-af8c-927ece966d34,0.46499,-6.83686,-12.06464,https://icons.llamao.fi/icons/protocols/kamino-liquidity,https://kamino.com/liquidity
orca-dex,9txwSofrJdaPprTPVFD2xSESRukgNyVTRd35iU6AKX6c,ABR0-USDC,1.23602,1.23602,0.0,83377,,690befcd-5bfc-4141-9f86-9b85e6d30f33,1.16501,1.10112,0.3706,https://icons.llamao.fi/icons/protocols/orca-dex,https://www.orca.so
kamino-liquidity,9LtLV3PreTYAXz7MPcg4ZgSu923zFdJXkD7TA5TqhFKy,MSOL-JITOSOL,0.0,0.0,0.0,83341,,02fb317c-9559-4c8f-8474-9dbe2c7f2300,0.0,0.0,0.0,https://icons.llamao.fi/icons/protocols/kamino-liquidity,https://kamino.com/liquidity
orca-dex,G2FiE1yn9N9ZJx5e1E2LxxMnHvb1H3hCuHLPfKJ98smA,JTO-JITOSOL,2.36416,2.36416,0.0,83328,,5754f3c9-ba5a-4772-a9de-a7d544fd2d4d,-3.6371,-3.10984,-14.77934,https://icons.llamao.fi/icons/protocols/orca-dex,https://www.orca.so
raydium-amm,2baC5JL75NosEr2oLJZ14gbNjWDuUq3ui33ZPLZTgCEA,WSOL-ITALIANROT,0.68,0.68,0.0,83265,,3c74e48a-4f55-46bd-92f6-1d89ece029f5,-0.56,-2.8,-8.72,https://icons.llamao.fi/icons/protocols/raydium,https://raydium.io
orca-dex,3bYZCXv6rWpbT3zizsTArUdZ4SEmDRMCWtjzasz8nVpK,TESOURO-USDC,0.0,0.0,0.0,83065,,9d0d05ff-ba86-4e57-9021-ebef657baafb,-4e-05,0.0,0.0,https://icons.llamao.fi/icons/protocols/orca-dex,https://www.orca.so
orca-dex,FgjxPHeYsq1axH29fnGKZi6UyRWi4tMPHgu1gc3ezA9U,SPCX-USDC,2.17044,2.17044,0.0,83020,,d2728282-d2c0-4232-bf16-9d6309457079,-37.77776,-33.77729,-158.80628,https://icons.llamao.fi/icons/protocols/orca-dex,https://www.orca.so
raydium-amm,AxBDdiMK9hRPLMPM7k6nCPC1gRARgXQHNejfP2LvNGr6,PENG-WSOL,0.64,0.64,0.0,82972,,c57c6ba9-5733-4829-bac5-89b3a1edce26,-1.67,-1.59,0.0,https://icons.llamao.fi/icons/protocols/raydium,https://raydium.io
raydium-amm,9UUtkG2U657EpUmXsQPX3zvW2LTraejNBVc5U61tKNmb,WSOL-WYAC,1.73,1.73,0.0,82709,,ebe8d933-ed4d-49e0-89ab-375901505ffa,0.49,0.63,-17.68,https://icons.llamao.fi/icons/protocols/raydium,https://raydium.io
orca-dex,6iCgjaaCTQqsfBp1tPuFCZbLobWEn6m2sKaYJRxYVrDR,GUN-USDC,12.56194,12.56194,0.0,82668,,0d2f26d7-a43e-4bba-8868-50e27f836958,10.15011,8.90183,5.62618,https://icons.llamao.fi/icons/protocols/orca-dex,https://www.orca.so
raydium-amm,DpKZKyq6Hd1twPZhdhyED19hbdrBPhMto7rv89QoZFU3,RBT-WSOL,0.7,0.7,0.0,82526,,bb57cfd0-42de-4d21-8b6a-562a6976529f,0.0,-0.42,0.0,https://icons.llamao.fi/icons/protocols/raydium,https://raydium.io
orca-dex,CmyuZJEnEoTnSD5mJLMtzLApocPNszZCWwkiEBbUD3ez,SOL-BNB,13.22682,13.22682,0.0,82231,,1d969a93-7051-49a4-99d7-f3470d26448a,6.59453,11.2331,-3.30411,https://icons.llamao.fi/icons/protocols/orca-dex,https://www.orca.so
raydium-amm,HHLtFgj64c25mQcnCnxMNoWLvyPJkRY4sPiP7c6qFMVu,WSOL-ALL,2.81,2.81,0.0,81323,,acf51301-3150-4118-80f8-8604c13c8b2f,-0.87,-1.55,-2.04,https://icons.llamao.fi/icons/protocols/raydium,https://raydium.io
raydium-amm,9DzLnkFRg5zMy532q7sbJjZx7uEL1SeFUDyAnF5yizoH,WSOL-LUMO,1.07,1.07,0.0,80996,,8b918631-473b-4357-b2a4-3ca35361e70f,-1.72,0.0,0.0,https://icons.llamao.fi/icons/protocols/raydium,https://raydium.io
raydium-amm,48eKsoi9ZyQU4DbXM9pvcbgsfTxDWqhEVKuGzHAW3ucc,WSOL-MD,0.57,0.57,0.0,80955,,3c955b07-f2e6-4c24-862b-6a9b1910cfa1,-0.09,-0.02,-1.7,https://icons.llamao.fi/icons/protocols/raydium,https://raydium.io
orca-dex,23DF9WNrskdv5W4rqrWAWTrt2ChRUYN9rHu4ddctmzgc,SOL-PHY,0.03565,0.03565,0.0,80922,,14a65a8c-4d05-4796-8adc-b6073f3a2d5c,0.0,-0.04975,0.0,https://icons.llamao.fi/icons/protocols/orca-dex,https://www.orca.so
raydium-amm,StJ9GP9KKVsbvtEtBDSjWNL9jpgybCjyHAwYyTe4SpW,KITTY-WSOL,1.31,1.31,0.0,80903,,9ef6b68b-fbe7-4a64-9012-9f7b2c67812f,0.0,0.5,0.0,https://icons.llamao.fi/icons/protocols/raydium,https://raydium.io
raydium-amm,5agHe4Ubd4eo59FTXWmi7d8haFS3zPVn2hT8UtSt1r8G,WSOL-MANIFEST,0.7,0.7,0.0,80891,,6b74a24c-6153-49af-a134-864c3f7bf849,0.0,-0.7,-1.89,https://icons.llamao.fi/icons/protocols/raydium,https://raydium.io
gmtrade,7HPU75j2rNV5RPRQPVN6mQ7sfgWgszBzmVYmAohf7PKN,WSOL-USDC,15.43259,15.43259,0.0,80809,,5b2aa0de-ebca-4291-b049-e08658709e04,-1.71059,-4.52185,-14.58047,https://icons.llamao.fi/icons/protocols/gmtrade,https://gmtrade.xyz
raydium-amm,9VffBiow5r5YQzgK56rirEWpu45gZGrDWzm9JUt6zL9G,WSOL-HOBBES,1.45,1.45,0.0,80725,,59bf6e89-c890-4d94-9ac4-7fedfee37345,0.0,-0.96,-105.95,https://icons.llamao.fi/icons/protocols/raydium,https://raydium.io
orca-dex,98fb6cDaAdHoYqfT1kvJosUgyEaWB6JbNEn16YSYCLxB,W-USDC,0.00073,0.00073,0.0,80463,,12b976cc-e8f6-41ed-95dc-4eb04313cfb6,-0.00566,6e-05,-0.00361,https://icons.llamao.fi/icons/protocols/orca-dex,https://www.orca.so
raydium-amm,B1NsDMo51Biy4zyhSTgyQVuKf8eqc2tgAFAtsxFVBs9n,WSOL-HEEHEE,0.57,0.57,0.0,80379,,67325a87-325a-41b7-9b6c-4957c3656108,-0.13,-0.28,0.0,https://icons.llamao.fi/icons/protocols/raydium,https://raydium.io
raydium-amm,52pKs3EdNH5R4XJW34TGVHa8FaynGkaBgWTnhgbC3XHa,USD1-ASPEN,2.15,2.15,0.0,80237,,5b2aa507-5e5e-4907-a616-675721acfae9,-4.26,0.0,0.0,https://icons.llamao.fi/icons/protocols/raydium,https://raydium.io
raydium-amm,6MHj1z5BgC1UiTNEWrnJfbGtQPuPdh2qgdWkemGxT2c5,USD1-SPSC,7.17,7.17,0.0,80106,,c0fcae4f-28ee-4467-965d-41dd15a128f6,1.84,5.94,-9.62,https://icons.llamao.fi/icons/protocols/raydium,https://raydium.io
raydium-amm,6aQx9LgBJPuJNqekci3pZWwLtxy2mnJYDD7GUR4NbrfH,XIN-BTC,2.99,2.99,0.0,79906,,a2a6174a-a48f-4143-9ac2-ded52f166ddb,0.0,0.19,0.0,https://icons.llamao.fi/icons/protocols/raydium,https://raydium.io
orca-dex,HD8i7qr1hd9ida6sN71RbkLxbWcbvZS4NA5CY6vfcDpj,JLP-USDC,0.0,0.0,0.0,79851,,f5bc81b9-2c0d-4911-b0cb-6f94154ceb1d,0.0,0.0,0.0,https://icons.llamao.fi/icons/protocols/orca-dex,https://www.orca.so
raydium-amm,9kLGUEFwEuFzn9txDfGJ3FimGp9LjMtNPp4GvMLfkZSY,CHAT-WSOL,0.81,0.81,0.0,79597,,1fd827a6-e3dd-4bc1-9183-987ad462fdd3,-6.45,-1.77,-1.36,https://icons.llamao.fi/icons/protocols/raydium,https://raydium.io
raydium-amm,EekjuLbDZmmKvPqHL6u6p439ynJZim3yJKfL1CosREwk,AIXBT-WSOL,6.73,6.73,0.0,78773,,b7109838-b4d4-4e87-948e-fe5aeedaddc0,-11.7,3.92,1.2,https://icons.llamao.fi/icons/protocols/raydium,https://raydium.io
orca-dex,CNTPTpytHK9txrsPCvaEnc3PoN9ZVWDDcSnFSZZonMue,SOL-ANSEM,233.10889,233.10889,0.0,78733,,c88dee93-cc91-5993-b2bb-9620b0e868f3,157.93095,25.65261,-292.05418,https://icons.llamao.fi/icons/protocols/orca-dex,https://www.orca.so
raydium-amm,6btaEBWeGTucPsuXrSBmbdmqdR6S7MaBV4RkzbipHEYu,WSOL-MEMESAI,0.8,0.8,0.0,78335,,6d6f54c0-7c1d-4207-85d9-fcdd150163cc,0.0,0.0,0.0,https://icons.llamao.fi/icons/protocols/raydium,https://raydium.io
orca-dex,5mv2eYRCaw19ejZSGfoNttj9tSxo5ZTds47AheyK45qS,EZJTO-JTO,0.0,0.0,0.0,78311,,52790568-6286-4cfc-afe7-35c783fd3248,-0.00344,0.0,0.0,https://icons.llamao.fi/icons/protocols/orca-dex,https://www.orca.so
raydium-amm,6Unyzi5atCUn7p75kumRvDqdh6WAEVDwCq5ozBGrh5xt,WSOL-SCI,0.97,0.97,0.0,78258,,c784e8f8-3874-44e4-af2f-507d68a02762,0.0,0.0,0.0,https://icons.llamao.fi/icons/protocols/raydium,https://raydium.io
orca-dex,Ema46A5kTJCd9DYP68CpBgCTfjaA1WoKxXTtx9uHtJLu,ORCA-XORCA,0.0,0.0,0.0,78090,,de0f2c4d-de5f-4f4f-a949-fa529a4344d7,0.0,0.0,-0.01134,https://icons.llamao.fi/icons/protocols/orca-dex,https://www.orca.so
project-0,GZK3yC3Kfn1ykFhLryzeKqemRNZ3wpZgWhbh5b5ygGML,KIN,0.0,0.0,0.0,78057,,d83554d0-3aea-40dd-98ab-d0ad3c89a6e3,0.0,0.0,0.0,https://icons.llamao.fi/icons/protocols/project-0,https://app.0.xyz
raydium-amm,ZfvDXXUhZDzDVsapffUyXHj9ByCoPjP4thL6YXcZ9ix,MSOL-USDC,1.34,1.34,0.0,77905,,0c4e1b86-b951-44c8-978d-8019ff470e03,-0.07,0.79,-4.77,https://icons.llamao.fi/icons/protocols/raydium,https://raydium.io
raydium-amm,J6jUwNvCUme9ma7DMsHiWVXic4B6zovVdr2GfCrozauB,BIO-VITA,0.64,0.64,0.0,77545,,e8c9265c-10fe-44c1-b18d-e23108e3bf6d,-0.17,-0.32,0.0,https://icons.llamao.fi/icons/protocols/raydium,https://raydium.io
raydium-amm,F73euqPynBwrgcZn3fNSEneSnYasDQohPM5aZazW9hp2,ATLAS-RAY,8.79,8.79,0.0,77522,,7e3388d6-945b-4afb-b1b4-8ef20e5f9bea,-4.28,4.39,-5.27,https://icons.llamao.fi/icons/protocols/raydium,https://raydium.io
raydium-amm,EiL4DDCYrEF4XcKyu6FvxK7qXE7u5MFqPrxbex5FzVz7,NYAN-WSOL,1.89,1.89,0.0,77265,,b30bba3b-e855-4086-8fb2-6058af643e39,-1.43,-0.42,-6.74,https://icons.llamao.fi/icons/protocols/raydium,https://raydium.io
kamino-liquidity,HWg7yB3C1BnmTKFMU3KGD7E96xx2rUhv4gxrwbZLXHBt,SOL-BONK,9.85855,9.85855,0.0,77230,,662c038a-8737-419b-b76e-973f6c20096b,-9.48597,-23.51626,-13.55815,https://icons.llamao.fi/icons/protocols/kamino-liquidity,https://kamino.com/liquidity
raydium-amm,AuQtgm4tzdJSsZNGxrM1F69hxbyvMpNM95496pUuSBQg,WSOL-NUMMUS,0.64,0.64,0.0,77212,,500336d0-f56d-4038-90b8-c663d6c9febe,-0.01,-1.72,-0.71,https://icons.llamao.fi/icons/protocols/raydium,https://raydium.io
orca-dex,D2G7dVp1tSsxKx9hs4PLvG5nECszWLg5A1YzahmFx8Pp,JUPSOL-JITOSOL,3.69205,3.69205,0.0,76985,,d10d3258-bd07-48c0-9528-9ed2db453de4,-0.87488,2.79511,1.06728,https://icons.llamao.fi/icons/protocols/orca-dex,https://www.orca.so
raydium-amm,5ZVSStZPU6aMXc1JDB9on5WvQJe4xg1AeWWd12mzepNT,WSOL-JMONEY,0.6,0.6,0.0,76637,,944955ee-7611-40a0-8e0a-ed1e9098d90a,-1.31,-2.57,0.0,https://icons.llamao.fi/icons/protocols/raydium,https://raydium.io
raydium-amm,45L3EuUJKyqhkNDfocrd3yAZu8nzMPXiHtwhjCvidgua,WSOL-DNA,1.07,1.07,0.0,76604,,d43c7c54-6d59-48f3-9607-450e3e4f8c12,0.3,0.0,0.0,https://icons.llamao.fi/icons/protocols/raydium,https://raydium.io
project-0,Gj72XAUuNxNeDnW4tUh3H1U2Jbzshz27vtH8KvB972gi,ZENBTC,0.0,0.0,0.0,76508,,9ae31950-d4cd-4c2c-a4a7-3da9374d1949,0.0,0.0,0.0,https://icons.llamao.fi/icons/protocols/project-0,https://app.0.xyz
kamino-liquidity,6qYrvBsC48ZMjUFZm2FF3rdtv2X3xi6zmBeFkDGUCNk1,MSOL-USDC,0.0,0.0,0.0,76501,,03354b4c-5f4e-4c6e-a416-247d2280f1ac,-14.94338,0.0,0.0,https://icons.llamao.fi/icons/protocols/kamino-liquidity,https://kamino.com/liquidity
raydium-amm,68vHUSKj8LZSWnvvjtSmgNMoiNwR7vS8t8t1DTaA1f53,WSOL-DIGI,1.24,1.24,0.0,76483,,d28a9513-18a0-4893-8c23-ea72611c8207,-0.59,-1.51,-7.98,https://icons.llamao.fi/icons/protocols/raydium,https://raydium.io
raydium-amm,A9KLSS9modWzMc1A189c6HXwy1QkgUupun9TPJZkhmaw,WSOL-PESTO,0.69,0.69,0.0,76370,,2b0f7b20-e1f7-4166-abff-ffb94be0944a,-2.33,0.0,0.0,https://icons.llamao.fi/icons/protocols/raydium,https://raydium.io
raydium-amm,2higKRf25Q9WMcYfgyK96AAuFVv5zucfDAFHHDuVETcq,WSOL-STACCANA,7.67,7.67,0.0,76351,,6def9238-bf7c-438c-864c-67cc5c3d74a9,-15.77,-72.6,0.0,https://icons.llamao.fi/icons/protocols/raydium,https://raydium.io
raydium-amm,25tXTutLkjtcUX3kqoeRvc7AuBYM7fckBWoVqnQnyDGQ,WSOL-WDOG,1.28,1.28,0.0,76219,,7d633347-71fc-4598-88cd-3b4166c572e2,0.61,-0.45,-1.29,https://icons.llamao.fi/icons/protocols/raydium,https://raydium.io
kamino-lend,34Bb1oLf9F7H4CAGefC56HFBsuJQ1tSJafmZnYkFCd83,USDG,6.8883,6.8883,0.0,76030,,39ce976c-f48c-4525-b6e2-a223c717eb26,4.358,2.58153,2.48522,https://icons.llamao.fi/icons/protocols/kamino-lend,https://kamino.com/
project-0,EKwXy2ui2jtJnvH4A2XufyqMyeSFecJE8xAKWpZEtDwd,USD*,0.04101,0.04101,0.0,75736,,3e3b6b31-9e04-47c7-9119-74c5be3dba6c,-0.00013,0.00111,0.0,https://icons.llamao.fi/icons/protocols/project-0,https://app.0.xyz
orca-dex,gpSJMBq2ibptLe8mXHrr3rkoNmP9vngwu6W4KYnb1F8,SOL-WUF,0.0,0.0,0.0,75059,,82981a9b-8c83-4abf-886d-7dd24eb19fcc,0.0,0.0,0.0,https://icons.llamao.fi/icons/protocols/orca-dex,https://www.orca.so
raydium-amm,4opAj1chmfivznME3pNuUDVpuieBoNLinmakYs8f4Fpz,XMR-USDC,7.09,7.09,0.0,74716,,1ede0bf3-a2fc-5b37-8d26-78b10a1d8f0a,3.44,0.0,0.0,https://icons.llamao.fi/icons/protocols/raydium,https://raydium.io
raydium-amm,EJUWjjFF9RcDM6NdRH84aWhzFBCybYtcKZVSbspLtWh9,WSOL-SANTA,6.79,6.79,0.0,74610,,e0040a6f-7911-4a1f-9acb-bbf0a3abd945,-2.04,1.31,0.21,https://icons.llamao.fi/icons/protocols/raydium,https://raydium.io
kamino-liquidity,6kat2D1vB4L28TjTLF4z8UtA97Edgvs5kL87hVoZiJ8w,EZJTO-JTO,0.0,0.0,0.0,74416,,e8488753-4fa2-480c-89ec-d530760bf7d4,0.0,0.0,0.0,https://icons.llamao.fi/icons/protocols/kamino-liquidity,https://kamino.com/liquidity
orca-dex,Bztq1RwZmU4L7cCnkh5pVz4LnRZ2YUMBzQ5VC2ETg789,TQQQX-SPYX,0.06829,0.06829,0.0,74299,,74c4b7e4-8202-4df6-ba8f-8dc0e0d36530,-1.64678,0.06448,-13.59384,https://icons.llamao.fi/icons/protocols/orca-dex,https://www.orca.so
raydium-amm,sTkQnCXMVPG1SAFHEDrUNVCQRH6EJ9Cwr8xy96VbNKm,DINARS-WSOL,0.63,0.63,0.0,74278,,e6728aed-be58-4e44-9ff7-2262513a25c6,-1.07,0.0,0.0,https://icons.llamao.fi/icons/protocols/raydium,https://raydium.io
raydium-amm,BZh1QjPG26LjJj129oKU9QxdoWSjiYV3tH8y4oDuJEMe,USDC-XYO,0.64,0.64,0.0,74123,,5ae9fa6a-6012-4298-aff5-fdda61c943da,-0.17,0.0,0.0,https://icons.llamao.fi/icons/protocols/raydium,https://raydium.io
orca-dex,8A1AouU1yV45kCPwyUKTaeDUzRhkfJDv5gqDk32Lsqf2,VNXAU-VCHF,0.0162,0.0162,0.0,73906,,054a8cc7-65d6-498c-8d95-455366ad1283,-0.21626,-0.11632,-0.9837,https://icons.llamao.fi/icons/protocols/orca-dex,https://www.orca.so
project-0,CCKtUs6Cgwo4aaQUmBPmyoApH2gUDErxNZCAntD6LYGh,SOL,4.19562,4.19562,0.0,73903,,e2e5d55b-9b27-59f5-bbaf-27945aef5229,-0.03126,0.15618,0.0,https://icons.llamao.fi/icons/protocols/project-0,https://app.0.xyz
raydium-amm,2h74wLgpJLWR1b5GSkfjWBNRjEgrH26SL8vuB7PLbL3N,WSOL-RONNIE,2.71,2.71,0.0,73784,,1d8a5512-9d96-464e-9db9-c67407c1009e,-8.49,-5.95,-66.39,https://icons.llamao.fi/icons/protocols/raydium,https://raydium.io
raydium-amm,4egoNZCTQT7Q14peVnjPC2PTa16MWZUahA49QPcsWAEC,WSOL-VDR,1.63,1.63,0.0,73761,,5f10486c-0353-4995-ad1e-01a294001197,0.0,1.07,0.0,https://icons.llamao.fi/icons/protocols/raydium,https://raydium.io
kamino-liquidity,EDECTcgfdjdpwVPAgac4oAQwwW1oET4ZAqfRSjLaCT4v,SOL-RAY,10.58793,10.58793,0.0,73668,,ca7db8cc-856a-4e76-9f05-3f2730d71800,10.58793,10.58793,10.58793,https://icons.llamao.fi/icons/protocols/kamino-liquidity,https://kamino.com/liquidity
raydium-amm,2Z9SGDsHWvdKddAkfQS5QJ7ecaj18cwcHWcsDy9CrwuN,POX-WSOL,2.63,2.63,0.0,73635,,55c58393-589c-48ae-a0c9-c187322e852f,-1.53,0.0,-0.47,https://icons.llamao.fi/icons/protocols/raydium,https://raydium.io
raydium-amm,HvTqPhon66Vu9sTRThMsBH7tR9Jm3xE5ma89sAeSpwfe,WSOL-COINOMI,6.0,6.0,0.0,73140,,76dc88d2-5ae0-4d55-bbe4-9a9b4dfcb11e,-2.8,1.21,-4.97,https://icons.llamao.fi/icons/protocols/raydium,https://raydium.io
orca-dex,DehSVMLfV4fjyn9JAfgvDbT9kE2t97WnGJTXFnk7EkQx,OOB-USDC,105.91879,105.91879,0.0,73066,,8a6dc59c-f0a3-4487-94c7-dea29993d1de,85.14814,103.5392,-6.80244,https://icons.llamao.fi/icons/protocols/orca-dex,https://www.orca.so
raydium-amm,DojNuRx9Ncky7BbWRfsLmJg2oYb8qsYD344XufUHAjbJ,BIO-CURES,3.0,3.0,0.0,72927,,21b68052-57ea-498d-81f3-4c3ed67f67d3,-0.13,2.01,-0.52,https://icons.llamao.fi/icons/protocols/raydium,https://raydium.io
gmtrade,5PQpUVKqc2DwqRVVdY8L6DcPCZdimmwKm1tkPnBywrN8,WGMX-USDC,89.34876,89.34876,0.0,72862,,e33571a8-9371-5133-820a-a07b087e7a6b,2.82335,-17.12849,0.0,https://icons.llamao.fi/icons/protocols/gmtrade,https://gmtrade.xyz
kamino-lend,57U9pEC8NsWvHgWywd2xHTRkGQzWWYsWivxYRhtxZrLB,KSOLBSOLORCA,0.0,0.0,0.0,72776,,4d3b74b0-1a30-4ad4-9f9f-478f0f3ef3fe,0.0,0.0,0.0,https://icons.llamao.fi/icons/protocols/kamino-lend,https://kamino.com/
raydium-amm,7unNMSQsAqnvJrLP85ueTSEB879E4eqsGyrvezrwPS4X,PEIPEI-WSOL,1.24,1.24,0.0,72587,,bae6b39a-95c9-4f82-8a69-9003731cda57,0.53,0.55,-6.61,https://icons.llamao.fi/icons/protocols/raydium,https://raydium.io
loopscale,7PeYxZpM2dpc4RRDQovexMJ6tkSVLWtRN4mbNywsU3e6,USDC,1.02641,1.02641,0.0,72447,,8359cf89-2cd5-4fd9-be27-8ff81c9679ea,3e-05,-0.16372,-0.05229,https://icons.llamao.fi/icons/protocols/loopscale,https://loop.sl
raydium-amm,44ML4erfVyj6LLnLfD1dN7F5Z5cXhpssXRAVdJdifUTn,WSOL-TSOTCHKE,8.55,8.55,0.0,72443,,5cfe916c-89f1-4adc-9226-41199e0695a6,7.67,0.0,0.0,https://icons.llamao.fi/icons/protocols/raydium,https://raydium.io
raydium-amm,61b8WZU42a9MLp3LY64LsoFHWSyUC7VWHxd2yPXHyPL2,WSOL-SOLFUNMEME,0.78,0.78,0.0,72383,,bdab60f3-8578-4d36-9be9-208546f567c5,0.0,0.0,0.0,https://icons.llamao.fi/icons/protocols/raydium,https://raydium.io
raydium-amm,HZhqAMSLexQgt2idx1BBRsgHiMP6LdSxW8ZnuzvRWV2C,EFFECT-USDC,0.74,0.74,0.0,72340,,34ec2d1c-3780-4a9b-87ba-af303a94cc04,-0.16,0.0,0.0,https://icons.llamao.fi/icons/protocols/raydium,https://raydium.io
raydium-amm,5mkCC42J6CxRf4i1wzggrnujbLedmtVsQtnkngwaLw4P,USD1-VALOR,3.5,3.5,0.0,72088,,b0acc646-b5ae-42c1-aedb-78f7394e2ac2,0.22,-3.02,0.0,https://icons.llamao.fi/icons/protocols/raydium,https://raydium.io
raydium-amm,hg8YVdDcAyViu6pGC6zwsh1eV7qgahx5qvyfi4jaYRi,WSOL-ASS,0.63,0.63,0.0,72074,,14b1248e-67e1-4598-9beb-f42c0dfd8862,-0.31,-0.35,0.0,https://icons.llamao.fi/icons/protocols/raydium,https://raydium.io
orca-dex,9CqcxgPYpi32vfMFcFJuicQEHAKRha17D8DXBA8JcZTc,SOL-GP,5.6674,5.6674,0.0,72029,,2ccb496f-a7e6-41e3-b208-67ede79dca95,-7.5996,2.6398,-22.23238,https://icons.llamao.fi/icons/protocols/orca-dex,https://www.orca.so
raydium-amm,6nnTjw6C37vDMsExuSX8y7wJrbybFb5SLXBzaDqfhaUd,WSOL-LI,0.72,0.72,0.0,71476,,604e17fa-df63-402f-b663-ad45e4bda904,-0.67,0.0,0.0,https://icons.llamao.fi/icons/protocols/raydium,https://raydium.io
kamino-lend,CEeGQ7SPaYd7Cdrrmom2pGjivtAyguzNkGPJUkZKZQXE,BONK,0.0,0.0,0.0,71026,,5ec252c6-cd6e-4d02-979d-64b8b2ad31f3,0.0,0.0,0.0,https://icons.llamao.fi/icons/protocols/kamino-lend,https://kamino.com/
raydium-amm,Duz92ts5rmKU74VwnshAUDusnDkoP95wceuyRAUpWyqU,WSOL-SCAM,0.86,0.86,0.0,70865,,5a811d30-2af8-4629-96ab-4a7dfa4e752b,0.0,0.0,-0.58,https://icons.llamao.fi/icons/protocols/raydium,https://raydium.io
raydium-amm,Cf628kRZSmUb5VZf6KGpRDRRxWRT8b4vLuYPEtLs73WD,USEDCAR-WSOL,0.96,0.96,0.0,70806,,b1b2eb0d-6d38-46b5-b072-0ed38cae46c6,0.0,0.47,-10.66,https://icons.llamao.fi/icons/protocols/raydium,https://raydium.io
raydium-amm,7bxym8hEVawN6utspk26GTttPx4kHbVSqLZvwcrmbYEz,WSOL-SSP,0.82,0.82,0.0,70770,,60d8522c-1998-41eb-bafd-faeccb2cbb8b,0.0,-0.91,-3.19,https://icons.llamao.fi/icons/protocols/raydium,https://raydium.io
jupiter-lend,2YVNoVVLaWKwNpscmCiKuph2J6WdPrjZLyyjw85oDK36,JITOSOL,0.0,0.0,0.0,70746,,ec8f1aaf-9817-4b2e-a2d8-bea6806be77b,0.0,0.0,0.0,https://icons.llamao.fi/icons/protocols/jupiter-lend,https://jup.ag/?ref=f6y1ryr2snn3
raydium-amm,8jkY8G6RpdVfHiBBM5y5Qzb9dL5mhsk5xQxtYN8HVf3i,WSOL-FOREST,0.79,0.79,0.0,70730,,724af70a-b751-43d2-85fa-f9236117dbfe,0.0,-1.6,0.0,https://icons.llamao.fi/icons/protocols/raydium,https://raydium.io
raydium-amm,8qs2ye9viAD5QEmvq7MWBQvCXNJWEcmkodZg6CVtAnXP,WSOL-TOPG,0.83,0.83,0.0,70557,,342d5dab-eef5-4f73-9ead-1be457f4d6c4,-1.49,0.38,-2.78,https://icons.llamao.fi/icons/protocols/raydium,https://raydium.io
raydium-amm,EhH81sqxGKja2ryKkT6xooZRRWYnzCSWps62TRi8mSfp,WSOL-LINGO,0.81,0.81,0.0,70362,,f898bba5-e6f3-46f0-abaf-df2f727423f9,0.0,0.0,0.0,https://icons.llamao.fi/icons/protocols/raydium,https://raydium.io
raydium-amm,B9jg8FvkHixwLr2LVyJVSQwfNP4kq7MyaqC1jFNkCxVi,WSOL-AIKEK,0.91,0.91,0.0,70325,,14e5e8f2-9433-42ee-836f-40ce4be3507c,0.0,0.0,0.0,https://icons.llamao.fi/icons/protocols/raydium,https://raydium.io
kamino-lend,4AFAGAm5G8fkcKy7QerL88E7BiSE22ZRbvJzvaKjayor,JUP,0.0,0.0,0.0,69885,,c4a41937-f938-4f53-9827-4893187e6886,0.0,0.0,0.0,https://icons.llamao.fi/icons/protocols/kamino-lend,https://kamino.com/
raydium-amm,BEjPEZiTL2ndKEoHa8veyTNceCt5MzpaMZ8TdfpV7nBh,WSOL-ETF500,0.81,0.81,0.0,69671,,ed991f06-b8c8-49e9-b344-2f6b642bf3ff,0.0,0.0,-2.34,https://icons.llamao.fi/icons/protocols/raydium,https://raydium.io
raydium-amm,CKmjDiqBCRqR8xk5FjnFiQXuCFsGchiLv9YwYVnE5RJ8,WSOL-TSLAX,18.58,18.58,0.0,69465,,53162d28-dfd0-46d4-b42e-9c761abf3272,-53.72,-0.56,-68.08,https://icons.llamao.fi/icons/protocols/raydium,https://raydium.io
project-0,8W3GgWFFnHdd98GKGzvNNi9Wzjoq2CU4wW6cHz6cKxk1,DSOL,0.0,0.0,0.0,69353,,8d6f5449-fcf4-4d53-aca8-acb3262cea0a,0.0,0.0,0.0,https://icons.llamao.fi/icons/protocols/project-0,https://app.0.xyz
orca-dex,FUvNMzGMEwFmy6QreoZG7TijmRrDNhKFXJDQYzHM2uEr,USDT-UGXC,0.00147,0.00147,0.0,69282,,23dc459f-aa85-4cd6-af36-bdf4a7699baf,0.00049,-0.00085,-0.00223,https://icons.llamao.fi/icons/protocols/orca-dex,https://www.orca.so
orca-dex,96Qtqnc3FvNobHj239C9JWz6WrKC6Tv4VVz8fsJZBXHg,MSOL-COINOMI,0.39833,0.39833,0.0,69159,,22b7d52e-5967-47fb-82c6-ffa7f6a33e27,-0.58274,0.18743,-1.34277,https://icons.llamao.fi/icons/protocols/orca-dex,https://www.orca.so
raydium-amm,8TEu1NTUbMkUnLMw8USnhdWpyGCM1mD6NvKwc65LDMz2,WSOL-OIL,9.6,9.6,0.0,68842,,759357a1-794f-44e5-8b1c-72991518b37d,-3.47,4.62,7.33,https://icons.llamao.fi/icons/protocols/raydium,https://raydium.io
project-0,3Gm3ZbbPE7JnC5FxAgCj2i6pK22kjePa4y5NDVVENnjr,CGNTSOL,0.0,0.0,0.0,68813,,fdd5952d-3dda-43e3-9f66-73909c92f02b,0.0,0.0,0.0,https://icons.llamao.fi/icons/protocols/project-0,https://app.0.xyz
raydium-amm,2sHVae7hEj3HpgjPwkwaFMhjZT4veY9U55fF8CxqLSwG,WSOL-GALA,3.56,3.56,0.0,68735,,e5ca4e58-994f-4cb5-a49f-934385f07838,-1.83,1.65,-2.77,https://icons.llamao.fi/icons/protocols/raydium,https://raydium.io
raydium-amm,BSPFA8d9qeZdsTubmS6FvriYadx2mzoi6jesauD6hi4e,WSOL-DEGEN,4.0,4.0,0.0,68632,,36e09ed7-167e-4569-82ff-c5b5c6ea77d4,-17.91,0.91,-21.03,https://icons.llamao.fi/icons/protocols/raydium,https://raydium.io
raydium-amm,H15d3D6CPCv3Ds8arqQrRkeE32zZiZzMVwTmDzk5j8cQ,SSHIB-WSOL,0.75,0.75,0.0,68479,,7063837e-6d30-4832-9c75-4839df86cf49,0.0,0.0,0.0,https://icons.llamao.fi/icons/protocols/raydium,https://raydium.io
raydium-amm,DUzBLHZ5RZdftPuWVijsvjupndogRM1adGJpsR7YTJro,SPCX-SPCXX,11.96,11.96,0.0,68277,,dd3a85f8-0963-40d1-bf6e-fa3a5c9f9507,0.91,7.84,4.16,https://icons.llamao.fi/icons/protocols/raydium,https://raydium.io
raydium-amm,FyQuZLz6LLJxKhSwXkMpZ5Po6G8bcRv8Ub2s3paU74pC,SHIKOKU-WSOL,1.18,1.18,0.0,68254,,34005d36-81e3-4ba6-8175-a48c5a0ce78f,-2.69,-0.92,-24.12,https://icons.llamao.fi/icons/protocols/raydium,https://raydium.io
jupiter-lend,2L6xsj9zKbvxALDroGQHmPx2kCw8RqZ8yru4zceUoB6k,CBBTC,0.0,0.0,0.0,68158,,de78313c-75b6-4085-ba0f-2449fed1744f,0.0,0.0,0.0,https://icons.llamao.fi/icons/protocols/jupiter-lend,https://jup.ag/?ref=f6y1ryr2snn3
raydium-amm,3oUDg6srSNM3Nf2kGz7W65E82HhGiw2EcfkQxbY26dnf,WSOL-TEG,0.87,0.87,0.0,68002,,7dcc127c-945b-4754-ad3b-7d0278e924e1,0.0,-0.11,-1.16,https://icons.llamao.fi/icons/protocols/raydium,https://raydium.io
orca-dex,4aUneDv9MvkKGXBcJxH5Sy3uLyXcy2bukGXiYHJSNs8n,BRUV-USDC,0.0,0.0,0.0,67974,,96494806-ab46-4aae-839e-61c5135fa440,0.0,0.0,0.0,https://icons.llamao.fi/icons/protocols/orca-dex,https://www.orca.so
raydium-amm,GsgEAtxSKrgMC43NseBLbAQz8zNtCcn1eJmmhxzqDh1W,PIPE-USDC,0.23,0.23,0.0,67732,,103578cd-888c-4124-8a8c-c7094f4a20b1,0.04,0.1,-1.16,https://icons.llamao.fi/icons/protocols/raydium,https://raydium.io
raydium-amm,GZqCkvYTrfNUiPuKs5sWYPuFb2FHqHCJazPkGYWunTng,WSOL-GLORP,1.35,1.35,0.0,67365,,276e1286-ac5c-4379-90d1-5a6949d388bf,0.0,-1.3,-104.58,https://icons.llamao.fi/icons/protocols/raydium,https://raydium.io
raydium-amm,1iq1zSfJ61CF8q7DdDZXXiv9qqjEYuYfJ6m9cwmM3Le,NBT-GDTC,0.97,0.97,0.0,67242,,a31c53bb-0803-4471-ac35-971229b38866,-0.1,0.2,-0.82,https://icons.llamao.fi/icons/protocols/raydium,https://raydium.io
raydium-amm,2btKXn44Kej38f1mmy1p3MjyuCoJWc2vMhsn2SS8M7JV,WSOL-BONKAI,0.92,0.92,0.0,67046,,f9982a68-1b83-4bbd-97a3-0d352bd39a1e,-1.31,-2.89,-11.34,https://icons.llamao.fi/icons/protocols/raydium,https://raydium.io
omnipair,,OMFG-USDC,4.56676,4.56676,0.0,67018,,65f4234c-8918-4209-b05c-409fa476a338,2.37168,-0.12938,0.93185,https://icons.llamao.fi/icons/protocols/omnipair,https://www.omnipair.fi/
raydium-amm,5FukodXjJCuQCpam8j49HrqmdfaF7aB2XtdFgJX1RwCp,WINGS-USDC,2.51,2.51,0.0,67010,,c4ee82ba-f2db-4ac4-a87c-6304b0ec018c,-5.74,0.53,0.02,https://icons.llamao.fi/icons/protocols/raydium,https://raydium.io
raydium-amm,6pCJNDxqQ4YiKWGvd12BsPtgMiJhE5qzE7UmuaNS73Er,WSOL-MANYU,0.8,0.8,0.0,66782,,1c91975e-88e8-417f-a6e8-2bbb0f1bdc5f,0.0,0.0,0.0,https://icons.llamao.fi/icons/protocols/raydium,https://raydium.io
raydium-amm,Eqw3bZU92t5LbTFKbaA4MTBvHcvYZDBnW7dxi14wemCF,HNT-USDC,3.09,3.09,0.0,66757,,202bcdc4-855f-4eb1-9955-c904ed6b13ec,0.0,0.0,0.0,https://icons.llamao.fi/icons/protocols/raydium,https://raydium.io
raydium-amm,GRgnzNCmdBPNCaWPfpkL3mvUS2gWwWXCikeHPzLFmvHx,WSOL-TRENCH,0.84,0.84,0.0,66642,,a24f5bd1-0f37-41b0-bd42-6c3907ba126c,0.0,-0.79,0.0,https://icons.llamao.fi/icons/protocols/raydium,https://raydium.io
kamino-liquidity,2YPw4UMeys9eKL9FEabDn3D3LxFNAfJspHiH3n2Wpmc4,KMNO-JUPSOL,11.77488,11.77488,0.0,66512,,15802f03-83bf-498f-ae6a-6f0c14de6c6a,-3.9709,11.77488,-53.35491,https://icons.llamao.fi/icons/protocols/kamino-liquidity,https://kamino.com/liquidity
orca-dex,5zpyutJu9ee6jFymDGoK7F6S5Kczqtc9FomP3ueKuyA9,SOL-BONK,3.60395,3.60395,0.0,66413,,478bf104-2f78-4186-855d-791ee1ed93c9,-1.44662,-9.28947,1.43843,https://icons.llamao.fi/icons/protocols/orca-dex,https://www.orca.so
raydium-amm,HLqGegQDNmRTHfXyai3iMGEZZY3Nefv1e5DG8ubF4Ksw,WSOL-BIAO,2.53,2.53,0.0,66162,,b59d9c69-8a89-41b3-8c4d-ff3df8f6dde9,-0.71,1.86,0.98,https://icons.llamao.fi/icons/protocols/raydium,https://raydium.io
raydium-amm,39YeFEZ5n3TueXLj8KzQghUqKGvrxCCgttELsmkWx8bq,QNTM-WSOL,9.97,9.97,0.0,66106,,9186a7f6-3854-461f-9023-4f74a99e3896,0.0,-54.75,-6.37,https://icons.llamao.fi/icons/protocols/raydium,https://raydium.io
raydium-amm,EDE4v78Zjo54DfhcbWM8nmFrLWSTVGgBcjg8UWh5Fsdv,WSOL-PKIN,1.99,1.99,0.0,66097,,cd818019-231b-4783-baec-7c7465ec6fb3,0.0,-1.14,0.0,https://icons.llamao.fi/icons/protocols/raydium,https://raydium.io
raydium-amm,3nMFwZXwY1s1M5s8vYAHqd4wGs4iSxXE4LRoUMMYqEgF,WSOL-USDT,0.95,0.95,0.0,65872,,ed42bb94-ba3d-4eb0-8a12-a1bb17d8e7a4,-0.42,0.29,-33.85,https://icons.llamao.fi/icons/protocols/raydium,https://raydium.io
raydium-amm,3QKkTfFfghtYWqkjLJKe2szut6NrWNqvQ6Hk1pBc7q2U,X2C-USDC,0.64,0.64,0.0,65837,,a42f4305-e888-41fa-bc96-e1eb71749efb,0.0,-3.12,0.0,https://icons.llamao.fi/icons/protocols/raydium,https://raydium.io
raydium-amm,HCfytQ49w6Dn9UhHCqjNYTZYQ6z5SwqmsyYYqW4EKDdA,WSOL-WBTC,4.26,4.26,0.0,65798,,6d5d1725-9b7e-4711-b26d-8295321f1435,-0.51,1.29,-10.05,https://icons.llamao.fi/icons/protocols/raydium,https://raydium.io
raydium-amm,5mrtchWvDS9pTcfnVwu1JM7mR9UAba7oSVpLsg87pUk8,WSOL-G,9.99,9.99,0.0,65608,,b8487343-d197-438d-9aa7-6a7e689e7dab,3.07,9.15,0.0,https://icons.llamao.fi/icons/protocols/raydium,https://raydium.io
raydium-amm,BmBq2MPZVWJAicnXmZn7s9AyLDMtJMkGK8YrwuGR2hVB,URKO-USDT,0.36,0.36,0.0,65588,,a59f9326-fa35-467b-94b4-59adcace403e,-0.01,0.0,0.25,https://icons.llamao.fi/icons/protocols/raydium,https://raydium.io
raydium-amm,3oEFniXw6csxTyMen7wTCJeEAiVGsAbniwcMGQczb6iK,WSOL-CATANA,0.99,0.99,0.0,65453,,d8c3db32-47c2-4487-b90c-740355bddadb,0.08,-2.16,-4.74,https://icons.llamao.fi/icons/protocols/raydium,https://raydium.io
gmtrade,5PQpUVKqc2DwqRVVdY8L6DcPCZdimmwKm1tkPnBywrN8,WGMX-USDC,7.70967,7.70967,0.0,65371,,4f1a20fc-cd3d-45f8-ab2d-637d537e3a4b,-0.45763,3.78876,-21.66278,https://icons.llamao.fi/icons/protocols/gmtrade,https://gmtrade.xyz
raydium-amm,BcDfb7VNRoy57EXbxAyBNyL9thsvimu1Umow1AcXCcFV,WSOL-NIGGABUTT,4.49,4.49,0.0,65278,,fe0311d4-0567-4b20-84c1-3d329c583e9c,-21.12,0.0,1.59,https://icons.llamao.fi/icons/protocols/raydium,https://raydium.io
raydium-amm,9xg22uEGp4HHsbyn9ZkhkDwL8fzw6KNqcpXufqv6Kw8v,WSOL-ABC,8.54,8.54,0.0,65047,,42cca691-f37b-4ff0-9fac-5e6fd703fefb,1.42,0.0,0.0,https://icons.llamao.fi/icons/protocols/raydium,https://raydium.io
orca-dex,DhPTinfoJtTyyzfk2ZxKx1sKExTRj3ZsiXWVLSa3kujk,META-META,0.7169,0.7169,0.0,64992,,8d173ead-ad4b-40cc-9cc1-c2dc8945e95a,0.70702,0.71686,0.7169,https://icons.llamao.fi/icons/protocols/orca-dex,https://www.orca.so
raydium-amm,2dZ7g9fYgk9h7bk598HTFNDxdxVtUo6eLLJyd5TutSme,STA-USDC,2.43,2.43,0.0,64903,,6aa24d84-90b7-4a2c-a2d2-120c8291ee09,0.0,-2.45,-7.82,https://icons.llamao.fi/icons/protocols/raydium,https://raydium.io
raydium-amm,2ZRMpEat65m8p3hzy4EPmXVwDUvUpQ1qLR9oq6epinS3,SUPPOMAN-WSOL,0.93,0.93,0.0,64896,,97a4ef27-ac82-4183-85bf-788470f04fe7,-1.04,-1.69,0.0,https://icons.llamao.fi/icons/protocols/raydium,https://raydium.io
orca-dex,3vLdPpJQcCHASNJnp8gJXx3Q6Wx9cUjXadhRSyimk16z,POPCAT-COINOMI,0.48621,0.48621,0.0,64612,,d01a684d-438b-4f52-a994-d30db69ee880,-5.25266,-1.40884,-14.96601,https://icons.llamao.fi/icons/protocols/orca-dex,https://www.orca.so
orca-dex,5snaYowgJDfuM1LPbTNUYHbgkKHtVVnzHiiLDWUV2hh8,BSOL-JITOSOL,0.26207,0.19347,0.0686,64570,BLZEEuZUBVqFhj8adcCFPJvPVCiCyVmh3hkJMrU8KuJA,65671223-620d-40c0-913e-9b395dd42895,-0.08237,-0.45687,-0.35781,https://icons.llamao.fi/icons/protocols/orca-dex,https://www.orca.so
raydium-amm,DSmwcJNovTdPdpCi9vdnHfekkjMF8r458ZZ7byTBxNkv,WSOL-ROCKY,0.76,0.76,0.0,64450,,7520136c-066d-49c4-9da8-e270b30d2135,0.0,0.0,0.0,https://icons.llamao.fi/icons/protocols/raydium,https://raydium.io
raydium-amm,BEMi9yKdXLL9rNY43cU8CVxZZP4hmr7w7odwtxAMKAzD,WSOL-APPLE,0.83,0.83,0.0,64285,,85b2a03b-f942-4eda-934f-3e8a4e005e23,0.0,0.0,0.0,https://icons.llamao.fi/icons/protocols/raydium,https://raydium.io
raydium-amm,3p5fAB4XSuxsMzCdz9REuL3EGMLE9axocV873FUwv44G,USDI-USDC,0.58,0.58,0.0,64248,,2da9134d-a95e-4e18-8878-2f3fd75d4458,0.46,0.0,0.0,https://icons.llamao.fi/icons/protocols/raydium,https://raydium.io
raydium-amm,2dZ7g9fYgk9h7bk598HTFNDxdxVtUo6eLLJyd5TutSme,STA-USDC,3.36,3.36,0.0,64055,,182ef05f-4208-58d8-b24b-a5c65ea9d41c,0.35,0.0,0.0,https://icons.llamao.fi/icons/protocols/raydium,https://raydium.io
kamino-lend,GvPEtF7MsZceLbrrjprfcKN9quJ7EW221c4H9TVuWQUo,WIF,0.0,0.0,0.0,63923,,8ed4139d-3fee-4d62-9974-0bd1dda1cce7,0.0,0.0,0.0,https://icons.llamao.fi/icons/protocols/kamino-lend,https://kamino.com/
orca-dex,HfBd4gv2wXzrQAZ7e5ecLeZriCcbrpGsV6UytDLZB1PE,SOL-XORCA,6.97405,6.97405,0.0,63919,,14b563b7-04f1-4d1b-b3f3-5952147ae839,5.70607,1.88788,-9.23181,https://icons.llamao.fi/icons/protocols/orca-dex,https://www.orca.so
raydium-amm,DeC8TwoqTD8q5iQ9eG8L5syAvzadA4yMXpSgxywA6uxe,IO-USDC,12.8,12.8,0.0,63862,,1f031321-4350-47dc-b9ba-4dc305945847,-5.08,-6.2,-61.28,https://icons.llamao.fi/icons/protocols/raydium,https://raydium.io
project-0,FDsf8sj6SoV313qrA91yms3u5b3P4hBxEPvanVs8LtJV,USDS,4.03034,4.03034,0.0,63745,,6ecb8df1-51a2-59ea-bab0-c4dfe85bff32,-0.38846,0.95747,0.0,https://icons.llamao.fi/icons/protocols/project-0,https://app.0.xyz
raydium-amm,2DX9S6ci34Z2XgyGUNSQWfSMo8dZ2sg4mBEc6F9tfPRW,WSOL-VANCE,0.81,0.81,0.0,63724,,d14ad591-c89c-4b5a-afc8-4a05cf80ccc2,0.0,-6.1,-2.57,https://icons.llamao.fi/icons/protocols/raydium,https://raydium.io
save,9UueaExTBhMQznkFsBE26c47cCF98oKgKk2G2Qhc2Fo7,HSOL,0.0,0.0,0.0,63670,,2d2f5d4b-3f48-43ff-be76-895da12be0ca,0.0,0.0,0.0,https://icons.llamao.fi/icons/protocols/save,https://www.save.finance/
raydium-amm,EPVwQEJCnenVSNYECMA2955BGTqJk2ptXuggrvtiFFG2,WSOL-MOMO,2.52,2.52,0.0,63533,,12ad1531-505d-460a-9d29-7e05a309c007,0.88,-5.66,-50.07,https://icons.llamao.fi/icons/protocols/raydium,https://raydium.io
raydium-amm,DgkTgJLu5xPsSLiv4U6npsFc6vbErKk4RuSoXiiccrc1,WSOL-FORK,85.25,85.25,0.0,63264,,05c35043-0c9a-449a-9576-95035f0e4d8d,-59.16,22.83,24.78,https://icons.llamao.fi/icons/protocols/raydium,https://raydium.io
raydium-amm,58inxVBao4vmFWzDwEb27SXQhRjdR4fQd2pYZLXh3RiX,WSOL-IKUN,0.71,0.71,0.0,63244,,9458dcde-b780-415c-8e5e-7b2891a55676,0.0,-1.04,-0.73,https://icons.llamao.fi/icons/protocols/raydium,https://raydium.io
orca-dex,AXtdSZ2mpagmtM5aipN5kV9CyGBA8dxhSBnqMRp7UpdN,STSOL-USDC,2.34348,2.34348,0.0,63238,,60d3a90c-cb3f-44f1-8ccb-269d90aa768d,0.7456,1.5771,-4.20725,https://icons.llamao.fi/icons/protocols/orca-dex,https://www.orca.so
orca-dex,,ASTRALIS-PHY,1.15549,1.15549,0.0,63060,,1ade3ae6-1b3f-4f50-8633-6c0dda9c7889,0.0,1.06355,0.0,https://icons.llamao.fi/icons/protocols/orca-dex,https://www.orca.so
save,JCRDg9T5mUUxazdJ2nGWDN2pdcXVQc5VM8XDp1DW6Aoa,USDC,0.58,0.58,0.0,62855,,12a0aba6-8d08-4233-90c7-3868e88a7094,0.0,-0.01,-0.06,https://icons.llamao.fi/icons/protocols/save,https://www.save.finance/
save,HPDFoSZskyUGzo14oTuqMmoGNzavsLtU2WnPkzxAk6Sb,JUP,0.0,0.0,0.0,62846,,3000f672-47bc-42ac-abbe-d2c0d288dc59,0.0,0.0,-0.76,https://icons.llamao.fi/icons/protocols/save,https://www.save.finance/
kamino-lend,HaVsdBb4mMoYQ3vnS7wCdvhixg5xFQALmFwyL9QJm3fn,SOL,4.75507,4.75507,0.0,62753,,a842e5f2-c772-4c64-86b5-fa75e9726d46,0.33265,-0.02864,-0.33939,https://icons.llamao.fi/icons/protocols/kamino-lend,https://kamino.com/
raydium-amm,A1uVyDDizhuj6xL2AFfuUipZd3BpDRnWXABdtXvUx9Ev,MOODENG-SPX,5.2,5.2,0.0,62442,,6e73ead6-0f33-4a65-b550-5f7d3687237e,-0.42,-1.1,-9.57,https://icons.llamao.fi/icons/protocols/raydium,https://raydium.io
raydium-amm,9zNENgiHh7M7EjeeR3jzzpkYCY6a7hCt5HUMPoXFijjZ,STB-USDC,8.41,8.41,0.0,62343,,0c439742-a72f-4821-863f-556e116e598f,-0.53,6.42,0.16,https://icons.llamao.fi/icons/protocols/raydium,https://raydium.io
raydium-amm,BpzGNsHoSdPkoANBNkrw6syqqLLPX6j38FZg6rJ1QLJ,WSOL-SONIC,0.85,0.85,0.0,62268,,9a26b19d-d1f9-4515-80ff-bf60bd350429,-1.66,0.19,-18.06,https://icons.llamao.fi/icons/protocols/raydium,https://raydium.io
raydium-amm,D9UAKGbXzMaHGyeCdehco7ow8nGt5o2UGJrFhZSAQDXg,WSOL-YURU,2.86,2.86,0.0,62218,,9d619eac-edd6-4b53-a1d9-386ddc516c4c,-0.63,1.91,-4.18,https://icons.llamao.fi/icons/protocols/raydium,https://raydium.io
raydium-amm,Fps13qjgYq9Bdx2xtLfHRAn7cMeSsiCGoR95dwCjs6rt,WSOL-ALPHA,1.06,1.06,0.0,62055,,5a1e93b7-a401-4c44-92ff-c3bb3fcbd5a7,-4.99,0.0,-9.65,https://icons.llamao.fi/icons/protocols/raydium,https://raydium.io
raydium-amm,DqNmGDL93zJiNydYQ8mb1JQ1DqehAPFoRQLm3HjAnhiy,WSOL-BITCOIN,19.76,19.76,0.0,62026,,24d10918-a07c-4491-a6ba-c107d6f80a91,-1.65,16.02,9.98,https://icons.llamao.fi/icons/protocols/raydium,https://raydium.io
raydium-amm,6oWHuR7vHbuVbg6FuhhBUmAeUKMEDrLzcyde8DbwEeFt,WSOL-UNITY,1.83,1.83,0.0,61988,,0dde9304-b937-4e15-8e29-1937445c2fe8,-2.72,-4.28,-7.72,https://icons.llamao.fi/icons/protocols/raydium,https://raydium.io
orca-dex,AqJ5JYNb7ApkJwvbuXxPnTtKeuizjvC1s2fkp382y9LC,MSOL-USDC,1.69191,1.69191,0.0,61798,,dc32fe78-dc53-4736-9364-446efa9101d5,0.50213,1.14562,-3.0278,https://icons.llamao.fi/icons/protocols/orca-dex,https://www.orca.so
raydium-amm,BmnhQDLEMv8quHYZgKe86g1Tbpo4LXwvb29zNzoKQ5Sw,WSOL-BOP,3.75,3.75,0.0,61652,,3fb5961f-6e0c-4717-80d8-85887c0b28f0,-11.53,-28.74,-665.17,https://icons.llamao.fi/icons/protocols/raydium,https://raydium.io
raydium-amm,GP1TLVRBVfn5RuAZfzqRFA9dTy8EfpE76rbzZ5u2Y1n2,WSOL-DEEPSEEKAI,2.76,2.76,0.0,61608,,bb0e94e2-0476-4bdb-bb00-1c061b066c92,0.0,-1.84,-0.05,https://icons.llamao.fi/icons/protocols/raydium,https://raydium.io
raydium-amm,JVoPtWWDsRcLvQosu5fWc2CaNF6jEtJzbxdPtcEuvZo,WSOL-JTO,11.45,11.45,0.0,61592,,b941d4f0-a6dd-4cb1-8916-b922c740c101,-18.93,-15.29,-63.55,https://icons.llamao.fi/icons/protocols/raydium,https://raydium.io
raydium-amm,4pdwJSSg28c4aZs6EsaXP7MSyAQN8CfgDSY4gNrDTvmr,SWAG-WSOL,1.4,1.4,0.0,61348,,458476eb-47cc-44cd-bd64-373316ddd6ec,0.31,-6.81,-11.77,https://icons.llamao.fi/icons/protocols/raydium,https://raydium.io
kamino-liquidity,7FT4kC4HaD2jgQjzKoodnK7Gurzq6AsMD6Cr3SCzedQ9,BSOL-JITOSOL,0.0,0.0,0.0,61323,,6593bf91-4154-458d-b16e-3e072826910c,0.0,0.0,0.0,https://icons.llamao.fi/icons/protocols/kamino-liquidity,https://kamino.com/liquidity
raydium-amm,HCJLC4yAeeejoBZJSeX9M1YFMTJSqQzEVwh96h4CW2MZ,CATVAX-WSOL,0.93,0.93,0.0,61318,,98ebce17-9ec7-4928-b2bc-e32e6104cddc,0.0,0.0,0.0,https://icons.llamao.fi/icons/protocols/raydium,https://raydium.io
gmtrade,59uFARJWg7B8wcEuXzvkafiT4DuKemdNCN5bshDbwun9,SHIB-USDC,145.79821,145.79821,0.0,61111,,faa368ee-ff96-47c3-a359-2899d892cd2e,-8.10352,54.15868,120.18523,https://icons.llamao.fi/icons/protocols/gmtrade,https://gmtrade.xyz
raydium-amm,GzdVSyAjTfkUtMAXcqTWbPkH1RSQT8VKfGJwdg1f62U8,WSOL-PEANUT,0.77,0.77,0.0,60598,,3bdabc30-4afa-49f7-b512-96393160f0ea,0.0,0.0,0.0,https://icons.llamao.fi/icons/protocols/raydium,https://raydium.io
raydium-amm,nPD3vSeB4DjoMcL6CdG6m6fscygaNojivdmXe1oGpNg,XMR-USDC,29.13,29.13,0.0,60180,,1dac12ff-e1ef-5df1-b158-20fe6515cc2c,0.0,1.44,0.0,https://icons.llamao.fi/icons/protocols/raydium,https://raydium.io
orca-dex,5xfKkFmhzNhHKTFUkh4PJmHSWB6LpRvhJcUMKzPP6md2,WFRAGSOL-JITOSOL,0.0025,0.0025,0.0,60119,,988a317f-1af0-42d2-80bb-76e660cb1c34,-0.00065,-0.1314,-0.51628,https://icons.llamao.fi/icons/protocols/orca-dex,https://www.orca.so
raydium-amm,5NLeMabMyuJQUbvXNfVyUPbtYKwTXBesfmFmDswbgqUz,GST-USDC,3.74,3.74,0.0,60017,,e124a01c-4284-408e-8e56-0a3cda7d99c5,-2.17,-0.58,0.95,https://icons.llamao.fi/icons/protocols/raydium,https://raydium.io
raydium-amm,AHNN6JmvaGG6XUoSg7sEr38gRYDB2jTbUvqXVuqaRHpq,SPCXX-USDC,0.87,0.87,0.0,59791,,47bbece2-bdd9-4f46-a454-6fad32577f51,-6.23,0.0,0.0,https://icons.llamao.fi/icons/protocols/raydium,https://raydium.io
raydium-amm,CU6uiwj6RQZgMLqPT3iJtnUb47d5y6jdYeR3jNdW6n5s,WSOL-ECOR,0.76,0.76,0.0,59755,,8b966247-df72-4af0-90f4-b7b1951f9aad,0.0,0.0,-1.14,https://icons.llamao.fi/icons/protocols/raydium,https://raydium.io
project-0,FWZbU8TSPyjyrWQASzujo7FjgF9f3GEkjaFAtbKWqjMH,SUSD,0.0,0.0,0.0,59683,,a16d8967-12a0-458e-9b9f-7e9bd5fed450,0.0,0.0,0.0,https://icons.llamao.fi/icons/protocols/project-0,https://app.0.xyz
raydium-amm,7aT77ndpWmvHvytN8vVWebrxF3xQVp9U6WuWiVDDhow9,3056.HK-USDT,7.91,7.91,0.0,59510,,2d27e9a1-4d38-4855-a528-dd402c17df5d,0.0,0.0,0.0,https://icons.llamao.fi/icons/protocols/raydium,https://raydium.io
orca-dex,3532u8GTfK8bWaX9GLkGxhZXJAdyuPUWKCLzGFh7NSom,LEAF-USDC,0.0,0.0,0.0,59391,,e744850c-aca2-4cba-8bcb-66b4d9772872,0.0,0.0,-0.0141,https://icons.llamao.fi/icons/protocols/orca-dex,https://www.orca.so
raydium-amm,5ML6Tkr2m3gtcTEoL9Ppkrqpv7Pj8bSrVwfu9ztNFT9k,WSOL-PISTA,0.92,0.92,0.0,59289,,695894b0-021f-4980-bd85-ec28896d3251,0.0,0.33,0.0,https://icons.llamao.fi/icons/protocols/raydium,https://raydium.io
raydium-amm,69H1uWHi9PXV1rMizjRaqsAvTfLC28y8if9VGBRnEcDh,WSOL-XMONEY,31.38,31.38,0.0,59282,,8fb4d078-5d54-4c58-8813-ae4ff1ca4350,21.97,30.23,6.37,https://icons.llamao.fi/icons/protocols/raydium,https://raydium.io
raydium-amm,qNAGLPKnYzNtf5iJHdki9Prgodgra5BnadACgecdsjw,USD1-WAR,1.2,1.2,0.0,59252,,f5bcd1f4-c7ca-4151-9591-6847a6624236,0.0,0.0,-3.79,https://icons.llamao.fi/icons/protocols/raydium,https://raydium.io
raydium-amm,8KbrpeSRYXYjWSSdG7gE1tR7Go8MmKKxKaei1gGc4U7Q,WSOL-JLP,1.78,1.78,0.0,59251,,007d7343-c6a1-4fd2-8c61-eb1291e99f7b,-0.27,0.42,-4.26,https://icons.llamao.fi/icons/protocols/raydium,https://raydium.io
raydium-amm,4fp4SynBKisCZQkwUFpkcsXwFDBSVMkTSnPBnLpLyU9Q,WSOL-R-SNOOFI,1.45,1.45,0.0,59221,,858f32f1-f048-404c-a704-573ff6dc8287,0.0,0.82,0.0,https://icons.llamao.fi/icons/protocols/raydium,https://raydium.io
raydium-amm,2cZQ71uDTBwFZT456koEwfZDLSV736hT688A18sD3n4M,WSOL-DEVIN,0.91,0.91,0.0,58795,,78a16e5d-af22-4617-943b-782190513c27,0.0,-0.45,-1.65,https://icons.llamao.fi/icons/protocols/raydium,https://raydium.io
raydium-amm,2zjiSTrub1KPtuJzDoRyXcUHFLLC5doUsmStyBi5SjXG,WSOL-SOBA,1.31,1.31,0.0,58596,,e3b4728f-78c7-442a-8a2f-c55a4a082f90,0.33,0.0,0.0,https://icons.llamao.fi/icons/protocols/raydium,https://raydium.io
raydium-amm,2RrD33ttXGTVDSHMwdBeE98isu8G48PAygENktW1eENi,CONAN-WSOL,5.81,5.81,0.0,58513,,90bda4da-e8fb-44c5-8179-e010f30157d4,-1.37,-10.09,-21.95,https://icons.llamao.fi/icons/protocols/raydium,https://raydium.io
raydium-amm,HYEiWNG5s6SxU3x5t5AAD12VsCsxajM7svL84VFhcffR,WSOL-KWIF,0.91,0.91,0.0,58288,,56f9f60e-fc7b-4976-86f5-18afdcfd00b6,-1.24,-1.57,-4.03,https://icons.llamao.fi/icons/protocols/raydium,https://raydium.io
raydium-amm,9tSXp7sR9TRewhDyVFdmZQQxBkfAWK6TU44gjoFp72Ez,REMILIO-WSOL,0.6,0.6,0.0,58194,,49c1cb57-68bf-45aa-8fd8-ec14df2508f6,0.0,-0.01,-5.25,https://icons.llamao.fi/icons/protocols/raydium,https://raydium.io
kamino-liquidity,9k53PMwaY2wJNhVJ9Hv2hjir24FLhXxywgXNDnsdBkUY,POPCAT-SOL,31.98993,31.98993,0.0,58024,,127bda87-3c16-4e96-ad58-6dc8a5f6472f,-17.12543,8.5089,-48.90961,https://icons.llamao.fi/icons/protocols/kamino-liquidity,https://kamino.com/liquidity
raydium-amm,E6142wqVNC23NmPsgrNHAuA6guiDd6mXMFX1wLkG4MQW,PIO-WSOL,0.91,0.91,0.0,57773,,2d098690-1741-4fb7-831f-e5117a1dec1a,-0.11,0.0,0.0,https://icons.llamao.fi/icons/protocols/raydium,https://raydium.io
raydium-amm,23cyEJ27Nrcq5c2mokfMJyfwUPGYftj3XPU6EnU2Jikw,WSOL-BGG1,0.8,0.8,0.0,57690,,e4762e2f-ce45-442c-8647-7795f020247d,0.0,-0.85,0.0,https://icons.llamao.fi/icons/protocols/raydium,https://raydium.io
raydium-amm,6R3yY5hpJ2RugzWx6ex4SVsoReK87jEoBu2hWh5XhuE2,WSOL-KM,2.92,2.92,0.0,57643,,bf033a46-020f-4174-af17-3eec4c85155e,-8.26,0.0,0.0,https://icons.llamao.fi/icons/protocols/raydium,https://raydium.io
kamino-liquidity,C3X6B9XZnzZUrBK2MisUCdCjzX5Q4im3dwbetxpQkBtM,JTO-KYJTO,0.0,0.0,0.0,57630,,4d927d80-e805-43ef-abc1-1bd73d5c7e2c,0.0,0.0,0.0,https://icons.llamao.fi/icons/protocols/kamino-liquidity,https://kamino.com/liquidity
raydium-amm,5LZawn1Pqv8Jd96nq5GPVZAz9a7jZWFD66A5JvUodRNL,BIO-SPINE,1.94,1.94,0.0,57353,,fbca1072-0c3a-4811-a54b-704ad26e9e36,-0.57,1.39,-1.62,https://icons.llamao.fi/icons/protocols/raydium,https://raydium.io
raydium-amm,HDzuAAfEUjzSjN3swW6UQE8DqNRGW3TUEAXFfiAnrLny,WSOL-SBF,1.03,1.03,0.0,57194,,6fc33c9c-737c-4bac-ba68-f28e6ee95bff,0.0,0.0,-31.3,https://icons.llamao.fi/icons/protocols/raydium,https://raydium.io
kamino-liquidity,8sKf4C6iQ2wfCAp9oXf2NJZNjfDdN16aeYpkew6vsfbi,WFRAGSOL-JITOSOL,0.0,0.0,0.0,57078,,e54ab09e-d3c9-4e7d-8251-544f26d7fb3c,0.0,0.0,-3.21178,https://icons.llamao.fi/icons/protocols/kamino-liquidity,https://kamino.com/liquidity
raydium-amm,3Sht4Amox5REC1YLYGuR1Qdfh7fa8d2ucGu4rawjs6tN,WSOL-NEET,8.18,8.18,0.0,56942,,f9fd7ee7-6cec-42ad-9634-22e3e53af927,1.11,-5.8,-3.83,https://icons.llamao.fi/icons/protocols/raydium,https://raydium.io
raydium-amm,81RM4fW51f9YeSBiyq99r8E6qZfKYFShRzX8LRaJfPi8,WSOL-BEPE,38.41,38.41,0.0,56885,,92649e07-621d-4909-99f6-4d0cdd958801,-16.2,-30.72,-821.18,https://icons.llamao.fi/icons/protocols/raydium,https://raydium.io
orca-dex,EwvgsfiJMcMRnscxRLL2aMbFgNLRRiUZPMB58etkNzza,MOT-USDC,2.86831,2.86831,0.0,56850,,c88756c5-ee96-474e-9ae9-f2404827bb9d,0.5285,1.67144,-2.79778,https://icons.llamao.fi/icons/protocols/orca-dex,https://www.orca.so
kamino-lend,3yDc9ARvtPLhYxZLgucZGuBtZ9bHshBvXTwHxGe3nhmC,USDS,7.11039,7.11039,0.0,56741,,0f55017f-2e54-4c6a-b271-7b31d663f466,-0.01491,-2.38397,1.57911,https://icons.llamao.fi/icons/protocols/kamino-lend,https://kamino.com/
raydium-amm,BScfGKZf9YDfpL11hZQnCQPskPrdeyFcvCjSA5qupEH5,WSOL-SURGE,8.94,8.94,0.0,56616,,0f686cd6-51aa-49bf-bb5b-fb3df5bbde44,1.05,3.63,3.91,https://icons.llamao.fi/icons/protocols/raydium,https://raydium.io
raydium-amm,91a6vhumaE6GPcidGQeBLZ5jecQ1AMbtkZ4tJPbWSCx8,TRC20-USDT-USDC,58.3,58.3,0.0,56501,,7bd8f00d-ed1a-5a1c-a3dc-49f7d9d96d50,0.0,0.0,0.0,https://icons.llamao.fi/icons/protocols/raydium,https://raydium.io
raydium-amm,3WEYUXNmKM6NbCQCaDuEvdQgRhWH5Bz9vpK32Luzo5Nq,WSOL-FARTGIRL,0.86,0.86,0.0,56283,,64d47699-ce1b-42ef-9c97-6fe76ddf1abc,0.0,-0.28,0.0,https://icons.llamao.fi/icons/protocols/raydium,https://raydium.io
save,8dj84ncojgcmqvcuqDn1MfvSNVmhpGDKN8WbEkFzRRhK,JLP,0.0,0.0,0.0,56230,,5773be7f-d0d3-4838-bc85-8d06570794ee,0.0,0.0,0.0,https://icons.llamao.fi/icons/protocols/save,https://www.save.finance/
raydium-amm,AyjpwPZVkEqN6r4R9MyzkqcdzW1LwsBppuV8Ns55Mqvb,BRETT-WSOL,0.75,0.75,0.0,56088,,e89ddf5e-b16f-4b06-9258-e204f45e3766,0.0,0.0,0.0,https://icons.llamao.fi/icons/protocols/raydium,https://raydium.io
kamino-lend,Atj6UREVWa7WxbF2EMKNyfmYUY1U1txughe2gjhcPDCo,USDC,7.98445,7.98445,0.0,56056,,7e004195-6b2c-4c6e-b985-f3d64ca1469d,4.11974,3.8977,5.1032,https://icons.llamao.fi/icons/protocols/kamino-lend,https://kamino.com/
kamino-liquidity,5ZcWzAyXMuXfZPLBsbvCYjRFyJkt7vWbShjCAA1ecb9i,SOL-JLP,0.0,0.0,0.0,55916,,4ddec5b5-bc86-4897-bd32-917bd63a52fe,0.0,0.0,-5.73535,https://icons.llamao.fi/icons/protocols/kamino-liquidity,https://kamino.com/liquidity
raydium-amm,BjkBxREU5J1gi9J4o68EMurMdkwkWNf8jhjkGMNUqRmr,WSOL-CAT,6.61,6.61,0.0,55719,,6c20b65e-5ac8-4d03-9aea-2f53c9dca59b,0.0,0.0,-7.19,https://icons.llamao.fi/icons/protocols/raydium,https://raydium.io
raydium-amm,GvDBhjocyfDZuGWqkm4ZU89W2YXaVLadWDUXeJHr9h8s,WSOL-E-ACC,0.97,0.97,0.0,55563,,149c6727-dc26-4100-8b26-f2af50f4429b,-0.29,-4.17,0.0,https://icons.llamao.fi/icons/protocols/raydium,https://raydium.io
raydium-amm,4v9dvMFUPUujoQUDZgbchnYVzyp8h4p5WrywU4QMJ5Xp,UKDC-USDT,0.14,0.14,0.0,55494,,0e7bf438-4909-54bf-8ac1-a6793139048a,0.0,0.0,0.0,https://icons.llamao.fi/icons/protocols/raydium,https://raydium.io
raydium-amm,GmaDNMWsTYWjaXVBjJTHNmCWAKU6cn5hhtWWYEZt4odo,LIKE-USDC,1.65,1.65,0.0,55370,,823963f6-c722-4154-9a90-14fd6cdba621,0.0,0.78,0.0,https://icons.llamao.fi/icons/protocols/raydium,https://raydium.io
project-0,9p1TiAeTc6FSiNHhnR6BgmwRq49zywczAY4m77BbKGer,BULKSOL,0.09778,0.09778,0.0,55361,,2962a15d-3634-4237-a378-1620af130b89,-0.01267,-0.01449,0.0,https://icons.llamao.fi/icons/protocols/project-0,https://app.0.xyz
project-0,E4td8i8PT2BZkMygzW4MGHCv2KPPs57dvz5W2ZXf9Twu,PYTH,0.31386,0.31386,0.0,55315,,2409a462-a569-4fd4-bef1-bb50105db47d,6e-05,-0.08979,0.0,https://icons.llamao.fi/icons/protocols/project-0,https://app.0.xyz
orca-dex,,HKRBM-USDT,4e-05,4e-05,0.0,55233,,8dee04c8-d4fb-58f1-87db-b76d644e0349,0.0,0.0,0.0,https://icons.llamao.fi/icons/protocols/orca-dex,https://www.orca.so
raydium-amm,CdhFPj7hFShKVjznSshCVqbapJctLuL2izxQnMx2PztM,WSOL-ADA,0.59,0.59,0.0,55182,,84abb736-7a55-4590-bdd8-f4ee2fee0a5b,0.0,-0.01,0.0,https://icons.llamao.fi/icons/protocols/raydium,https://raydium.io
orca-dex,Dsxt7wUigQU5puH9nHjmfwnUenMycAgsFtrkfggLh8P1,SOL-ZEUS,134.88199,134.88199,0.0,54984,,1bf575be-09e6-4c00-aef9-70f9b7aa582b,-423.6008,39.93671,-150.85461,https://icons.llamao.fi/icons/protocols/orca-dex,https://www.orca.so
raydium-amm,33hmxy64sjEqUNfCAHbUu2Gi6w9AVP7L6uZgY2Rmbuwy,WSOL-OPTIMUS,10.24,10.24,0.0,54869,,07066fc3-1733-4e92-a418-7b3684c64686,7.29,7.06,7.65,https://icons.llamao.fi/icons/protocols/raydium,https://raydium.io
raydium-amm,6VjgBLScr9hHotMCRCpKpNmcZ3RbYackzcuqx5ZKVAaX,WSOL-WINTER,0.81,0.81,0.0,54792,,386fb2b7-ea24-4887-8fa0-df73352ce506,0.0,0.09,0.0,https://icons.llamao.fi/icons/protocols/raydium,https://raydium.io
raydium-amm,ASeA5haHzwNbwcytdLgpdR9zKQ5H8hTav5NuSQpVXr1d,MXNA-USDC,0.95,0.95,0.0,54712,,ff10bd5b-1f37-4254-adf1-584e5e8a028f,0.0,0.0,0.0,https://icons.llamao.fi/icons/protocols/raydium,https://raydium.io
kamino-lend,6U9CnJYCQwHUEmf4Pq4oGVKHVvD29wZvtPbFNjYmgjaF,BBSOL,0.00028,0.00028,0.0,54330,,eb127bda-eff3-4985-82b3-364ed96ad35d,0.0,0.0,-2e-05,https://icons.llamao.fi/icons/protocols/kamino-lend,https://kamino.com/
raydium-amm,GdxFycQMfy5g1m1Ax2ViF8ZPAv22i27GSza7m9d6Cq4A,WSOL-TLOOP,28.92,28.92,0.0,54325,,81965fa3-d8ee-4aa1-bdba-816b71091cd9,-0.34,7.16,-33.76,https://icons.llamao.fi/icons/protocols/raydium,https://raydium.io
raydium-amm,HDvCJkM9LUPYAQUJ37RKTRKAG2AfTATz7xhuCqVwA9jG,WSOL-VAL,0.86,0.86,0.0,54320,,e992124a-0004-47f0-9b3e-c6187fbf49ad,0.0,0.0,0.0,https://icons.llamao.fi/icons/protocols/raydium,https://raydium.io
raydium-amm,CKwJZwm7oj3nu4653N1EpDrqXbXAYXoPFiPeEnLouF8y,AAPLX-USDC,7.51,7.51,0.0,54315,,9462784c-c0e5-4539-914e-ac006e5b3097,-14.38,6.73,-12.64,https://icons.llamao.fi/icons/protocols/raydium,https://raydium.io
orca-dex,2TAgfogn8JRwwTnsGKUa6WUT5Xdv1iMEzfEDMor68X9C,SOL-ZEC,10.58542,10.58542,0.0,54306,,c8bf60a1-b470-4584-8bae-c027d7452ec9,10.58542,7.57173,-11.68526,https://icons.llamao.fi/icons/protocols/orca-dex,https://www.orca.so
jupiter-lend,2F1ish76zdWCLMtmcsXAisem4198Qh3UYZFE7ABgBsS6,LBTC,0.0,0.0,0.0,54290,,ba5b128f-b830-4564-b43d-df6ef26cb71f,0.0,0.0,0.0,https://icons.llamao.fi/icons/protocols/jupiter-lend,https://jup.ag/?ref=f6y1ryr2snn3
save,Gb6kjj4zKLtvbTM6EtUJkvc8jSG3yFC1B7LJxhLp71us,GC,0.0,0.0,0.0,54274,,a52f52f2-aea5-4ff4-89f2-0f0894758865,0.0,0.0,0.0,https://icons.llamao.fi/icons/protocols/save,https://www.save.finance/
gmtrade,59uFARJWg7B8wcEuXzvkafiT4DuKemdNCN5bshDbwun9,AVAX-USDC,79.20835,79.20835,0.0,53986,,a84faf57-b8e7-4223-9aec-9f937fe36e01,12.62657,6.68023,-28.23693,https://icons.llamao.fi/icons/protocols/gmtrade,https://gmtrade.xyz
raydium-amm,72ALiKFanx3TaMAsDWF8RfaApjp32MSvt7e9m9bQwmo5,WSOL-CTAN,1.36,1.36,0.0,53904,,7f1c55f9-583f-4d59-a9dc-efe4378d9d3d,0.0,0.0,0.0,https://icons.llamao.fi/icons/protocols/raydium,https://raydium.io
project-0,8UEiPmgZHXXEDrqLS3oiTxQxTbeYTtPbeMBxAd2XGbpu,PYUSD,4.73319,4.73319,0.0,53825,,d7863954-eaea-5a90-8bd1-ef9b3d6fca44,-0.13743,0.0,0.0,https://icons.llamao.fi/icons/protocols/project-0,https://app.0.xyz
raydium-amm,1D5GHSzrcaSXLtUYxSCg4vWHdKGd7hFnasYPiPFYFGX,COK-WSOL,3.02,3.02,0.0,53732,,dc5e10fe-794c-4a9e-ad4d-023c7a978871,0.54,-2.11,-2.22,https://icons.llamao.fi/icons/protocols/raydium,https://raydium.io
raydium-amm,GaPTvXuog95vxJii7qwvfNVNdpgAcEmjFqYdZnxxgzLV,FCOD-WSOL,2.66,2.66,0.0,53654,,947a8fe2-8fd2-4969-a2d7-b013486923b8,0.48,0.22,-0.64,https://icons.llamao.fi/icons/protocols/raydium,https://raydium.io
raydium-amm,HobaNfHNrDcFP8z8T9n3j6K4UF5jSDmdpdxXQpyC83o,WSOL-BARSIK,2.09,2.09,0.0,53615,,718ed37d-7a6d-4e9a-ad32-cbd89398064c,-8.26,0.07,0.0,https://icons.llamao.fi/icons/protocols/raydium,https://raydium.io
save,EH5gHAuZg3KTyzSJs3igoc9HAL4Mf3MbofSRRrijeUiP,MSOL,0.09,0.09,0.0,53612,,1e8f1858-f60b-489d-ad5b-a954cd07c557,0.0,0.0,-0.01,https://icons.llamao.fi/icons/protocols/save,https://www.save.finance/
raydium-amm,8zq3vBuoy66dur6dhrA4aqnrtGg9yZyRAp51BTBpEXj,WSOL-AGIALPHA,0.94,0.94,0.0,53524,,3085f5d6-1d30-4e67-9fad-a90b03213cf8,-0.92,-0.06,0.0,https://icons.llamao.fi/icons/protocols/raydium,https://raydium.io
raydium-amm,FSCnxKvt7UvoFaqzfvuxx3X1pFrYjDEA44psSzYRLNBb,WSOL-KEFEN,0.95,0.95,0.0,53503,,99d91f0f-430f-4770-a673-ebb6d836028c,0.0,-1.09,0.0,https://icons.llamao.fi/icons/protocols/raydium,https://raydium.io
raydium-amm,8DPPdVemT4gR7MU5paqKkXWuqdUR6KDVvDEr4ewH4m8s,USDC-TOLY,4.1,4.1,0.0,53268,,96f47ab7-38d6-4d86-beee-17017183001a,0.0,0.0,0.0,https://icons.llamao.fi/icons/protocols/raydium,https://raydium.io
project-0,J9tksvZEDSwtNtZ6yxYjWDDkzhPbwDMnihU61NkFG9FE,HELIUS,0.0,0.0,0.0,53263,,84680e62-e503-594c-8dcb-e271376df612,0.0,0.0,0.0,https://icons.llamao.fi/icons/protocols/project-0,https://app.0.xyz
orca-dex,,USDC-FERRET,0.07227,0.07227,0.0,53233,,a8dfadb1-9ea2-5a6e-84ac-b89e5331bba3,0.0,0.0,0.0,https://icons.llamao.fi/icons/protocols/orca-dex,https://www.orca.so
raydium-amm,HY1Xx3Bo9523qytq7gceXSrARgVZFhZM5YpqaXVPX1Wm,MOAI-WSOL,1.0,1.0,0.0,52798,,3abd4aa1-09d5-450f-8ec8-77332ca4b9a9,-0.12,0.0,0.0,https://icons.llamao.fi/icons/protocols/raydium,https://raydium.io
loopscale,GiKGBN1DdtC6msi7U3WCsc3zsnKjzyoYxkayzBL9y1Du,MXNE,0.30998,0.30998,0.0,52795,,5391fc91-9789-47a5-81ba-89d224abfb70,0.0,0.0,0.0,https://icons.llamao.fi/icons/protocols/loopscale,https://loop.sl
kamino-lend,4pDCUGYftuPG1sV3xcqsn2YGfHC6Q3eZVfDyzQm8SK5A,KYSOL,0.0,0.0,0.0,52638,,ff55543d-6821-402a-82b8-f1ec3b817626,0.0,0.0,0.0,https://icons.llamao.fi/icons/protocols/kamino-lend,https://kamino.com/
kamino-lend,ApQkX32ULJUzszZDe986aobLDLMNDoGQK8tRm6oD6SsA,CASH,3.65868,3.65868,0.0,52605,,91d6ed2f-b69e-4d7b-8d56-ab3256fbe1f5,0.00249,0.24567,-0.39885,https://icons.llamao.fi/icons/protocols/kamino-lend,https://kamino.com/
raydium-amm,4ZF5Dd2KzXFE6ECFpKjcNYh48Ee1UvqiBRsVXk8EBmyT,WSOL-LEA,1.27,1.27,0.0,52594,,c8a8ff54-9d8e-495e-add8-6019ecf37d79,0.0,0.0,0.0,https://icons.llamao.fi/icons/protocols/raydium,https://raydium.io
raydium-amm,8tzS7SkUZyHPQY7gLqsMCXZ5EDCgjESUHcB17tiR1h3Z,SRM-USDC,1.9,1.9,0.0,52591,,316d02c4-90b3-47a5-a066-556c993c8b66,-1.05,0.21,-15.33,https://icons.llamao.fi/icons/protocols/raydium,https://raydium.io
jupiter-lend,2F1ish76zdWCLMtmcsXAisem4198Qh3UYZFE7ABgBsS6,LBTC,0.0,0.0,0.0,52557,,b9f8f1ba-b146-4048-8dde-13c2a656de24,0.0,0.0,0.0,https://icons.llamao.fi/icons/protocols/jupiter-lend,https://jup.ag/?ref=f6y1ryr2snn3
orca-dex,,USDC-PQB,0.0,0.0,0.0,52435,,4f83c47e-eb75-5265-aac8-3ddc13326c75,0.0,-0.07324,0.0,https://icons.llamao.fi/icons/protocols/orca-dex,https://www.orca.so
raydium-amm,C6iYX7jrjV4pH1scscRpa8B8yryd6ViCuHXmBDbD21qa,USDS-JITOSOL,3.88,3.88,0.0,52421,,b5ffd007-fd73-4a6f-b9c1-48fd0505bf1a,-0.12,2.28,-9.17,https://icons.llamao.fi/icons/protocols/raydium,https://raydium.io
raydium-amm,FAipE7GQSYqNM4LSB8Fu4MaBctc6ZzeHTPPrL6iXRY5Z,WSOL-PILL,1.6,1.6,0.0,52416,,5fd88f49-0288-47d7-b841-a23b31160d6b,0.0,0.0,0.0,https://icons.llamao.fi/icons/protocols/raydium,https://raydium.io
raydium-amm,JBJ9sq8Kt6V7ikeNE8dPXFCtMb9wPY3y4VzFXG1JAHQW,WSOL-WOOLLY,2.58,2.58,0.0,52392,,9e4385bd-7317-44cc-9c55-394b651b72f0,0.16,0.0,-2.02,https://icons.llamao.fi/icons/protocols/raydium,https://raydium.io
raydium-amm,9DJrGmVqHxejzErYsc4LwCSaeAePXH1pCxUzLJVNfV77,$LANDLORD-WSOL,0.83,0.83,0.0,52348,,8e16920a-98a6-49aa-8c62-a9a7b30b90f4,0.0,-0.15,0.0,https://icons.llamao.fi/icons/protocols/raydium,https://raydium.io
raydium-amm,BMhbJpKihPsrQwWTNrzYLFwh2LbuDwWYbHKzEZrV9f6V,USDC-FOGO,4.07,4.07,0.0,52312,,296aceac-7291-476f-9837-504fae84198d,-0.22,2.87,-0.13,https://icons.llamao.fi/icons/protocols/raydium,https://raydium.io
orca-dex,B3QsKvpsBYVAuJBzyKRBWBJw8CAM45zStdJhtE1miBri,XAUT0-USDC,3.97608,3.97608,0.0,52268,,78760781-3551-4c08-aaf8-26a6438c5ffd,-4.36182,1.80974,-4.97155,https://icons.llamao.fi/icons/protocols/orca-dex,https://www.orca.so
kamino-liquidity,HxuncSjLVEV2qjhHjQodekQMsUMiSwHe2ApMqsBsBJap,BSOL-MSOL,0.0,0.0,0.0,52193,,13af328d-7ba4-49ca-a44b-01142af41a9e,0.0,0.0,0.0,https://icons.llamao.fi/icons/protocols/kamino-liquidity,https://kamino.com/liquidity
kamino-liquidity,4TQ1DZtibQuy5ux33fcZprUmLcLoAdSNfwaUukc9kdXP,USDS-JITOSOL,0.0,0.0,0.0,52145,,536f8c49-8380-400a-aa94-d826bada5400,0.0,0.0,0.0,https://icons.llamao.fi/icons/protocols/kamino-liquidity,https://kamino.com/liquidity
save,7o7RnwQj19z73JbWEEBKvxkej8o8Rn4ghtoneABS4kSJ,USDT,0.0,0.0,0.0,52099,,39befb5d-7613-4412-8528-9a38f5cf751d,0.0,0.0,0.0,https://icons.llamao.fi/icons/protocols/save,https://www.save.finance/
raydium-amm,GBfnb75JYj7SenrwZGvp2XvrLjRhqsku7T7K31VsvqXD,WSOL-SNORT,1.08,1.08,0.0,52079,,9e706da3-3e74-489a-b801-1a3aeed8d758,0.0,0.0,0.0,https://icons.llamao.fi/icons/protocols/raydium,https://raydium.io
raydium-amm,9U6jGAy5ySvTqjdzc3t7xti7sZnRgGn1wLFKVQnZQuTu,WSOL-CUPSEY,1.22,1.22,0.0,52048,,50bc6862-86e1-4453-b6b4-0ec5c93b093f,-0.06,-3.7,0.0,https://icons.llamao.fi/icons/protocols/raydium,https://raydium.io
raydium-amm,Cg9r38UwzXW92Prmv22LwYs1Fm9thKTUTesyKYrvsfJJ,WSOL-SPK,2.79,2.79,0.0,52026,,d3b38733-bdd6-4185-9074-fc323e760153,0.0,0.0,0.0,https://icons.llamao.fi/icons/protocols/raydium,https://raydium.io
raydium-amm,BS9uyGV6XmNnPkM4f3xgxCdQEaFv7RSKs6fwrpvYHxfL,WSOL-SPYX,22.28,22.28,0.0,51850,,c8947f06-3856-4c9c-88de-1fd1b9f4db0b,-3.57,-70.86,-22.11,https://icons.llamao.fi/icons/protocols/raydium,https://raydium.io
orca-dex,4Ui9QdDNuUaAGqCPcDSp191QrixLzQiLxJ1Gnqvz3szP,JUP-USDC,4.31207,4.31207,0.0,51828,,dc885455-2ca1-4103-8a09-9491169610fd,-2.71407,0.87761,-19.78913,https://icons.llamao.fi/icons/protocols/orca-dex,https://www.orca.so
raydium-amm,9dkWXEmCvQGLazzbWZiSDExoPKiw7HkwPSM5bJW8qymL,WSOL-TRUST,1.67,1.67,0.0,51803,,66e26fa7-2d55-48c9-8e22-1b6b0934d1c5,0.07,0.0,0.0,https://icons.llamao.fi/icons/protocols/raydium,https://raydium.io
raydium-amm,BsXYtDKCYkhUCxoDT2yKYx8Pp2H3PRX3ghjExGGDfKzh,WSOL-HOLY,2.12,2.12,0.0,51788,,cbb663b5-bdd0-45e7-a9d2-cff6abe5518f,0.0,0.0,-20.18,https://icons.llamao.fi/icons/protocols/raydium,https://raydium.io
gmtrade,59uFARJWg7B8wcEuXzvkafiT4DuKemdNCN5bshDbwun9,TRX-USDC,10.53949,10.53949,0.0,51750,,1e2a3e56-4092-4a7b-9709-b09e9503345f,-8.41472,-37.074,-3.83326,https://icons.llamao.fi/icons/protocols/gmtrade,https://gmtrade.xyz
raydium-amm,FBePpA9ZuAxQm6HqGi8ZvG7cj8utoRRmgSmpj5xnENN5,WSOL-SOLX,0.89,0.89,0.0,51738,,f0a64a7f-0a14-47d1-9e26-abe840870916,0.0,0.09,0.0,https://icons.llamao.fi/icons/protocols/raydium,https://raydium.io
orca-dex,2qhZqqx8gF2rQ2uTmVV7ncEYiHnJtN8s2KUotypz7Nc9,TESOURO-BRZ,0.0,0.0,0.0,51646,,4605440d-7ba0-42be-8c47-56fbe4f849fe,0.0,0.0,0.0,https://icons.llamao.fi/icons/protocols/orca-dex,https://www.orca.so
raydium-amm,3LWfFDEgquyicDsPeA7TJFaJkpoFUFnt5rd5YxGmUmCP,WSOL-UPONLY,1.1,1.1,0.0,51598,,fc11e8ae-6dbb-4b79-8c18-4a05ee0d1de5,0.0,-0.31,0.0,https://icons.llamao.fi/icons/protocols/raydium,https://raydium.io
orca-dex,CZqbzVsVQQtBy1X15gHxipWFnC3Hkar62LJ49XuSK7ec,AUDIO-USDC,0.7281,0.7281,0.0,51576,,442c9d1e-7337-43b5-8f56-ac39e1890eb6,0.52895,0.44383,-0.32721,https://icons.llamao.fi/icons/protocols/orca-dex,https://www.orca.so
raydium-amm,F738UFUJZwaJvRoNJKotySDm83sL4UZ81Jxrd7YPRcX6,WSOL-HIBER,0.84,0.84,0.0,51547,,f8ff75e7-512a-461b-a552-d707c83edd06,0.0,0.0,0.0,https://icons.llamao.fi/icons/protocols/raydium,https://raydium.io
save,GYPjtZ2PaMZV7R4funNGagpKdnGs9PZhJ6TXar3oyvnt,INF,0.48,0.48,0.0,51546,,c360091d-3166-4359-afb6-aa7683843218,0.0,-0.01,-0.03,https://icons.llamao.fi/icons/protocols/save,https://www.save.finance/
project-0,4YPGUhxmAXgoGDRkg68zGnbGrV2xCgaoqQSfcZCjFhon,CASH,3.68449,3.68449,0.0,51205,,cfdd49aa-aa15-5ba4-a7bd-80b7d4911081,0.00183,0.16415,0.0,https://icons.llamao.fi/icons/protocols/project-0,https://app.0.xyz
raydium-amm,A6ttoC2yKc15de9k7twwhGbSfKckaQu3ft6cKxfJs3zL,WSOL-EAI,3.2,3.2,0.0,51074,,b5541839-b482-4cca-9e2c-2450e639aa8a,2.19,-0.15,1.32,https://icons.llamao.fi/icons/protocols/raydium,https://raydium.io
orca-dex,5azLWnTEGdETPwjiXb55x6MUuqpK9QQAazNqihCxtcgq,HYPE-USDC,6.7193,6.7193,0.0,51025,,e6ddb4fe-a36e-4eca-a559-9cadb413e5e0,-26.43498,1.04738,-74.90043,https://icons.llamao.fi/icons/protocols/orca-dex,https://www.orca.so
orca-dex,8X5tAh7EcafARDGhmLHxkiG5CousuB1yLtYsbuM9tD1T,SOL-SSOL,0.09697,0.09697,0.0,50955,,3cb249b9-30cb-4232-b0f1-1b527244fd24,-0.01368,-0.12616,-0.40089,https://icons.llamao.fi/icons/protocols/orca-dex,https://www.orca.so
kamino-liquidity,E5A71YnEizRMxuYWf9JQN3Cf5yrcPB5Y6QdC23Sc4icr,JLP-USDC,17.53762,17.53762,0.0,50860,,a7eab2e5-91ce-4a5f-ba6e-d478ee5d391b,11.08681,17.53762,-21.22723,https://icons.llamao.fi/icons/protocols/kamino-liquidity,https://kamino.com/liquidity
raydium-amm,8LFGKcz22D2mWg4LNcRC3jT8vZgr6oEaEBz69deXahDF,WSOL-VOID,1.09,1.09,0.0,50815,,794c10fc-08b6-47a2-a310-aba5ada7a53e,0.0,0.01,-0.17,https://icons.llamao.fi/icons/protocols/raydium,https://raydium.io
raydium-amm,2yLFomCTck19BqK7EzJqsUWXPWP3uWGNBSrfKvJzNzp2,WSOL-CHIRP,1.1,1.1,0.0,50679,,25bb8fc2-d7f3-4688-a835-8a3e3f75f3da,0.01,-0.18,0.0,https://icons.llamao.fi/icons/protocols/raydium,https://raydium.io
save,5KgLA2161PJqLcEty8V1ikE6Y8h8KFGuvJHUQcVZJ7EF,JLP,0.0,0.0,0.0,50646,,7d644b08-05f6-4f06-b3a6-5bb4c6a3729a,0.0,0.0,0.0,https://icons.llamao.fi/icons/protocols/save,https://www.save.finance/
raydium-amm,2bnZ1edbvK3CK3LTNZ5jH9anvXYCmzPR4W2HQ6Ngsv5K,ATLAS-USDC,4.7,4.7,0.0,50500,,406deff6-e35e-4cfc-9b5e-e12c31b912c5,-1.95,1.65,-6.26,https://icons.llamao.fi/icons/protocols/raydium,https://raydium.io
raydium-amm,4kD7dX3MHfxArLtiDnzapfEh85Eu4ej2zVd4zxt2mvE1,TRC20-USDT-USDC,3.04,3.04,0.0,50442,,6a04dedc-81ab-5611-af58-34a61f23021b,0.0,0.0,0.0,https://icons.llamao.fi/icons/protocols/raydium,https://raydium.io
raydium-amm,CRSwXnfF21yHDXdYBVWwCwQ5Ni2A4QuK3qGYis5k7x7k,WSOL-DMAGA,1.0,1.0,0.0,50396,,9dbf5f3d-217f-4607-be2c-5252882d5d40,0.0,-0.27,0.0,https://icons.llamao.fi/icons/protocols/raydium,https://raydium.io
raydium-amm,AcgKhLgAew779Z9qCak5NAeVULaambzmJdZVuBUpnYDQ,DITH-USDC,11.23,11.23,0.0,50355,,4af0ded2-899f-4017-b725-1afb709b7574,-2.81,0.0,7.92,https://icons.llamao.fi/icons/protocols/raydium,https://raydium.io
raydium-amm,iJuiniVZc7rHYKcvEy9Dz5arHjjmrbfYLdY4etGfQXr,WSOL-AGIXT,1.63,1.63,0.0,50138,,9651e8a4-228c-4a29-a7a4-ad050236f7c9,0.0,-0.59,0.0,https://icons.llamao.fi/icons/protocols/raydium,https://raydium.io
raydium-amm,GaYpMeKpVpJWVT4YU3CbfbTqeBbfh8RmSkskbzvDRbv9,USDC-XMR,15.93,15.93,0.0,50132,,4ca711d3-fae5-57e9-9347-39034be24df7,0.0,0.0,0.0,https://icons.llamao.fi/icons/protocols/raydium,https://raydium.io
kamino-liquidity,5ZY5beRceadUCqgHskc59EaS7mgDJk51ak3yw5Kaxfvf,SOL-JTO,0.0,0.0,0.0,50098,,865256ef-0cf0-443a-ac46-1e799f62877b,0.0,0.0,-11.6572,https://icons.llamao.fi/icons/protocols/kamino-liquidity,https://kamino.com/liquidity
raydium-amm,JYFfdTek21gt2cKWfKGb6pYQSZ1C8wUERy3ULw82UqS,XMR-USDC,3.66,3.66,0.0,50087,,b6f4eb4b-d31e-59ad-aed8-14a6d011f46e,0.0,0.0,0.0,https://icons.llamao.fi/icons/protocols/raydium,https://raydium.io
raydium-amm,4E9SVX6gEWTEC7cwgjcfuSMmFUN74PCctNN3vv3vRm3L,XMR-USDC,25.6,25.6,0.0,50073,,a128b63d-8dad-51fe-8895-4224c519b42d,0.0,0.0,0.0,https://icons.llamao.fi/icons/protocols/raydium,https://raydium.io
raydium-amm,4DknsFoBpFNPNFnLYgysNGXpjTdDkFMptzpW66sJKsTj,XMR-USDC,19.43,19.43,0.0,50066,,7d4c22d8-9b23-52f3-b0da-ee6fb8633c1b,0.0,0.0,0.0,https://icons.llamao.fi/icons/protocols/raydium,https://raydium.io
raydium-amm,A4vxmYHz4HpF2dmrywyJzFsh4zYhEVZjgUAFnqJkEwnx,USDC-XMR,19.88,19.88,0.0,50064,,cb53fcd4-3272-5697-9e56-06c9c7930835,0.0,0.0,0.0,https://icons.llamao.fi/icons/protocols/raydium,https://raydium.io
raydium-amm,HnhpJPJgBG2KwniMTNW8cVBHvk1hFog3RC3kjnyc23tD,CARDS-USDC,29.13,29.13,0.0,50055,,e7e705f0-d69a-4da5-942e-99cc0286da5c,0.13,8.24,-56.61,https://icons.llamao.fi/icons/protocols/raydium,https://raydium.io
raydium-amm,FKDPYdrnsh2girzRdC2HxmDvVgh6N1yMTMXGrXdQG3Y7,TRC20-USDT-USDC,21.91,21.91,0.0,50048,,0e987883-2253-56b2-b25f-cf90b67ac187,0.0,0.0,0.0,https://icons.llamao.fi/icons/protocols/raydium,https://raydium.io
raydium-amm,Brf1zBD9rXUJrvksfAv9BGn1Gm2o1ooCKHnJL8YAfqv9,XMR-USDC,3.66,3.66,0.0,50045,,8bdeb257-fc5b-58bf-ae7e-c8f3f52dd9c0,0.0,0.0,0.0,https://icons.llamao.fi/icons/protocols/raydium,https://raydium.io
kamino-liquidity,GX3rxBeAUuhg76eoFgAEEmQkX4pf87rv1AUhafmMhfsQ,SOL-USDT,0.0,0.0,0.0,50043,,afed73ea-c61f-44a4-931b-c36168772425,0.0,0.0,0.0,https://icons.llamao.fi/icons/protocols/kamino-liquidity,https://kamino.com/liquidity
raydium-amm,E2HK56R8eYwgftgJzUY688DYyPAMif1TVz9Cs1AsXciN,TRC20-USDT-USDC,12.39,12.39,0.0,50024,,7a8dcdba-4fc4-5cd5-9cca-7fc621d05587,8.73,0.0,0.0,https://icons.llamao.fi/icons/protocols/raydium,https://raydium.io
raydium-amm,GH9B4M1uabooGaZo824v3zYuy9T4nhmeLeeqj9eWKKSh,TRC20-USDT-USDC,5.19,5.19,0.0,50008,,0b9628f2-1113-5117-a924-d7e284977840,0.0,0.0,0.0,https://icons.llamao.fi/icons/protocols/raydium,https://raydium.io
orca-dex,,KITTENS-USDC,2.26017,2.26017,0.0,49969,,a572211a-cc68-58df-b44d-cf6504899ed4,0.0,0.0,0.0,https://icons.llamao.fi/icons/protocols/orca-dex,https://www.orca.so
raydium-amm,FHmjZ9z3iZDqcW9E8qRuLZvJwWb2hBhcfb7JQnekV9Bz,KOKOK-WSOL,1.0,1.0,0.0,49864,,cfdfb163-44e4-4755-96da-f830a66e423f,0.0,0.0,0.0,https://icons.llamao.fi/icons/protocols/raydium,https://raydium.io
raydium-amm,DWyRyrApqEro1GPFtJFcC8xn4sQf4xuuxh5svPuAByf2,WSOL-MUNDI,1.01,1.01,0.0,49792,,34d2ef92-9159-4e8f-926c-2396380f5102,-0.2,-0.18,-12.36,https://icons.llamao.fi/icons/protocols/raydium,https://raydium.io
raydium-amm,Fh15p9Masx8Mck4ABXyF7BfhBBHkjPLhXLqjvm8hW2oA,WSOL-ICM,1.79,1.79,0.0,49592,,c622bcf8-d7e1-4fd2-8110-e9293741a640,0.4,0.0,0.0,https://icons.llamao.fi/icons/protocols/raydium,https://raydium.io
raydium-amm,88XGa38CzeTzWHpHYs98SZHiiQG2sj5S6aLUbRFDy8DJ,WSOL-NAKMAK,1.45,1.45,0.0,49522,,7ac2f108-8d79-436c-8382-06854d197928,0.1,0.0,0.0,https://icons.llamao.fi/icons/protocols/raydium,https://raydium.io
raydium-amm,GaqgfieVmnmY4ZsZHHA6L5RSVzCGL3sKx4UgHBaYNy8m,RAY-SRM,1.22,1.22,0.0,49491,,e9ba99bb-2911-4df6-a459-20106fd97a3b,-0.69,0.12,-16.31,https://icons.llamao.fi/icons/protocols/raydium,https://raydium.io
raydium-amm,4YcwqxR7eoH29rF2G7U9YmtzCt1n7tyHcywg3Emif85s,PEPE-USDC,1.15,1.15,0.0,49361,,fa0f8440-4434-47ea-89ce-3cc5dd729aec,0.0,0.0,0.0,https://icons.llamao.fi/icons/protocols/raydium,https://raydium.io
orca-dex,GSfYzAnwWyTLtaFqsTfjm35Da9hjBedHJubpuvbCSyg5,CYBERCAT-USDC,0.0,0.0,0.0,49334,,8f2c7d90-82d0-5ddb-8296-e3574dfc5b85,0.0,0.0,0.0,https://icons.llamao.fi/icons/protocols/orca-dex,https://www.orca.so
raydium-amm,6bWTDfEgSQa8xNKEnU9hXD2RWnVYccFMYGu2R4kuriXP,USDT-OUYI,0.03,0.03,0.0,49294,,86f253be-f8cc-5f50-ae5f-b2dffa94471c,0.0,0.0,0.0,https://icons.llamao.fi/icons/protocols/raydium,https://raydium.io
orca-dex,,MARSCOIN-USDC,0.07815,0.07815,0.0,49280,,4c9551fe-2a5a-5dde-961d-7187f1caa283,0.0,0.0,0.0,https://icons.llamao.fi/icons/protocols/orca-dex,https://www.orca.so
raydium-amm,3bJtn2up6q28UVbse2fVWqu6H2QfSEJuQHYU1xMhStQv,WSOL-FAT,1.26,1.26,0.0,49034,,ca268346-f7bf-4ac8-9ddd-d4e624e7bf6c,0.0,0.5,-4.13,https://icons.llamao.fi/icons/protocols/raydium,https://raydium.io
raydium-amm,GStSNPJp4Wz2QbyG6hEuAUn47EiA7r6PtX4pmGj4vtgM,WSOL-GRINCH,2.14,2.14,0.0,48986,,5c3eb65e-fea5-4ee0-9ef2-afb2ffef78a3,0.0,0.0,0.0,https://icons.llamao.fi/icons/protocols/raydium,https://raydium.io
orca-dex,SeYZyAtXg82UDxXYEHysCRFyGMnzKZE9jvJ9uJq43sj,HSUSD-USDC,0.07519,0.07519,0.0,48960,,d99f9fd7-2560-48c4-918d-619fcea23923,0.07228,0.06922,0.05879,https://icons.llamao.fi/icons/protocols/orca-dex,https://www.orca.so
raydium-amm,9qkMnNBuvu77CdqFZ9tTmNFniJcDdzzqfDpHu8AmWKXN,WSOL-GM,1.18,1.18,0.0,48809,,7253cf09-7ab1-4563-aa44-47ad35d172ea,0.0,0.0,0.0,https://icons.llamao.fi/icons/protocols/raydium,https://raydium.io
orca-dex,G1jjuRAjDKvMJDo7Na1oNuh8d2WRRbw4ne2oMEn3Xinj,PLONK-SOL,0.0,0.0,0.0,48728,,115c5a17-d208-4bd2-9702-2e59b6854e02,0.0,0.0,0.0,https://icons.llamao.fi/icons/protocols/orca-dex,https://www.orca.so
raydium-amm,GmQTt7Q7DLKjWJMxbA4CrDbGGFVMRMmech7uaJdeTpYV,WSOL-SBR,0.94,0.94,0.0,48580,,96fe40f5-34f6-4794-9f38-38a4998c0806,-0.2,-0.1,0.0,https://icons.llamao.fi/icons/protocols/raydium,https://raydium.io
raydium-amm,HH5QkaL9MWWs1T2odjZakAct4buM4xJNqK1jJPPmpGnP,WSOL-DOGSHIT2,0.96,0.96,0.0,48416,,3dfa3893-8625-438e-b9ff-3ab327cd31b3,0.0,0.0,0.0,https://icons.llamao.fi/icons/protocols/raydium,https://raydium.io
orca-dex,,USDC-BTK,0.0,0.0,0.0,48401,,d4048d1b-85c4-5db1-9c86-8f6667b236b9,0.0,0.0,0.0,https://icons.llamao.fi/icons/protocols/orca-dex,https://www.orca.so
orca-dex,,COONCOIN-USDC,0.0,0.0,0.0,48396,,79074837-9229-511f-977d-130e86b3170a,0.0,0.0,0.0,https://icons.llamao.fi/icons/protocols/orca-dex,https://www.orca.so
raydium-amm,4oFm8iFVLEz4L9QSkWL7sj2jTr88f63RwDXsWXaoTgaU,WSOL-BWT,0.98,0.98,0.0,48332,,174eb27c-e40f-498c-8f42-f57238d3f7ec,0.0,-3.97,0.0,https://icons.llamao.fi/icons/protocols/raydium,https://raydium.io
raydium-amm,D7WHVcUFnsMgkeegQ495qfiW8tm63PteK9urB3UTeadM,WSOL-ASV,4.62,4.62,0.0,48313,,c5a6fdd7-5d3c-476e-8893-adb59e96d318,2.68,-6.07,0.32,https://icons.llamao.fi/icons/protocols/raydium,https://raydium.io
raydium-amm,JC9HSjtyJLTxqQRYHZt642LBnCfPBofZBaBRHgwV4nR,KAMA-WSOL,1.49,1.49,0.0,48229,,47c61fd2-2e16-4f7d-9da7-861f3942d411,-0.05,-3.24,0.0,https://icons.llamao.fi/icons/protocols/raydium,https://raydium.io
raydium-amm,DtTkLBvYUaYBZ7PC4vCwWfu56Zkgbf7ycEXxLhAP7Xx8,WSOL-SOY,9.62,9.62,0.0,48121,,852eca47-b64c-4772-b86f-40735c280a86,0.0,0.0,5.81,https://icons.llamao.fi/icons/protocols/raydium,https://raydium.io
omnipair,,OMFG-STORE,3.31872,3.31872,0.0,48101,,9e4cbf77-c7ed-4f36-8a11-616998f8511a,1.02464,-0.53684,-2.23294,https://icons.llamao.fi/icons/protocols/omnipair,https://www.omnipair.fi/
raydium-amm,CkDV9Eko3KijeRpadFyJTSi4fiBbCT9d3Vdp9JhsUioM,WSOL-SPINE,2.36,2.36,0.0,48075,,8d7beac6-2d43-45a5-9774-87b5bca04fe1,-0.65,1.72,-1.97,https://icons.llamao.fi/icons/protocols/raydium,https://raydium.io
raydium-amm,2zV8nQyB6PPzgUnkVHAiZnLdn4GbVUWR7xXQZ9bL5npq,WSOL-CHATTY,1.04,1.04,0.0,48020,,386e9efe-6b09-49f1-b729-aba8d8ab5235,-0.4,0.0,0.0,https://icons.llamao.fi/icons/protocols/raydium,https://raydium.io
raydium-amm,64RkqaDYN2YjuWzUGSgiKWHYK5KhCgKbJTtDZFNkMZA,WSOL-MIMANY,2.59,2.59,0.0,47832,,c0602644-c308-4937-a297-e814f73d1c6b,0.0,0.0,-3.01,https://icons.llamao.fi/icons/protocols/raydium,https://raydium.io
orca-dex,,USDC-OS,0.0,0.0,0.0,47786,,ae22a8ef-b4e6-5915-a084-f79969e69947,0.0,0.0,0.0,https://icons.llamao.fi/icons/protocols/orca-dex,https://www.orca.so
raydium-amm,C5UBqyEWGKNpt8mDvMYv1w9drPiBh4y18RvYFWrV5Hbp,WSOL-QBIO,1.9,1.9,0.0,47495,,ccb4bc2e-d81b-4280-98a6-18219b5beffc,-0.62,1.22,-1.51,https://icons.llamao.fi/icons/protocols/raydium,https://raydium.io
orca-dex,,JPY-USDC,2.36989,2.36989,0.0,47481,,5e5c6627-b6bd-57eb-9b0c-6d23c60d2c3d,0.02902,0.0,0.0,https://icons.llamao.fi/icons/protocols/orca-dex,https://www.orca.so
raydium-amm,7Fz2sWKcWZXFHZLsWU8CEgTe9bUj6yVAmkU9Q6NsYgFB,WSOL-KOLIN,1.26,1.26,0.0,47433,,50afd3ac-c00b-4f10-9def-dfb627e9dc61,0.0,0.0,0.0,https://icons.llamao.fi/icons/protocols/raydium,https://raydium.io
raydium-amm,DsktL4KrnnsupVfjb1uW4aoudgN8ooz4DtepPSAbmdN3,WSOL-GROKCOIN,1.19,1.19,0.0,47318,,6b88ee87-9038-486b-bd18-3b6789b92248,0.0,0.0,0.0,https://icons.llamao.fi/icons/protocols/raydium,https://raydium.io
raydium-amm,EBi2v5DMsZ5xGrjA6147KZseT9FEAJxrf5UE5PX3koUD,WSOL-MUSKIT,1.87,1.87,0.0,47239,,fa2c0049-4959-4cd9-98fe-0591c3a309c7,0.0,0.0,0.0,https://icons.llamao.fi/icons/protocols/raydium,https://raydium.io
raydium-amm,5tho4By9RsqTF1rbm9Akiepik3kZBT7ffUzGg8bL1mD,POLIS-RAY,2.54,2.54,0.0,47212,,c2a7faa7-b923-4565-ae56-a45354212291,-6.96,-3.96,-6.53,https://icons.llamao.fi/icons/protocols/raydium,https://raydium.io
raydium-amm,5Gne7gZ47RUpgDqamFTQVrwT6723b1a49BF98jZSRSv7,WSOL-AAA,1.0,1.0,0.0,47204,,2f07e365-fd8e-489f-b4c2-af9df3050d69,0.0,-6.94,0.0,https://icons.llamao.fi/icons/protocols/raydium,https://raydium.io
raydium-amm,67ZsVEcuHt9VkWWWGYLhMdx1VMs1H9xHnhnuK8UqdNZF,WSOL-SHITCOIN,1.77,1.77,0.0,47156,,9d01b552-1770-4f73-b889-d336becf7e1a,-1.01,0.0,-6.22,https://icons.llamao.fi/icons/protocols/raydium,https://raydium.io
raydium-amm,DomLceb5ARci8GJ2NxahnAEvZEFFWYrwSiAHvzZtvz6x,TITS-WSOL,1.25,1.25,0.0,47131,,f3a92c8b-6c49-4b31-b3e7-fb6561737893,0.0,-0.84,0.0,https://icons.llamao.fi/icons/protocols/raydium,https://raydium.io
raydium-amm,3hA61x61bks9Y81wnX54KwBPTbRuHGLBQPX6Z8A7Fh71,MOO-WSOL,12.18,12.18,0.0,47129,,d221a76e-1fb8-488d-b694-6789331cb995,-0.07,4.82,-7.65,https://icons.llamao.fi/icons/protocols/raydium,https://raydium.io
raydium-amm,5SX4wx7QQmRHHfXgeg76q6Txtj3EBEQKzHXuWezuDLqK,SEIGE-POPCAT,36.38,36.38,0.0,47023,,21774a43-2f7a-59b5-9dec-d0f272d69df7,-12.26,0.0,0.0,https://icons.llamao.fi/icons/protocols/raydium,https://raydium.io
raydium-amm,6CQSpRdGtNWEbLhKpx7DAw7FDAm3g7wvjtsvaTKWBwxo,WSOL-IDX,52.12,52.12,0.0,47023,,11a6e4f6-ef5b-4f06-9c69-8175214837bc,12.94,50.48,47.73,https://icons.llamao.fi/icons/protocols/raydium,https://raydium.io
raydium-amm,HrYPN3eAQA26JSBF9DUFwztTR35Cef7dAg93BA8ikn3M,WSOL-OPUS,1.29,1.29,0.0,47022,,1141e2f0-dc9e-4c19-8a64-53f753cc4a1e,-0.27,0.0,0.0,https://icons.llamao.fi/icons/protocols/raydium,https://raydium.io
raydium-amm,5JbknNv534djG9TeCUMpLevedino2c1WrYB9pqGkyqLe,WSOL-MUSTARD,0.97,0.97,0.0,46997,,5778c024-9fef-428b-81f8-5a79e29d707e,-0.5,0.0,0.0,https://icons.llamao.fi/icons/protocols/raydium,https://raydium.io
raydium-amm,CECkc8o2m2i3ykH6PLbkD7fsWsMCaVbLBtqyKpnvoQgL,SEIGE-GIGA,25.9,25.9,0.0,46990,,a954a970-0131-5fd3-a229-bb1063103eee,-8.72,0.0,0.0,https://icons.llamao.fi/icons/protocols/raydium,https://raydium.io
raydium-amm,HnhpJPJgBG2KwniMTNW8cVBHvk1hFog3RC3kjnyc23tD,CARDS-USDC,4.59,4.59,0.0,46966,,8592cef9-efea-492b-8b9a-e46d640d871e,-15.76,0.0,-149.15,https://icons.llamao.fi/icons/protocols/raydium,https://raydium.io
kamino-liquidity,HS4VSMsJDuJTmKfZkXsM9JNwp4pK1LVTc7GLmiu5jNBT,JUP-BONK,7.66655,7.66655,0.0,46932,,3a00c58b-bb16-46d3-a2de-1559c014f4c1,-8.22191,-7.01205,-29.51011,https://icons.llamao.fi/icons/protocols/kamino-liquidity,https://kamino.com/liquidity
orca-dex,2TAgfogn8JRwwTnsGKUa6WUT5Xdv1iMEzfEDMor68X9C,SOL-ZEC,31.42271,31.42271,0.0,46848,,e4eb5e57-6f82-4dac-9ce5-f7d9bcf013fd,0.11618,10.9424,-61.77466,https://icons.llamao.fi/icons/protocols/orca-dex,https://www.orca.so
orca-dex,,FERRET-USDC,0.08197,0.08197,0.0,46833,,fb91fb37-19de-519f-a84f-d967dd6b588b,0.0,0.0,0.0,https://icons.llamao.fi/icons/protocols/orca-dex,https://www.orca.so
orca-dex,,ALBATRQSS-USDC,0.08251,0.08251,0.0,46832,,018ec5c8-f415-5fc2-86ee-8d8d3df24b5b,0.0,0.0,0.0,https://icons.llamao.fi/icons/protocols/orca-dex,https://www.orca.so
orca-dex,CeaZcxBNLpJWtxzt58qQmfMBtJY8pQLvursXTJYGQpbN,SOL-CBBTC,32.59376,32.59376,0.0,46788,,a18c89dd-2977-5eae-94f8-204c6a8eaa48,0.90508,0.0,0.0,https://icons.llamao.fi/icons/protocols/orca-dex,https://www.orca.so
kamino-lend,B5uYvxUcwX5fCB4msGU4DaHh8k6fsSkKHNboy94F9vbt,HUBSOL,0.0,0.0,0.0,46686,,18958c66-ce44-4a60-a7c0-4c8a8fa3c51c,0.0,0.0,0.0,https://icons.llamao.fi/icons/protocols/kamino-lend,https://kamino.com/
raydium-amm,BhuMVCzwFVZMSuc1kBbdcAnXwFg9p4HJp7A9ddwYjsaF,MSOL-USDT,1.44,1.44,0.0,46640,,e37b896b-e9a9-4e12-90a4-3e412bb862f7,0.07,0.0,-3.35,https://icons.llamao.fi/icons/protocols/raydium,https://raydium.io
gmtrade,59uFARJWg7B8wcEuXzvkafiT4DuKemdNCN5bshDbwun9,MELANIA-USDC,0.77723,0.77723,0.0,46628,,42aef15f-eb39-496e-8be0-46c751abce34,0.0813,0.1833,-23.60015,https://icons.llamao.fi/icons/protocols/gmtrade,https://gmtrade.xyz
raydium-amm,Gk4uCFPHUMriPVGNaAFr6v2YB491ViZtdMpGNsJAWfTe,WSOL-SPIKE,0.68,0.68,0.0,46598,,e4a84c8c-041f-4c4f-961b-06baeeebf3d1,0.0,-0.19,-49.89,https://icons.llamao.fi/icons/protocols/raydium,https://raydium.io
orca-dex,J5jzvT22u1Mt6de4gkBhEsTSTjBfYS7A6aF5jzu9ihkC,FARTCOIN-USDC,54.1348,54.1348,0.0,46534,,07e5704f-19cd-44df-a776-1aeba2b1ae4f,20.04416,13.29583,-1148.6819,https://icons.llamao.fi/icons/protocols/orca-dex,https://www.orca.so
raydium-amm,EPjmSZkD9kqqWvL4ghS4LzvQzGk71o5iK5advaK2Aegt,SPDR-WSOL,1.41,1.41,0.0,46465,,8e146cda-f789-4f34-9129-531c09dec990,0.0,0.0,0.0,https://icons.llamao.fi/icons/protocols/raydium,https://raydium.io
orca-dex,DUkxpGwqcs8XpYVsFozPxgsRkEfpwTFzKP85ahNV9TyK,SOL-VCHF,0.0,0.0,0.0,46444,,151f7d8b-8eff-49f5-9acb-a572213dfebe,0.0,0.0,0.0,https://icons.llamao.fi/icons/protocols/orca-dex,https://www.orca.so
raydium-amm,9ZAwYLDrP2goDowrEzgM2RHtv9754N6aRUNzG4xda42C,WSOL-NOHAT,1.12,1.12,0.0,46307,,201a05a6-6395-445d-b3e1-8165adaf9d02,0.0,-1.93,0.0,https://icons.llamao.fi/icons/protocols/raydium,https://raydium.io
raydium-amm,9Bf5EVp1PhXk79twdLVipAhMrUKGXWZ1j24AbKmfA4Td,WSOL-SPEED,0.92,0.92,0.0,46233,,8cf77dcd-7420-5e94-9c57-631e00a95f18,0.0,0.0,0.0,https://icons.llamao.fi/icons/protocols/raydium,https://raydium.io
gmtrade,59uFARJWg7B8wcEuXzvkafiT4DuKemdNCN5bshDbwun9,TRUMP-USDC,102.9123,102.9123,0.0,46202,,77e80a85-874c-4fb0-8903-61052a65feba,4.97378,56.54858,75.09609,https://icons.llamao.fi/icons/protocols/gmtrade,https://gmtrade.xyz
raydium-amm,BeinD4uP3od9CJ4ydPXFhJKYdGRzK2TiK5MCS4b5Rx9p,WSOL-MOSS,0.68,0.68,0.0,46188,,1c91df5f-6ab9-49de-a482-19a010bd75fb,0.0,0.0,0.0,https://icons.llamao.fi/icons/protocols/raydium,https://raydium.io
kamino-lend,FMbsZf4HuQ1a8a7VdmALT3S8WRfu3EocphRKPXxRsfGd,CDCSOL,0.0,0.0,0.0,46117,,2a7e3d6c-26c0-4d71-b904-97a30bb723f2,0.0,0.0,0.0,https://icons.llamao.fi/icons/protocols/kamino-lend,https://kamino.com/
kamino-liquidity,8DRToyNBUTR4MxqkKAP49s9z1JhotQWy3rMQKEw1HHdu,JTO-JITOSOL,15.11107,15.11107,0.0,46071,,e603d205-1efb-4e45-bdc5-9669b056934b,0.15528,8.54961,-16.63205,https://icons.llamao.fi/icons/protocols/kamino-liquidity,https://kamino.com/liquidity
jupiter-lend,uV8jxLFC4kMLEDcMhzbq4wBag2LcFpk1cTEEjUaxPzT,SYRUPUSDC,0.0,0.0,0.0,46042,,63d5aee8-b211-41f7-b2df-d0fbb745daa2,0.0,0.0,0.0,https://icons.llamao.fi/icons/protocols/jupiter-lend,https://jup.ag/?ref=f6y1ryr2snn3
raydium-amm,8pN9qCiZg3KPg79R5cL4AF9xXVTWoJPxaVWf5ormvCwa,WSOL-REVS,1.3,1.3,0.0,46030,,ef1ecd34-7045-4147-90e9-7c0b6bfa23e6,0.0,0.0,0.0,https://icons.llamao.fi/icons/protocols/raydium,https://raydium.io
raydium-amm,7mLMtmVrGG9o7m9qDEEZeq4axUUrtrsRtBPCWMNLW1Y1,WSOL-TRADEBOT,1.36,1.36,0.0,45808,,7369a69c-cfbd-4f49-8cc8-2a13881d6ae9,0.0,0.0,0.0,https://icons.llamao.fi/icons/protocols/raydium,https://raydium.io
raydium-amm,998w5Lbjg9FhvzeMuoth9B1PbjbKJ7mPgt7wyWR7i8GW,WSOL-PXK,1.07,1.07,0.0,45678,,1a43d81f-73ea-4d66-bd98-9f203da05b35,0.0,-13.32,0.0,https://icons.llamao.fi/icons/protocols/raydium,https://raydium.io
orca-dex,6jkggsbjDiEhnMF2Gp2cWKoL4N7zsSbSRCtTSDtzdwzZ,SOL-SAC,11.38981,11.38981,0.0,45539,,4709a739-840f-451c-b67c-d51e74828cee,-61.11837,11.38981,6.55801,https://icons.llamao.fi/icons/protocols/orca-dex,https://www.orca.so
raydium-amm,G4EBEAJvfNdmubERWqAHkQh94jKtnEDfs6ZudScSXA5,WSOL-WORM,1.08,1.08,0.0,45475,,d435ecd0-fae2-4992-978a-69144b97cd86,0.0,0.39,-1.06,https://icons.llamao.fi/icons/protocols/raydium,https://raydium.io
raydium-amm,6oEQVz2F5YunU9PpdQEiKSyvoNDVVq8h7UC2TrpYzQAb,WSOL-KNOT,1.94,1.94,0.0,45457,,e125bef3-d038-4876-bd3a-35f2debb1aeb,0.0,-4.5,0.0,https://icons.llamao.fi/icons/protocols/raydium,https://raydium.io
raydium-amm,AUPVtmxNccSq5LYSrLRXEjCfAtpfGvDyJfdZCwKyia3G,GINNAN-WSOL,0.98,0.98,0.0,45443,,dd77dc5e-0091-4f5e-b164-97937af5986f,0.0,0.0,0.0,https://icons.llamao.fi/icons/protocols/raydium,https://raydium.io
orca-dex,,CALLCAT-USDC,2.46487,2.46487,0.0,45396,,11c94a06-063e-5e4e-8c82-3dc2e2ead84c,0.0,0.0,0.0,https://icons.llamao.fi/icons/protocols/orca-dex,https://www.orca.so
orca-dex,,USDT-CATE,0.00799,0.00799,0.0,45393,,2f69a954-fe97-59b4-a63c-9263a9c798e3,0.0,0.0,0.0,https://icons.llamao.fi/icons/protocols/orca-dex,https://www.orca.so
raydium-amm,28Sy2Edvvc5TKEXXSsgBHcPQFM9AMz6c2XuUQ8V3TuEF,WSOL-ZODS,1.06,1.06,0.0,45279,,20e46f45-4c9e-4098-a9ec-1967b5a5c457,0.0,-0.1,0.0,https://icons.llamao.fi/icons/protocols/raydium,https://raydium.io
orca-dex,,USDC-BERNHARD,0.00026,0.00026,0.0,45236,,e856825b-5cd5-5b6c-88e3-b2b04316bcf3,0.0,0.0,0.0,https://icons.llamao.fi/icons/protocols/orca-dex,https://www.orca.so
raydium-amm,BDuGgVL2yLc41BHXMZevH3zJjZ69sVCX6Lhwfy4B71Mo,WSOL-VIBE,1.08,1.08,0.0,45204,,ba72e1d8-52e7-49b4-8543-8e1f8433e9b3,-0.93,-0.76,-40.65,https://icons.llamao.fi/icons/protocols/raydium,https://raydium.io
orca-dex,,USDT-CATE,0.37387,0.37387,0.0,45199,,40563f05-12aa-515d-8676-5e5fe6fec452,0.0,0.0,0.0,https://icons.llamao.fi/icons/protocols/orca-dex,https://www.orca.so
loopscale,TuD5gZJUV5WLZCYnD6oDh6Nmq1NdjWcv7HycwJeSjCU,XSOL,6.70148,6.70148,0.0,45199,,035a1b2c-17b5-4563-bf22-ca4018a55052,0.46511,-0.19613,3.26546,https://icons.llamao.fi/icons/protocols/loopscale,https://loop.sl
orca-dex,,CATE-USDT,0.37106,0.37106,0.0,45189,,36dfbef7-de63-5f7e-84d5-16ab1f99cef8,0.0,0.0,0.0,https://icons.llamao.fi/icons/protocols/orca-dex,https://www.orca.so
kamino-lend,9Ukd2MSw5RvVFaN8jLhWxjHLEGiF1F6Hf7v3Zq5hZsKB,JTO,0.00044,0.00044,0.0,45178,,180d2715-2cd4-41f6-bffc-6c16a6a28ee9,0.0,2e-05,0.0,https://icons.llamao.fi/icons/protocols/kamino-lend,https://kamino.com/
orca-dex,,USBD-USDT,0.0,0.0,0.0,45173,,cd202576-6466-54e9-b4a3-231966ce1cd4,0.0,0.0,0.0,https://icons.llamao.fi/icons/protocols/orca-dex,https://www.orca.so
orca-dex,8phK65jxmTPEN158xLgSr4oZvssw9SyTErpNZj3g7px4,SOL-BSOL,0.33571,0.03848,0.29723,45169,BLZEEuZUBVqFhj8adcCFPJvPVCiCyVmh3hkJMrU8KuJA,e571b6f4-6242-4e0c-a4ef-ab7525de9a1f,0.18727,-0.19821,-0.32011,https://icons.llamao.fi/icons/protocols/orca-dex,https://www.orca.so
orca-dex,FgH1dEvyRQoAqJjbUzzKVoM1HYdxTqPwjEF82kDH1kVe,SOL-EURC,31.7395,31.7395,0.0,45168,,cd55f932-83ba-47be-a882-dbaa9f99cd84,29.23534,31.7395,-26.97674,https://icons.llamao.fi/icons/protocols/orca-dex,https://www.orca.so
orca-dex,,USAD-USDT,0.0,0.0,0.0,45166,,95426d46-e3ae-5f73-b3c3-276cbc671b84,0.0,0.0,0.0,https://icons.llamao.fi/icons/protocols/orca-dex,https://www.orca.so
orca-dex,,CATE-USDT,0.08074,0.08074,0.0,45158,,7f108c97-aa79-5640-9978-7c0969b4ef4d,0.0,0.0,0.0,https://icons.llamao.fi/icons/protocols/orca-dex,https://www.orca.so
kamino-lend,EjCyz7jjnVVASjX257ahmySHvcKVu5RtGiTQaz44QvWq,USDC,6.21463,6.21463,0.0,45143,,90cbffae-8113-4ebe-ac60-c71278849f77,-0.03153,-0.36497,6.20952,https://icons.llamao.fi/icons/protocols/kamino-lend,https://kamino.com/
raydium-amm,D4G17LqnmfCs73ZpaiiXBxHKDXXkp95Yx7BB83AgenVL,KVAI-USDC,19.36,19.36,0.0,45065,,9c0cfd87-e74c-4206-8ebf-6016bec4ac50,0.07,1.06,0.04,https://icons.llamao.fi/icons/protocols/raydium,https://raydium.io
raydium-amm,412Mr1t8g1xSzW4wBaCV8J8KDFrhff46aNqGMSoK1asL,WSOL-WALTER,2.48,2.48,0.0,44916,,6dbbdb18-c269-4fbb-bb86-53e427cd487b,0.0,0.0,0.0,https://icons.llamao.fi/icons/protocols/raydium,https://raydium.io
raydium-amm,2abNoqYqbH5uqgLnmHiQQYyvcth9pGUvuxGjAxKoGrbm,WSOL-LOL,0.89,0.89,0.0,44873,,053f1897-189b-4236-a735-0c3c54ab073f,0.0,0.0,-1.84,https://icons.llamao.fi/icons/protocols/raydium,https://raydium.io
raydium-amm,fcRgKaWFsKQUPBJ6JUU7o6v2HC9q3S7W6vSTnHktskU,SEIGE-CHUD,18.21,18.21,0.0,44695,,40e2f792-c8b1-48be-b5d6-351ccebb1d09,-7.6,0.0,0.0,https://icons.llamao.fi/icons/protocols/raydium,https://raydium.io
raydium-amm,3kApH42dyJRtk3DUDyfJJx3TGkPAK23ojMbJiBhrEQrX,WSOL-TULSA,3.3,3.3,0.0,44693,,8c8dfa12-bac7-4778-b43c-af652f0c3f0b,1.52,-8.12,0.0,https://icons.llamao.fi/icons/protocols/raydium,https://raydium.io
orca-dex,66QNahsKSRsrWxEbBvNPwAbCMEvP1ygkW6pn95bFz5fE,POPCAT-SJ,1.24943,1.24943,0.0,44473,,92892385-4ba9-44ca-86c3-2a1268fca0d3,-4.93323,-1.12653,0.0,https://icons.llamao.fi/icons/protocols/orca-dex,https://www.orca.so
raydium-amm,4Qgn7AixnZJBwfFL5XmRDBVyzzq9tC6JdDToaKVhPJvz,WSOL-MAX,0.95,0.95,0.0,44469,,060c43ab-f009-450f-a2b2-0c7d38b88b63,0.0,0.0,0.0,https://icons.llamao.fi/icons/protocols/raydium,https://raydium.io
save,CviGNzD2C9ZCMmjDt5DKCce5cLV4Emrcm3NFvwudBFKA,SLND,0.0,0.0,0.0,44418,,9e3d1f94-bc3a-4d30-a8b7-e979c2bd3e77,0.0,0.0,0.0,https://icons.llamao.fi/icons/protocols/save,https://www.save.finance/
raydium-amm,GYT9cqiwgG8hWqrs6Jg9z6QjnNh1mbDr9TR1We2YWy42,CGPT-USDC,5.29,5.29,0.0,44368,,84696d6a-5115-44ae-aef9-a37e63234224,2.45,2.91,0.2,https://icons.llamao.fi/icons/protocols/raydium,https://raydium.io
raydium-amm,2QtkjW4vLYFx7ffTDaXd7ZvZ8Dx8ewhAxs8jfQ4y9wt5,WSOL-GOKU,1.02,1.02,0.0,44347,,9123030a-4443-4631-ac5c-099ebee89a8e,0.0,0.0,-4.1,https://icons.llamao.fi/icons/protocols/raydium,https://raydium.io
raydium-amm,G7ekgXY38naqLzektMCdE6GaGLEo6bzHMbhEmhhuWTaC,ELGATO-WSOL,1.1,1.1,0.0,44320,,dcc78bd0-39fa-48ce-809e-8bb1269d73e0,0.0,-0.78,-8.36,https://icons.llamao.fi/icons/protocols/raydium,https://raydium.io
raydium-amm,f1WBF3FkbQfHKQFpeTp5ryiqQgwQ2XxZxGAJStE741g,WSOL-WMTX,11.84,11.84,0.0,44293,,1eeaee2a-c59c-48d8-b951-5dc297b9c055,-38.64,0.0,0.0,https://icons.llamao.fi/icons/protocols/raydium,https://raydium.io
orca-dex,,CATE-USDT,0.38836,0.38836,0.0,44281,,21b23e80-a306-5d1f-adf7-ac490a7a5b9a,0.0,0.0,0.0,https://icons.llamao.fi/icons/protocols/orca-dex,https://www.orca.so
orca-dex,,CATE-USDT,0.38771,0.38771,0.0,44279,,5e066612-da5f-5639-84d5-c023f10f274f,0.0,0.0,0.0,https://icons.llamao.fi/icons/protocols/orca-dex,https://www.orca.so
orca-dex,E8MUbDoVguUatmYMuQMEPqdx6fT1RjHkqfox4LyyoWbe,CBBTC-WHETH,7.4589,7.4589,0.0,44249,,c39965e0-d0c0-4980-8865-9058ef5c9c77,0.07742,5.85027,-9.65264,https://icons.llamao.fi/icons/protocols/orca-dex,https://www.orca.so
raydium-amm,4PWbdEBEg6LVAGzqe2cR7TnNQVLZ7zmowUVe2GtHcZFw,WBTC-TBTC,1.6,1.6,0.0,44172,,4fd5c216-b77c-4e71-a861-22a4b1a8a7bc,-0.52,0.0,1.45,https://icons.llamao.fi/icons/protocols/raydium,https://raydium.io
raydium-amm,8yiC1KEYLfpCr7VdGDKG3tg2164Qa4K3frU2d8yhMvop,WSOL-BIB,1.3,1.3,0.0,44151,,5f96cdcd-1b77-4764-a532-482aa4fc4f4e,0.0,0.0,0.0,https://icons.llamao.fi/icons/protocols/raydium,https://raydium.io
raydium-amm,78yKbw2wNWbnGfQAPaMGGAvtBXGHKMSVkBHJ18DEM12N,WSOL-SOLMIX,5.39,5.39,0.0,44122,,d31f7ee0-cca8-5c9c-ab69-f2d87fba0d6e,-1.76,-1.88,0.0,https://icons.llamao.fi/icons/protocols/raydium,https://raydium.io
raydium-amm,G8WWDEBxBa2jamKKrfRUUw9AJAb3e6KoV9RhwuMeLdGp,WSOL-DRUGS,1.76,1.76,0.0,44088,,e6a52eeb-1c9e-415a-8b18-8cf68fbbf879,-2.15,-2.98,0.0,https://icons.llamao.fi/icons/protocols/raydium,https://raydium.io
project-0,FuyzDwmMbYYPPd3oLtjNk3ZLqsTBPaQtQrxRGzUGcAvp,ORE,0.65031,0.65031,0.0,44061,,af7d1cfc-eb74-424e-aefc-3f003ec0d558,0.21542,0.33567,0.0,https://icons.llamao.fi/icons/protocols/project-0,https://app.0.xyz
orca-dex,9iSnUeALGHpAnGMEaeq2TX5EPqZXosLgErfT5616CngA,ROCK-USDC,0.0,0.0,0.0,43978,,450005ce-0416-5cc8-b672-fba4c978264d,-0.0007,0.0,0.0,https://icons.llamao.fi/icons/protocols/orca-dex,https://www.orca.so
orca-dex,,SOL-,22.63767,22.63767,0.0,43968,,6b3f6fec-3a29-41cf-b35c-1f6dc4a20de6,0.0,0.0,0.0,https://icons.llamao.fi/icons/protocols/orca-dex,https://www.orca.so
kamino-lend,FswUCVjvfAuzHCgPDF95eLKscGsLHyJmD6hzkhq26CLe,PYUSD,6.86446,6.86446,0.0,43968,,f045a512-0ec5-4b28-9f4c-f3754e2d7bb0,1.77607,-0.7327,-1.03414,https://icons.llamao.fi/icons/protocols/kamino-lend,https://kamino.com/
raydium-amm,6vzJstNZWi1ooaTTUnp6aqEuDNVwupZ87U8HeS46q38x,WSOL-BRUV,16.97,16.97,0.0,43953,,8307871d-c6f2-45e2-b196-635278055271,6.82,0.0,0.0,https://icons.llamao.fi/icons/protocols/raydium,https://raydium.io
raydium-amm,FYP5yMwo6Lam1fJQYquJWDZ2jFgewKFTSxgKagAkKQ9x,WSOL-ORG,1.08,1.08,0.0,43909,,5fe9a75b-a77a-46ee-a2c0-e9eaa09c5821,0.0,0.23,-0.82,https://icons.llamao.fi/icons/protocols/raydium,https://raydium.io
raydium-amm,BfP5vdpZS93HUXFWdeFkEprLPF99AERziBsbN4G1LVL5,OUYI-USDT,0.12,0.12,0.0,43831,,3a0f89ee-2024-50e2-946b-2cd1ac75fae7,0.0,0.0,0.0,https://icons.llamao.fi/icons/protocols/raydium,https://raydium.io
raydium-amm,9Y35GD9E4oirRAQpg8J3Abj7di4bXrAhW9W6kfGZ4JJ5,WSOL-KOLSCAN,1.34,1.34,0.0,43827,,371ee7e0-da51-41f5-9ea2-54abfe744451,0.0,0.0,0.0,https://icons.llamao.fi/icons/protocols/raydium,https://raydium.io
orca-dex,,KING-USDC,0.0,0.0,0.0,43698,,0477e1c5-a036-539a-b21d-08a0b01ba513,0.0,-0.00048,0.0,https://icons.llamao.fi/icons/protocols/orca-dex,https://www.orca.so
raydium-amm,3HB6DrJpTscvXs71u22TkbrhgNAHvNaoJcNftG2Na4jc,WSOL-CONCHO,1.7,1.7,0.0,43524,,38f50c78-619a-419a-8a1d-15d1ed4c4a7a,0.0,-1.82,-0.58,https://icons.llamao.fi/icons/protocols/raydium,https://raydium.io
raydium-amm,8SEg9BokNM79SvFzwfg72QbdsJi8A9SWPrPcY5Zk7bZW,WSOL-PAULY,55.69,55.69,0.0,43465,,0de6fa4f-0663-4616-ae60-3d48414d9dc5,-18.94,-6.4,-150.52,https://icons.llamao.fi/icons/protocols/raydium,https://raydium.io
orca-dex,,DOGE1-USDC,0.0,0.0,0.0,43408,,35101b24-7b3e-5cb7-8c61-4c80fccdaf5b,0.0,0.0,0.0,https://icons.llamao.fi/icons/protocols/orca-dex,https://www.orca.so
orca-dex,7xzUo8pFht7fR3hQr9U4UC5Dqu1qFsD3hJ2BcWjYUbNg,USBD-USDT,0.0,0.0,0.0,43393,,1ec22a8e-9e70-548d-a78a-c7e6242aba69,0.0,0.0,0.0,https://icons.llamao.fi/icons/protocols/orca-dex,https://www.orca.so
orca-dex,7WU9wSuEJkDE5GgC9xzNDXdsZR9uNdGfthmXzRH9SXSv,CATE-USDT,0.0,0.0,0.0,43389,,400d23b9-f601-579b-8bd8-b40b1819edb8,-0.02562,0.0,0.0,https://icons.llamao.fi/icons/protocols/orca-dex,https://www.orca.so
orca-dex,,CATE-USDT,0.42023,0.42023,0.0,43379,,c01ae249-7925-501f-9695-c4c46f7f236a,0.0,0.0,0.0,https://icons.llamao.fi/icons/protocols/orca-dex,https://www.orca.so
orca-dex,,CATE-USDT,0.3978,0.3978,0.0,43378,,39470fdd-357e-5f7d-af57-c15e83263250,0.0,0.0,0.0,https://icons.llamao.fi/icons/protocols/orca-dex,https://www.orca.so
orca-dex,,CATE-USDT,0.39501,0.39501,0.0,43377,,5b83d716-aed5-57a1-b17d-cff0a02d33f4,0.0,0.0,0.0,https://icons.llamao.fi/icons/protocols/orca-dex,https://www.orca.so
orca-dex,,CATE-USDT,0.39248,0.39248,0.0,43376,,52989f56-4d55-5349-b6cc-c4305aa7a6f1,0.0,0.0,0.0,https://icons.llamao.fi/icons/protocols/orca-dex,https://www.orca.so
orca-dex,,CATE-USDT,0.0,0.0,0.0,43365,,67860449-445e-545f-892b-3d5d321dbff2,0.0,0.0,0.0,https://icons.llamao.fi/icons/protocols/orca-dex,https://www.orca.so
orca-dex,,CATE-USDT,0.0883,0.0883,0.0,43363,,89c6bee2-b3a4-5936-83b2-2e82c0321c25,0.0,0.0,0.0,https://icons.llamao.fi/icons/protocols/orca-dex,https://www.orca.so
orca-dex,C8m5mzaCqYFdAPFKJYbqreBye56YMxHsV17t9LbbXZie,MSOL-JLP,1.20422,1.20422,0.0,43339,,9327e81f-81eb-4fd0-b8fb-a348b6c4f882,1.02527,1.04058,-0.67966,https://icons.llamao.fi/icons/protocols/orca-dex,https://www.orca.so
raydium-amm,7YTniE16mzq7vcAAZ52oguBGU3NhFF49LuypVt5E8jKZ,WSOL-PIZZA,1.16,1.16,0.0,43326,,d6d848fb-9117-4a04-a48c-4c5d54c6dad1,0.0,-0.11,-3.41,https://icons.llamao.fi/icons/protocols/raydium,https://raydium.io
raydium-amm,CjyDeB42w4QSFA5pwpKC85SEZh92zsG8ARULLw8bc4Lh,WSOL-KEKIUS,7.05,7.05,0.0,43324,,513661e0-cc6e-40b6-8926-da6748ec70ba,2.35,0.0,0.0,https://icons.llamao.fi/icons/protocols/raydium,https://raydium.io
orca-dex,BeFLUzVjxrxRuX9GCXaYpBScnpfLwVBvWGRCt1J4tTEi,DEUS-USDC,6.36572,6.36572,0.0,43310,,98da3cf1-544a-4484-aac7-607d1259a2b9,4.42172,-11.27146,-16.4172,https://icons.llamao.fi/icons/protocols/orca-dex,https://www.orca.so
gmtrade,5PQpUVKqc2DwqRVVdY8L6DcPCZdimmwKm1tkPnBywrN8,WGMX-USDC,101.27646,101.27646,0.0,43233,,7d1cb03b-ba8d-4db1-ad10-57b30fa368ee,27.44739,62.06128,95.98319,https://icons.llamao.fi/icons/protocols/gmtrade,https://gmtrade.xyz
raydium-amm,7AbDK9VFPbnDMVwwMEZCuHmBkuCuPRUQhJquE3bMaWSb,WSOL-KWEEN,1.18,1.18,0.0,43154,,aa529642-0448-41be-be60-50d9a294706f,-0.92,0.0,0.0,https://icons.llamao.fi/icons/protocols/raydium,https://raydium.io
orca-dex,3gnSQmJ6AvT8p73GvEsfrtpu5NgceSHtUPCazCqoLqCo,USDC-URCOIN,0.0,0.0,0.0,43137,,cf06b1ee-62d7-5987-af84-ac4e9aba36bc,-2.59807,0.0,0.0,https://icons.llamao.fi/icons/protocols/orca-dex,https://www.orca.so
raydium-amm,GYe83QzQJydxsb451wZjKvCQmfgt3g4LjADDjj8261bE,BINGUS-WSOL,1.19,1.19,0.0,43103,,d7739c51-d0c6-42c6-ba59-688757b991d3,-0.67,0.0,-16.91,https://icons.llamao.fi/icons/protocols/raydium,https://raydium.io
orca-dex,CmyuZJEnEoTnSD5mJLMtzLApocPNszZCWwkiEBbUD3ez,SOL-BNB,23.86042,23.86042,0.0,43023,,94a4944e-64b4-42c8-a42b-e3be15fc6207,9.65268,15.33131,-43.25514,https://icons.llamao.fi/icons/protocols/orca-dex,https://www.orca.so
raydium-amm,B7DVswJuQk7UQmPPnjpL7WS2Vym9srAHh1WGu3kPu5QS,KITTY-WSOL,11.6,11.6,0.0,42992,,3ecdd8f2-0f3a-43ee-b176-bd1eb3b6c91e,10.04,0.0,0.0,https://icons.llamao.fi/icons/protocols/raydium,https://raydium.io
orca-dex,,TSUDC-USDT,0.00052,0.00052,0.0,42971,,8346ddfc-1f77-5027-8119-12c930179c90,0.0,0.0,0.0,https://icons.llamao.fi/icons/protocols/orca-dex,https://www.orca.so
raydium-amm,1tTvXUgNtUT9u8b4BoybkrJ6Gv67nh3CwqrV7cR6Kns,WSOL-CHRLE,1.88,1.88,0.0,42967,,95b0e5dd-c693-450b-8d0b-04bd640e2572,-4.28,0.0,-4.43,https://icons.llamao.fi/icons/protocols/raydium,https://raydium.io
raydium-amm,GG6jVZzoYuQWGzUi9CXxKACEPB72PpgTXF91ikBmLoyH,WINWIN-USDC,0.06,0.06,0.0,42953,,0f7ce56b-0b89-5532-a0a9-0bd9ab40947c,0.0,-1.4,0.0,https://icons.llamao.fi/icons/protocols/raydium,https://raydium.io
raydium-amm,BeT4ArJs2aFpnxm5Mk6cbpSzMRCP2QUiZpHgtcTu18za,WSOL-SCHIZO,1.2,1.2,0.0,42915,,e7b57b83-2e40-4fbb-8ca6-1873dc4d0bcd,0.0,-0.18,0.0,https://icons.llamao.fi/icons/protocols/raydium,https://raydium.io
raydium-amm,DTaGDCPF52BCsihu5intM6pKAHQkLrHnoTzShtgwt5gu,WSOL-DERDAKU,3.4,3.4,0.0,42849,,adfa03e6-750d-4dda-9151-92e6f1942e31,0.0,0.0,-12.58,https://icons.llamao.fi/icons/protocols/raydium,https://raydium.io
orca-dex,6Kcv51WBQ2AiWPp5uq9bonaNfWRBwsv6saH5KdXWiBNU,GOMINING-USDC,0.0,0.0,0.0,42838,,e5d7b260-2f2f-415a-b14a-03b336202b6c,0.0,0.0,0.0,https://icons.llamao.fi/icons/protocols/orca-dex,https://www.orca.so
orca-dex,8gYLBKbixC2Vn9zsrqPJrvEUL5NNFEMg39Mv2kFyKzoE,SOL-XYO,5.70732,5.70732,0.0,42770,,6241ac23-d6ee-465c-8b02-6ce290cb4b66,-4.76953,3.15436,-26.68005,https://icons.llamao.fi/icons/protocols/orca-dex,https://www.orca.so
raydium-amm,Bv7mM5TwLxsukrRrwzEc6TFAj22GAdVCcH5ViAZFNZC,BAG-WSOL,1.44,1.44,0.0,42764,,362865c2-79c4-43a0-82f6-89efa9c3c8ea,0.0,0.47,-22.02,https://icons.llamao.fi/icons/protocols/raydium,https://raydium.io
raydium-amm,BqricZnjjtFg8wuTbckV6NZcTstuR7BZtKJtzH8oV3eK,PAJAMAS-WSOL,1.5,1.5,0.0,42715,,d335a9bc-9038-42cb-8977-8ac7f2195797,0.0,0.0,0.0,https://icons.llamao.fi/icons/protocols/raydium,https://raydium.io
orca-dex,,SOL-FEVCY,0.82763,0.82763,0.0,42705,,5de5aedc-d8ee-51bb-8b0e-7639b110f274,0.0,0.0,0.0,https://icons.llamao.fi/icons/protocols/orca-dex,https://www.orca.so
raydium-amm,9XuSvXuvkkRdCmhXBHeK4uZP4HxZ5sUKT3EYAjidY6FL,USD1-FAFO,1.21,1.21,0.0,42683,,5704b772-d468-4793-a916-8258d63b8f16,0.0,0.0,0.0,https://icons.llamao.fi/icons/protocols/raydium,https://raydium.io
orca-dex,,ELONIUS-USDC,0.0,0.0,0.0,42589,,816451d2-9c09-5246-8679-13638f397129,0.0,0.0,0.0,https://icons.llamao.fi/icons/protocols/orca-dex,https://www.orca.so
orca-dex,,USDC-GEMINAUTS,0.0,0.0,0.0,42588,,7fca1d92-76b4-522e-ac99-ba93e8f070a1,0.0,-2.65938,0.0,https://icons.llamao.fi/icons/protocols/orca-dex,https://www.orca.so
project-0,CCKtUs6Cgwo4aaQUmBPmyoApH2gUDErxNZCAntD6LYGh,SOL,5.12374,5.12374,0.0,42548,,bb7adafd-a605-5c68-a80e-848b934dedcd,0.15975,-0.20014,0.0,https://icons.llamao.fi/icons/protocols/project-0,https://app.0.xyz
orca-dex,,MEMENOTE-USDC,0.09085,0.09085,0.0,42436,,d1b62dd6-0cb6-5cab-8a5a-41862c2ec44d,0.0,0.0,0.0,https://icons.llamao.fi/icons/protocols/orca-dex,https://www.orca.so
orca-dex,,CHESHIRE-USDC,0.09065,0.09065,0.0,42435,,894fc73f-aa66-5e30-a667-e331b8df367c,0.00014,0.0,0.0,https://icons.llamao.fi/icons/protocols/orca-dex,https://www.orca.so
raydium-amm,6B7HaigdotRyb3h5YQ487zfnTueEmUhXLLPccaaNq1ei,WSOL-WIFE,1.07,1.07,0.0,42406,,b423fc82-b24c-41bd-8435-5d8ca295eb46,0.0,0.0,0.0,https://icons.llamao.fi/icons/protocols/raydium,https://raydium.io
raydium-amm,47hs9pP9F5ThZHgkHAehfpywSz8WB1r2WRros9BecGjZ,WSOL-LOU,1.12,1.12,0.0,42353,,743521e3-1104-4c5f-8216-d8c1b9bf6b63,-0.88,0.0,0.0,https://icons.llamao.fi/icons/protocols/raydium,https://raydium.io
raydium-amm,35JZmQQC6EWrW6PefWDLhmTXbKvNC9MxpbEs4rBwS1WW,WSOL-JAM,1.47,1.47,0.0,42320,,bfbc71e1-1d0b-4dc2-a6cd-76a596258fdd,0.0,0.0,-6.33,https://icons.llamao.fi/icons/protocols/raydium,https://raydium.io
raydium-amm,8TgHHPzntzArnxGNiefCK7gKDsF3zXiVscyPu9gpDF7k,$JACKY-WSOL,1.5,1.5,0.0,42209,,489c8ac5-edc7-4635-8692-15b2391972ba,0.0,0.0,0.0,https://icons.llamao.fi/icons/protocols/raydium,https://raydium.io
loopscale,5yzgSykytMEzroWg27gDa13rtzbjVxid3ax5KM4weMp9,USDG,1.42024,1.42024,0.0,42035,,ec85c0f8-b216-4217-8d8e-e11ff9e2ba9d,2e-05,0.00015,-0.00528,https://icons.llamao.fi/icons/protocols/loopscale,https://loop.sl
orca-dex,,USDC-OSCAR,0.00019,0.00019,0.0,42035,,c88ad5f0-5f2d-5f7c-947d-c3dd743b232c,0.0,0.0,0.0,https://icons.llamao.fi/icons/protocols/orca-dex,https://www.orca.so
raydium-amm,9Hm8QX7ZhE9uB8L2arChmmagZZBtBmnzBbpfxzkQp85D,ETH-WSOL,1.45,1.45,0.0,41990,,6dae3bdf-9d82-4a39-9a42-23dbb508bf81,0.0,0.0,-2.42,https://icons.llamao.fi/icons/protocols/raydium,https://raydium.io
orca-dex,2rJQoQ87zKSi75qKjRhFSL83zJM6FaCyLWwmXP8ZHkzN,UBDHK-USDT,0.0,0.0,0.0,41976,,24026c3d-6743-5f66-ae4a-19a94cd3bc5f,0.0,0.0,0.0,https://icons.llamao.fi/icons/protocols/orca-dex,https://www.orca.so
orca-dex,GjnwqGf6fxyZp9fqe1hf5i8QxXdDecwfbXiQFaMhmHTy,SOL-ALEPH,0.09732,0.09732,0.0,41963,,87ad7057-2a20-40e3-b21b-74dc6be22886,0.0,0.0,0.0,https://icons.llamao.fi/icons/protocols/orca-dex,https://www.orca.so
raydium-amm,FBy1oPG2HTDgtdp783wh6f32tMgYS656w2MgAEvq2JVB,BSOL-JITOSOL,0.09,0.09,0.0,41944,,44e35e48-d310-4605-a854-10bee2ece77e,0.0,-0.4,-0.24,https://icons.llamao.fi/icons/protocols/raydium,https://raydium.io
raydium-amm,3v2am7LrJD3Vc3XN6b6gH8whQqXbR3u2La3N4BdCzxu3,JUP-PYTH,6.49,6.49,0.0,41915,,8b8043de-52f3-4c1f-bee6-20a2e02cd603,0.0,1.1,0.0,https://icons.llamao.fi/icons/protocols/raydium,https://raydium.io
save,9n2exoMQwMTzfw6NFoFFujxYPndWVLtKREJePssrKb36,RAY,0.0,0.0,0.0,41864,,0033f459-6353-4094-91bd-6998858a4d78,0.0,0.0,-0.21,https://icons.llamao.fi/icons/protocols/save,https://www.save.finance/
raydium-amm,6QVQKPE5JeWTwsSumYJkJHPHoukW23D8XeRLzk7oAnqg,WSOL-$SLOP,1.27,1.27,0.0,41835,,a5bae1c6-936f-4dde-abb3-aa988b120b1e,0.0,0.18,0.0,https://icons.llamao.fi/icons/protocols/raydium,https://raydium.io
orca-dex,,USDC-PUMPCAT,0.0,0.0,0.0,41779,,38ec2f0e-1daf-5a3e-b860-203f444bf3a9,0.0,-2.701,0.0,https://icons.llamao.fi/icons/protocols/orca-dex,https://www.orca.so
orca-dex,H6gUYo94dMyhaT4Zm94DRSuH931atRcdAVdMCu3aAwze,WFRAGBTC-ZBTC,0.32463,0.32463,0.0,41653,,73910ed8-1d94-4bac-a7fd-5acd2d50d3f9,-0.00885,0.30146,-0.66748,https://icons.llamao.fi/icons/protocols/orca-dex,https://www.orca.so
raydium-amm,CyscPWWs6G9w9Au1Bg34DxfHE4PsyDQtdMmFeZC5pQYf,UPDOG-WSOL,3.06,3.06,0.0,41649,,2a4462c7-5e0d-49c0-90bf-60fbc9436b68,0.0,-1.01,0.0,https://icons.llamao.fi/icons/protocols/raydium,https://raydium.io
raydium-amm,J333LZ5UhEjwxb64dcD756viUFXr164dVNxQpXuMPH9V,HOSICO-WSOL,1.22,1.22,0.0,41645,,effeffc6-4d3f-45ac-89f6-504d49c8d7c3,-9.84,0.0,-1.06,https://icons.llamao.fi/icons/protocols/raydium,https://raydium.io
orca-dex,6y33H5c1FUYego5mL9CghGrqj77PC7ieevMyuNqbCvfP,USDU-USDT,0.00288,0.00288,0.0,41504,,72009d79-439b-414f-988f-98507b91bcc0,0.00107,0.00216,0.00106,https://icons.llamao.fi/icons/protocols/orca-dex,https://www.orca.so
raydium-amm,ZfvDXXUhZDzDVsapffUyXHj9ByCoPjP4thL6YXcZ9ix,MSOL-USDC,3.51,3.51,0.0,41487,,2c6919ec-0c77-468f-aa5d-e8ecdb1989fb,-1.02,1.43,-10.36,https://icons.llamao.fi/icons/protocols/raydium,https://raydium.io
raydium-amm,47857wX96Tb4Ud3M3ka949iVRFmUqS33KLBxoVsqgfLK,BENDOG-WSOL,0.91,0.91,0.0,41443,,b6487700-3afd-488e-936f-6afee9965bb7,0.0,-0.88,0.0,https://icons.llamao.fi/icons/protocols/raydium,https://raydium.io
raydium-amm,7GcSvKixeyeobZdi54YGmdTxWhswz6wk7XGC7FCTQiBi,HERO-WSOL,1.23,1.23,0.0,41426,,327d485d-a23b-4dcc-844c-90de8b84c622,0.0,0.0,0.0,https://icons.llamao.fi/icons/protocols/raydium,https://raydium.io
kamino-liquidity,7FT4kC4HaD2jgQjzKoodnK7Gurzq6AsMD6Cr3SCzedQ9,BSOL-JITOSOL,0.0,0.0,0.0,41385,,d6c3506c-f1d6-4bad-976a-e057f3232c4e,0.0,0.0,0.0,https://icons.llamao.fi/icons/protocols/kamino-liquidity,https://kamino.com/liquidity
orca-dex,BNLQetaFwJiZDpdiCCr2BpSaoEipMp3hRxZyvfcnxaHJ,FARTCOIN-SJ,6.40224,6.40224,0.0,41341,,deb8e369-6e09-46d5-aed0-5421306d4b8e,1.08005,2.50817,0.0,https://icons.llamao.fi/icons/protocols/orca-dex,https://www.orca.so
raydium-amm,6uG9V4rkF2yuB5ZfzK7GuzQNpPWHnvvzJZtKJThndEX,ISD-,6.11,6.11,0.0,41277,,1a4ac830-c55c-40b3-ad77-807ae855beea,0.0,0.0,0.0,https://icons.llamao.fi/icons/protocols/raydium,https://raydium.io
orca-dex,2XqyHSMVa3fLabfpm5iEV7uo5Wpi9QkFKLSRkNTn1XW5,PAXG-USDC,1.50176,1.50176,0.0,41266,,d066d63d-d145-5e66-a5df-902b277edd24,-25.22337,0.0,0.0,https://icons.llamao.fi/icons/protocols/orca-dex,https://www.orca.so
raydium-amm,8TyM4TdgXB7bpknWpUQxBGjT6JkUEnVUVGPNuSxLwZLZ,WSOL-GRRR,1.15,1.15,0.0,41184,,95a66842-1ee1-4f68-b0ce-7e8031f84143,-0.17,-4.59,-3.37,https://icons.llamao.fi/icons/protocols/raydium,https://raydium.io
orca-dex,DHrbyGNtPBwHKM7f75eX1auFy7Gg7Hd719gwMYeiNwq,SJ-PYTH,2.079,2.079,0.0,41044,,96ebc2db-59b6-4f13-8ac0-f02888cba7cf,-2.12648,-1.02356,0.0,https://icons.llamao.fi/icons/protocols/orca-dex,https://www.orca.so
orca-dex,Fae5dWVntUt6zbWu2voXxioDpMii7SqQwtsxBmoVCsHR,SPYX-USDC,5.84249,5.84249,0.0,40911,,ef82f1ee-dde1-42f4-a334-5ce5aee642b9,-4.54358,3.23286,-0.32342,https://icons.llamao.fi/icons/protocols/orca-dex,https://www.orca.so
raydium-amm,WaPrp8qKzcfDY3aiXs8Uiphctt11uAFCqWHZWPNCqWP,WSOL-TATE,28.49,28.49,0.0,40892,,e5041c8a-cd1a-4531-86f1-4c460bf614ef,13.56,0.0,22.19,https://icons.llamao.fi/icons/protocols/raydium,https://raydium.io
orca-dex,,‮ECALP3-USDC,0.09386,0.09386,0.0,40833,,0ca6aaf9-7587-5eaf-9949-1bcd97da55dc,0.0,0.0,0.0,https://icons.llamao.fi/icons/protocols/orca-dex,https://www.orca.so
raydium-amm,2kdetobhYcWVu8m6C2NRpDGYAiJLoj3R3AHnK4Sb4bZz,WSOL-BASED,1.24,1.24,0.0,40797,,112a96d8-cae7-4a95-8bef-87d6b7f16f8e,0.0,0.0,0.0,https://icons.llamao.fi/icons/protocols/raydium,https://raydium.io
raydium-amm,8QF1fvZV8yyMcw7sjMX78KhdJz21u811TiK4YAAzkk8N,GNET-BORG,5.28,5.28,0.0,40772,,6403c9ab-e580-417a-bba4-8b71b59e07be,0.0,0.0,0.0,https://icons.llamao.fi/icons/protocols/raydium,https://raydium.io
jupiter-lend,FQ7pGDSPAqa7M4knh2vevsFQKGqm45uJb7fCAq2GdK2x,JUP,0.0,0.0,0.0,40727,,542f00f6-ade6-4e20-9cda-4de6385f2b18,0.0,0.0,0.0,https://icons.llamao.fi/icons/protocols/jupiter-lend,https://jup.ag/?ref=f6y1ryr2snn3
orca-dex,,DALTON-USDC,0.0,0.0,0.0,40723,,484fcbe8-537f-5444-bdc6-31d725907ef0,0.0,0.0,0.0,https://icons.llamao.fi/icons/protocols/orca-dex,https://www.orca.so
kamino-liquidity,2AXogHv1qD5dRfxWzWYijxsen2PgpnyziCwRYAWtBLv8,WFRAGBTC-ZBTC,0.0,0.0,0.0,40716,,13623731-511e-46ba-a062-6598c266d932,0.0,0.0,0.0,https://icons.llamao.fi/icons/protocols/kamino-liquidity,https://kamino.com/liquidity
raydium-amm,79J8N2ZusXXim1PuVKyoTYZKBD2B6HphfGoNiJWgctnA,WSOL-EDWIN,1.14,1.14,0.0,40677,,d8a7f781-9cc0-48fa-95b5-54dc972b7a47,0.0,0.0,0.0,https://icons.llamao.fi/icons/protocols/raydium,https://raydium.io
raydium-amm,34tFULRrRwh4bMcBLPtJaNqqe5pVgGZACi5sR8Xz95KC,MNGO-USDC,4.28,4.28,0.0,40628,,82ca25bf-f63e-4baf-9bc6-c0dbd0f1280a,0.64,0.0,-0.56,https://icons.llamao.fi/icons/protocols/raydium,https://raydium.io
raydium-amm,9dedDbv6PRtKYtqNGskKNj651wisMk6TtQ2MGGbRmpaC,YE-WSOL,1.3,1.3,0.0,40596,,9a0f7092-0018-4b3e-be49-f45fd535b62f,0.0,0.0,0.0,https://icons.llamao.fi/icons/protocols/raydium,https://raydium.io
raydium-amm,B4UdLnvzCrnfRndLdgGTYZjcKTDsaFKB54cmKb2GoSne,BRK.BX-USDC,1.74,1.74,0.0,40560,,b808f728-041d-4a95-aa63-9828625f1521,-4.82,0.0,-12.51,https://icons.llamao.fi/icons/protocols/raydium,https://raydium.io
raydium-amm,HD8WuHLaYENgXaVH2gtuoug9Ewi3ZPt4NqtRa2ioVCjD,WSOL-FULLSEND,1.29,1.29,0.0,40525,,7fde1dcd-9609-44a2-98b2-a32e1372fdbb,0.0,0.0,0.0,https://icons.llamao.fi/icons/protocols/raydium,https://raydium.io
raydium-amm,2SmBnUG3JXhoJNU6uMwafVLEW55ssaxG1ZmhNedu2AbF,WSOL-XYO,7.46,7.46,0.0,40393,,8132c4f0-5f07-413d-8525-6ab270b85746,-4.56,3.35,-8.95,https://icons.llamao.fi/icons/protocols/raydium,https://raydium.io
raydium-amm,Ek84XpaNtx8E5v8YJANtB3PjwKtwiJa6cszaQ619E9Nw,WSOL-RICH,1.18,1.18,0.0,40335,,866c1a29-28ed-4749-bca5-a8f091bd4e83,0.0,0.0,-1.55,https://icons.llamao.fi/icons/protocols/raydium,https://raydium.io
orca-dex,f6HErLfbCM9ZZr8xspPAEzNd2LBzgSGs6SNnKsQ5iP2,XLM-USDC,0.0,0.0,0.0,40220,,399ea4df-c49f-44fc-b24d-572be927ef42,0.0,0.0,0.0,https://icons.llamao.fi/icons/protocols/orca-dex,https://www.orca.so
raydium-amm,BJGbPyDARmcgJ7CRwm623nrjF2gpLkpsSwWNsjxubTpG,WSOL-ALT,0.98,0.98,0.0,40180,,0a4a95d8-c58f-4dc8-a066-e3aeb1795697,0.0,-0.93,0.0,https://icons.llamao.fi/icons/protocols/raydium,https://raydium.io
raydium-amm,2LvJ4fQdf6hNy3kQewW2B8JAbRt8W1g3rAy3Pfeqp2E4,WSOL-TRI,1.9,1.9,0.0,40176,,ce65e05b-87e2-5206-b7ba-8adfebe55e80,0.0,0.46,0.0,https://icons.llamao.fi/icons/protocols/raydium,https://raydium.io
raydium-amm,DQcj8kcnBdMm7KWw4w4W9HVbhB7RAeLLPt3rAxsjmgnT,WSOL-PIAI,4.13,4.13,0.0,40176,,ec6994d4-816d-4441-b460-8e382b9b4049,-0.74,3.38,0.0,https://icons.llamao.fi/icons/protocols/raydium,https://raydium.io
orca-dex,ECYCXZrmcdBtwKueRgvF7VCfNUTNNBFaCYxzYjJoZngB,XDC-USDC,0.0,0.0,0.0,40144,,fc7eea74-bddd-480f-9b5f-8b03abe713b9,0.0,0.0,0.0,https://icons.llamao.fi/icons/protocols/orca-dex,https://www.orca.so
raydium-amm,8HZdEbzBX7sZ7eQMod29fdVg3AzQgaQpWMcMyotA9gzY,WSOL-GRASSITO,1.17,1.17,0.0,40139,,11b7f735-9f3d-4fa3-8af1-bfff555c33fe,0.0,0.0,0.0,https://icons.llamao.fi/icons/protocols/raydium,https://raydium.io
raydium-amm,AoTsdesCFqiybDC5cjYGZwjpruyJcGAvFST6u9rnjQXz,WSOL-∅,1.39,1.39,0.0,40097,,11cecb7c-c7d6-4c9b-83ca-90aa3d56a9ba,-3.45,0.47,-8.67,https://icons.llamao.fi/icons/protocols/raydium,https://raydium.io
raydium-amm,8P8W5frTk8TgE9FFRV4XMhpNmzpBqsuTNYKKNtRdtJMP,USD1-,1.53,1.53,0.0,40065,,0e65185b-821f-4c16-9c8f-206b6b288506,0.0,0.5,-1.4,https://icons.llamao.fi/icons/protocols/raydium,https://raydium.io
raydium-amm,38rXq2BuwdNcfnwydw6S2srpNK9N4gVzf39f69suPMsF,WSOL-NVDAX,24.62,24.62,0.0,40058,,9347eff9-909c-435d-8fb2-1dced04f5831,-26.87,16.92,-35.46,https://icons.llamao.fi/icons/protocols/raydium,https://raydium.io
raydium-amm,9j3u1Mc4sU7qX1BmSUAdKuUWcGZDx5xBfAKejxCpWwaU,RCODE-WSOL,1.2,1.2,0.0,40044,,32e48e38-5201-4c0c-97b0-7620a086a0b9,-1.06,-14.45,0.0,https://icons.llamao.fi/icons/protocols/raydium,https://raydium.io
kamino-liquidity,5Ukhigiuk53mXn8QXfy8ePqfnWwA5UFtd4DnvDD2ddd2,SOL-WBTC,0.0,0.0,0.0,39957,,24401423-abaa-48b0-82fa-bd6000bfd57d,0.0,0.0,-8.38452,https://icons.llamao.fi/icons/protocols/kamino-liquidity,https://kamino.com/liquidity
raydium-amm,7K4RN9GLACPUe459B5n6y2c8iNCGLc6Nceob1qQeZw8f,TZLA-USDC,1.24,1.24,0.0,39956,,7392eefb-387f-4bb3-b6f5-2543ed6e49f2,0.0,0.0,-7.36,https://icons.llamao.fi/icons/protocols/raydium,https://raydium.io
orca-dex,,WKPU-USDT,0.00027,0.00027,0.0,39899,,7cdaf2f5-6b2e-59c0-aaa8-fa0c0aa003ab,0.0,0.0,0.0,https://icons.llamao.fi/icons/protocols/orca-dex,https://www.orca.so
orca-dex,6ScK5vYV7tbe8rR6Sc8gJwDzKkotNjRFzCe6YCw8Nfkg,SOL-GRASS,67.85726,67.85726,0.0,39821,,4dea25ec-019b-4843-b7aa-bc12b4b0af95,-10.14524,11.02722,-423.42311,https://icons.llamao.fi/icons/protocols/orca-dex,https://www.orca.so
raydium-amm,2kv6hkaAiJ9vC7XHL8PfZxELcFeKJW9o8zx3XL155gM3,WSOL-MEMECOIN,3.45,3.45,0.0,39786,,6de4ca4c-0031-489a-a6f9-674e3f88a76f,1.71,2.33,0.84,https://icons.llamao.fi/icons/protocols/raydium,https://raydium.io
raydium-amm,8KTh9Yh1GFdPFwE87B8xjTL5LPEH7S5mgic2UZshJ3rL,WSOL-LIMBO,1.68,1.68,0.0,39775,,3d23b6e8-b9b6-425d-a4cc-14a42543883f,0.0,0.0,0.0,https://icons.llamao.fi/icons/protocols/raydium,https://raydium.io
gmtrade,G96vsSW5KXvostjyBT7rZwSVZpbL8r3mdVjAP5zwCRbn,SOL-WSOL,8.61652,8.61652,0.0,39683,,b67310fc-0719-4fb8-a6cb-82545b124a42,-4.45231,-8.28194,8.61471,https://icons.llamao.fi/icons/protocols/gmtrade,https://gmtrade.xyz
orca-dex,DibxwCsGcEy2q9Wq2mj9Qa5wQamqFEGxSKEiM5BDcAz1,KTB-USDC,0.0,0.0,0.0,39633,,1564c155-0288-4665-9760-e0d93ab9a0e9,-0.0092,0.0,0.0,https://icons.llamao.fi/icons/protocols/orca-dex,https://www.orca.so
raydium-amm,79JioKBQnKdcBznfhBpVVAiVfVKdnU2Yzv9RQVExH2Um,WBS-WSOL,1.52,1.52,0.0,39454,,86a7af08-32de-4e88-979a-317ee0b0bc2e,0.0,0.0,0.0,https://icons.llamao.fi/icons/protocols/raydium,https://raydium.io
raydium-amm,966sLyXCxj1HedfdFQsv2LiNHUaUhMNadBcD4kDcJ1MP,WSOL-NUIT,1.47,1.47,0.0,39434,,9c18795e-68c8-424d-9539-4be3aae31911,0.0,0.0,0.0,https://icons.llamao.fi/icons/protocols/raydium,https://raydium.io
orca-dex,coj59LYbLc6DhMwnxxfPc9mUiknjFSsW4XcuYw4DMPk,SOL-XSOL,210.75914,210.75914,0.0,39375,,0af4c7b5-07f9-4bd8-be80-4f71dbb612e2,5.93445,162.00747,-130.09276,https://icons.llamao.fi/icons/protocols/orca-dex,https://www.orca.so
raydium-amm,6heqfsmFABnNcgeH1YHCQE5EBk2uykvBREWwiLYFfiGi,LDZ-WSOL,4.39,4.39,0.0,39371,,0f937433-de63-47a1-88e5-1161d260d5b2,2.02,2.26,-0.38,https://icons.llamao.fi/icons/protocols/raydium,https://raydium.io
raydium-amm,E8pEaCE3xqvM4UXsZ9mgsJUhz4YoQiKHEbWL9ZKfTMXr,WSOL-SHRUMP,1.29,1.29,0.0,39122,,6260f0b8-a933-446b-abac-99747a5d64ab,0.0,0.0,0.0,https://icons.llamao.fi/icons/protocols/raydium,https://raydium.io
raydium-amm,AWcXGpmBGvhyZgWE4rEfSTFoDgHHrHa12fhyjqBvqeUL,WSOL-LUIGI,32.33,32.33,0.0,39049,,ebfd9229-50a3-42cc-a759-cfad42a77b26,0.0,0.0,0.0,https://icons.llamao.fi/icons/protocols/raydium,https://raydium.io
raydium-amm,8KiLxAezJhHBQqpFL3cs6eaBbty8DRqgjBXorYGbKWRi,WSOL-AGENTS,16.29,16.29,0.0,39014,,ba41dfe8-0fee-4b1b-8a20-3f080a1fc41c,-9.05,13.73,10.48,https://icons.llamao.fi/icons/protocols/raydium,https://raydium.io
raydium-amm,FDm1awS2o3iRX38n3iK63HYXDqowwKVzFDLtKhftff6z,WSOL-AC,2.33,2.33,0.0,38998,,7f1e4389-29c5-4479-8e8b-5a78e27e87db,0.0,0.0,0.0,https://icons.llamao.fi/icons/protocols/raydium,https://raydium.io
raydium-amm,CxPMv68e8K299BW9V1gzev5DV2vAQ1vVZHpdvqmbABSL,WSOL-OPK,1.58,1.58,0.0,38908,,bc3eed95-2cbe-4bc0-aefa-54342a6d498e,0.0,0.48,0.0,https://icons.llamao.fi/icons/protocols/raydium,https://raydium.io
raydium-amm,H8EgeAr77ddvHCjp4Te3ydUk53UxixjvtHYXMGn78bA,WSOL-CUBA,1.3,1.3,0.0,38740,,76fa0e15-ab72-4095-9e58-3ebd270e0410,0.0,0.0,0.0,https://icons.llamao.fi/icons/protocols/raydium,https://raydium.io
raydium-amm,DsD69qYsFvMX4cBvHbssGneB2aYwECkL3ehYjQ6NH6aq,SILLY-WSOL,1.52,1.52,0.0,38728,,ec893309-cf1a-4ae8-a2fe-ada4b7786b37,0.0,0.0,0.0,https://icons.llamao.fi/icons/protocols/raydium,https://raydium.io
raydium-amm,hrspQdhWCRZQPwottVWKWBpECtcc2tf8ENetqZNNUZx,WSOL-AUTISM,1.27,1.27,0.0,38653,,0bf833d9-f021-497c-b43c-9ccae4a46b33,-0.48,0.0,0.0,https://icons.llamao.fi/icons/protocols/raydium,https://raydium.io
raydium-amm,8Lq7gz2aEzkMQNfLpYmjv3V8JbD26LRbFd11SnRicCE6,USD1-FKH,2.95,2.95,0.0,38651,,d723e599-7fe9-466e-8998-46ab706bd2e1,-1.86,-0.6,-4.21,https://icons.llamao.fi/icons/protocols/raydium,https://raydium.io
raydium-amm,DkNeizAA75GHRhM53obt5ahp45A7hbekdveB99CzVEkN,WSOL-ZAILGO,1.28,1.28,0.0,38523,,8ee7b93a-cfd5-4140-8857-6b46d8e95541,0.0,-0.13,-4.13,https://icons.llamao.fi/icons/protocols/raydium,https://raydium.io
raydium-amm,GYT9cqiwgG8hWqrs6Jg9z6QjnNh1mbDr9TR1We2YWy42,CGPT-USDC,5.72,5.72,0.0,38510,,09effe13-568a-4a00-b6e9-804eecbd2908,2.69,3.97,1.75,https://icons.llamao.fi/icons/protocols/raydium,https://raydium.io
raydium-amm,6txNZWajZtoSgZUyhkh2MVwJ4CnKstTQyi3uSwxr85ir,WSOL-PEP,1.32,1.32,0.0,38260,,8a7783cd-ea1e-4aee-8aec-48dde1fdb8f6,0.0,-134.62,0.0,https://icons.llamao.fi/icons/protocols/raydium,https://raydium.io
orca-dex,,TUUTR-USDT,0.04755,0.04755,0.0,38148,,758effbc-646f-5834-844b-3bb3f651271e,0.0,0.0,0.0,https://icons.llamao.fi/icons/protocols/orca-dex,https://www.orca.so
raydium-amm,7HUHY23X6ej9TpKDJnt8NDM29MXbk72WsfHUxr4UKHCH,WSOL-POCHITA,1.29,1.29,0.0,38086,,09f4d54e-b70d-42e8-9bfd-e00a025913e7,0.0,0.0,0.0,https://icons.llamao.fi/icons/protocols/raydium,https://raydium.io
raydium-amm,42wxyEKjr6Yj6s3JCsC97upM8n88zisEjsrA2HdJqxEZ,WSOL-COBY,1.27,1.27,0.0,38053,,440c4d9b-b699-4894-9ab8-f6f1314df526,-0.49,0.0,0.0,https://icons.llamao.fi/icons/protocols/raydium,https://raydium.io
raydium-amm,5FApfRaY46gHwAcw6FDUnj6MjAirobSHeph6esPnz48T,DGLN-USDC,1.51,1.51,0.0,38011,,a66e9678-4e4e-4d76-893a-5980ef6ca207,0.0,0.0,0.0,https://icons.llamao.fi/icons/protocols/raydium,https://raydium.io
orca-dex,,JOEY-USDC,0.0,0.0,0.0,37951,,5b62bcac-d6e3-5a30-b1e8-5c08316eed98,0.0,0.0,0.0,https://icons.llamao.fi/icons/protocols/orca-dex,https://www.orca.so
raydium-amm,5ouiC6acPhtRdYjB7QnAWQSa1qC6UC8NoP4ZYB5x8wYa,WSOL-DND10,30.28,30.28,0.0,37949,,60c89168-e06a-4147-a28f-790066d1b350,-4.75,0.0,0.0,https://icons.llamao.fi/icons/protocols/raydium,https://raydium.io
raydium-amm,C7EUe5HAoerJU2dxnnLr7Mf1zF6YW3LWepUxphfYGLy1,WSOL-BUCKY,1.24,1.24,0.0,37891,,46bfdd00-ecdd-480e-b6d5-87b3a2840789,0.0,0.0,-3.08,https://icons.llamao.fi/icons/protocols/raydium,https://raydium.io
raydium-amm,Eu9kcoMtyPhSoTa2rKKspL5DvDUzaZUrkFnriU2erZ1W,LEOS-DGU,6.68,6.68,0.0,37880,,942936bc-de49-4c76-ae73-7e8716dbbc25,0.0,0.0,0.0,https://icons.llamao.fi/icons/protocols/raydium,https://raydium.io
orca-dex,GeCu8XJVcCgfcBe5aLoyNgQiNmGpU8Z6ViZ8DsfN1xcD,MTY-USDT,0.0,0.0,0.0,37803,,15989983-809e-5c31-a1ee-b64618259063,-0.09597,0.0,0.0,https://icons.llamao.fi/icons/protocols/orca-dex,https://www.orca.so
orca-dex,7YGHXMBpNLcDRLPUJfqzN79WMoh8Qniz52cNuZK6go7b,GP-USDC,3.1369,3.1369,0.0,37762,,4c0f9743-4fff-4259-a0b1-d0e70b5cb1e5,-4.11277,1.84787,-9.51991,https://icons.llamao.fi/icons/protocols/orca-dex,https://www.orca.so
kamino-liquidity,Cvb5fYPrBXGyCfd19UQQrmEZJYS1y2qk2fc4Gyczmexb,KMNO-SOL,0.0,0.0,0.0,37748,,59516770-597b-43d7-ad07-3007480688b4,0.0,0.0,0.0,https://icons.llamao.fi/icons/protocols/kamino-liquidity,https://kamino.com/liquidity
orca-dex,,TNSU-USDT,0.00036,0.00036,0.0,37705,,03963bd9-6360-5800-942d-fecb748fae30,0.0,0.0,0.0,https://icons.llamao.fi/icons/protocols/orca-dex,https://www.orca.so
raydium-amm,73YKMEJ3yV6H1eym4ULtTqqwxJDZ2N96Wud6j3rJa7ki,GRUMPY-WSOL,1.66,1.66,0.0,37694,,f984cd30-c660-4185-ac81-818b6aa56510,0.0,0.0,-22.81,https://icons.llamao.fi/icons/protocols/raydium,https://raydium.io
raydium-amm,E8g8gaRZdkchrQkL3tHcsAMCeeJHxehNCdN6gUDxgV1P,WSOL-GAIN,10.42,10.42,0.0,37609,,e9208b87-c2b3-55fa-82c7-419760090865,8.2,5.91,0.0,https://icons.llamao.fi/icons/protocols/raydium,https://raydium.io
raydium-amm,22Gwq1Y2PF9XLi5bZ5CsXaGnbqKGnKh9GbwCrP5yQHko,WSOL-SEEK,1.88,1.88,0.0,37598,,c0671365-c4bf-45f6-b628-214d2c7c973a,-16.91,0.51,0.0,https://icons.llamao.fi/icons/protocols/raydium,https://raydium.io
orca-dex,5HffxqZgRFjHPBYpJD77e9FWHXk6Bk7tqEVgdVFKtsyi,JSOL-JITOSOL,0.24477,0.24477,0.0,37594,,791dd391-2dac-48cc-92fa-b39b8529c61c,0.23642,-0.04018,0.17783,https://icons.llamao.fi/icons/protocols/orca-dex,https://www.orca.so
raydium-amm,5zV6azn61uJ73P1WySp35sTPZEf9Sx1hQzvrA1QAGaHH,WSOL-XNPCS,1.23,1.23,0.0,37525,,e4f5ef9f-ca1e-41e8-b669-1a490247631b,0.0,0.0,0.0,https://icons.llamao.fi/icons/protocols/raydium,https://raydium.io
raydium-amm,6YmLBoiMJ3VVL4Y63mcW2xvAokcSvMohGHfttGUMgoc7,WSOL-DRPAL,1.36,1.36,0.0,37466,,77dab990-0239-4cdd-bc39-f9657aed0991,-0.28,-0.37,-1.36,https://icons.llamao.fi/icons/protocols/raydium,https://raydium.io
raydium-amm,3qGmZoVznqw6gseY1mh8bdmKAQj38EoK8tdmekSdfdyG,PCLDV-USDT,1.22,1.22,0.0,37418,,9e723ec6-f8e3-4ecc-952c-06f95244f3c6,-0.3,-0.55,0.0,https://icons.llamao.fi/icons/protocols/raydium,https://raydium.io
raydium-amm,FmLmM2C3svyMmRwzTmnEjGnA5cD4YBLuPoQPixqZJG15,POPDOG-WSOL,2.63,2.63,0.0,37332,,8ea3b2f6-3886-4865-9484-c2320c1182fd,1.25,0.0,0.0,https://icons.llamao.fi/icons/protocols/raydium,https://raydium.io
raydium-amm,HdM9481g5mXApUUsMSMxwVcRVcTde7nqLjGsgqMMf4P2,WSOL-WPOND,193.12,193.12,0.0,37320,,a070bd21-262d-4847-ae17-a6fa7c7f2a54,27.94,-29.56,-133.48,https://icons.llamao.fi/icons/protocols/raydium,https://raydium.io
raydium-amm,8aEJHazmjD4RG3X7kQu7qCnXnX4Hn2dFMKAe3UT5apgf,GLDX-IDLE,37.9,37.9,0.0,37282,,d1226978-b13f-4723-be67-930560f2c775,-33.65,-1.71,-62.86,https://icons.llamao.fi/icons/protocols/raydium,https://raydium.io
raydium-amm,93ytJsZLpXtqbp9HBjCyJbR4rb5KA8U1ybBiZW1Kgi6K,WSOL-LOOK,1.51,1.51,0.0,37143,,53376053-d2bb-4f8f-b162-982c356ffc01,0.0,0.0,0.0,https://icons.llamao.fi/icons/protocols/raydium,https://raydium.io
orca-dex,E662YnSzFiQWPvkJfQWXrXjHyh8nStFVpYfY9jfBFWW2,MNDE-MSOL,4.58354,4.58354,0.0,37114,,d184c364-de60-4dd0-8d10-37275e39cd64,-27.50183,-14.6456,3.61544,https://icons.llamao.fi/icons/protocols/orca-dex,https://www.orca.so
orca-dex,,USDT-MTY,0.14686,0.14686,0.0,37056,,8d9e7ca1-81c9-56da-bdc0-d35e237b419a,0.0,0.0,0.0,https://icons.llamao.fi/icons/protocols/orca-dex,https://www.orca.so
raydium-amm,8tax1mH7oFtqNZpuktrnW6nTrY3pQWwPTihos4o3FMuK,BEEM-WSOL,1.27,1.27,0.0,37031,,32b8a6d7-c20a-4e77-9682-7207d46af7cb,0.0,0.0,0.0,https://icons.llamao.fi/icons/protocols/raydium,https://raydium.io
raydium-amm,BZtgQEyS6eXUXicYPHecYQ7PybqodXQMvkjUbP4R8mUU,USDC-USDT,0.05,0.05,0.0,37023,,c0d96860-cee9-44ee-8332-790a23532886,0.0,0.0,-0.23,https://icons.llamao.fi/icons/protocols/raydium,https://raydium.io
orca-dex,CwHuXNNkj5inuj2ZXaU1DtjA5Nxfoiy4nNoc1PQQJxTR,SOL-W,8.24136,8.24136,0.0,36981,,552ae5bc-a915-4b98-8673-aafde2c8a60e,-19.84598,-20.90572,-25.27993,https://icons.llamao.fi/icons/protocols/orca-dex,https://www.orca.so
raydium-amm,GeZGtZTXuCtVJ8nBQZoeqmRfCN8SVtRtDZYLgCinJhKM,WSOL-VIBES,1.47,1.47,0.0,36813,,2e5d4a37-3c78-4c89-bf36-bb3d61cbe5b5,-1.93,0.0,-313.69,https://icons.llamao.fi/icons/protocols/raydium,https://raydium.io
raydium-amm,FHcN6mnw2Ur7MkYkbzV1jZERrwLETm68JY5FubNvU8Dk,WSOL-RZLR,1.5,1.5,0.0,36755,,1bb0f7fe-6695-42d3-83ca-e81566577984,0.0,0.0,0.0,https://icons.llamao.fi/icons/protocols/raydium,https://raydium.io
kamino-liquidity,F2PiA8v2VP47QUbPExvsEdeBzTsNzBi552CsYk7uarH,USDC-EURC,0.0,0.0,0.0,36714,,7f64cdf7-2afe-422b-aaba-a55d4dc8570d,0.0,0.0,0.0,https://icons.llamao.fi/icons/protocols/kamino-liquidity,https://kamino.com/liquidity
raydium-amm,Egmn7TQFQFDPFhmyKRdWEz727bEhosmKYXDHVXp8RpNK,WSOL-SCANAI,3.51,3.51,0.0,36662,,c3807a89-6037-486d-8dee-ed54fe1db0fd,-0.42,0.0,0.32,https://icons.llamao.fi/icons/protocols/raydium,https://raydium.io
raydium-amm,J9BikJ2d7r9wots1K8vVn5SjXNWF9n7zFCZd7dyMpkjT,LS-USDT,0.28,0.28,0.0,36641,,de86d626-2077-42e6-a091-a6a8678a39de,-0.23,0.11,0.08,https://icons.llamao.fi/icons/protocols/raydium,https://raydium.io
raydium-amm,9grDkuZggLTSapbdcmSFBpqGZb3iP4ZiSDAiQeeW9D3R,WSOL-CAPY,2.53,2.53,0.0,36638,,90d97e8e-576b-4d77-bed8-c44d2408be3b,-2.48,-7.95,-25.96,https://icons.llamao.fi/icons/protocols/raydium,https://raydium.io
orca-dex,,-DREAM-USDC,0.0,0.0,0.0,36527,,49c298cc-cc5f-5325-8b1b-45435b44ce8c,0.0,-3.07308,0.0,https://icons.llamao.fi/icons/protocols/orca-dex,https://www.orca.so
raydium-amm,CExPZUmwAdu6dDZFGQmkxM8UFu1zVkGwk3tDVHWMifR9,USDC-ANSEM,5.43,5.43,0.0,36419,,a53654ba-501d-4610-8ab2-c79642c97748,0.0,-3.22,-36.01,https://icons.llamao.fi/icons/protocols/raydium,https://raydium.io
raydium-amm,ER5KXbddxWKNUK29YepYhBiaQij5yHNAhDQRfBsozksi,WSOL-DOGEFATHER,1.54,1.54,0.0,36414,,754566f7-02e5-4815-9328-4d046c5bd469,0.0,0.0,0.0,https://icons.llamao.fi/icons/protocols/raydium,https://raydium.io
orca-dex,,CATE-USDT,0.09981,0.09981,0.0,36351,,fac40196-e1b2-5288-b2d3-cfe211ebadbb,0.0,0.0,0.0,https://icons.llamao.fi/icons/protocols/orca-dex,https://www.orca.so
orca-dex,5cG4tTzUPxqEUiwLQ7smp2rPREUfEQBb5Aa4HsU4f6i6,CBBTC-ZEC,20.23017,20.23017,0.0,36348,,341c3c9f-1c61-478a-b71f-c129a61e95ec,-2.45757,1.89047,0.0,https://icons.llamao.fi/icons/protocols/orca-dex,https://www.orca.so
raydium-amm,62b3aTi841RKQ59r5btQst2gfheyWMbEBoQjcjaS1NEL,WSOL-SATX,87.77,87.77,0.0,36338,,661ef1a8-21a4-4cbf-8a38-7affb9709cb4,1.37,-29.13,-51.41,https://icons.llamao.fi/icons/protocols/raydium,https://raydium.io
orca-dex,,DJED-USDT,0.96808,0.96808,0.0,36157,,63889cc1-dd50-5fec-bc04-50429211d476,0.0,0.0,0.0,https://icons.llamao.fi/icons/protocols/orca-dex,https://www.orca.so
orca-dex,,VOLE-USDT,0.46579,0.46579,0.0,36152,,ab741d05-f371-59a9-a548-de9385c9bdc2,0.0,0.0,0.0,https://icons.llamao.fi/icons/protocols/orca-dex,https://www.orca.so
orca-dex,HSWWBSubMBWAqatcdwa8xRcD53qkg1bQTVTijRGinmZG,SOL-EAT,31.14726,31.14726,0.0,36110,,b37b60eb-ab9a-4b52-afb9-43f0df883fe2,24.68296,28.08516,12.12134,https://icons.llamao.fi/icons/protocols/orca-dex,https://www.orca.so
raydium-amm,9YQVfNh4peyHTifW2WGmVvbq8AVwsGzZRiZBtnbFNk8n,WSOL-COPE,639.01,639.01,0.0,35976,,d3630bc8-ee29-50cb-a19a-0231168701fe,-125.17,0.0,0.0,https://icons.llamao.fi/icons/protocols/raydium,https://raydium.io
raydium-amm,tMhmETwtm6P3bmzWxpRnuWBxLL81GbkWGAaqrpohgfV,WSOL-BALL,3.12,3.12,0.0,35975,,79566460-90b8-44b3-99be-ca6c251d8172,0.0,0.0,0.0,https://icons.llamao.fi/icons/protocols/raydium,https://raydium.io
raydium-amm,BHwWTwXUstpHVisrvfeBB7jnEZHJZAhCQAe8BChC9JYp,WSOL-PEANIE,1.7,1.7,0.0,35838,,57ededd0-0b96-46d8-b87b-8ad9968b4c19,0.0,0.0,0.0,https://icons.llamao.fi/icons/protocols/raydium,https://raydium.io
raydium-amm,2PuVkhDEQ5uprXRowUnGgFNvPFUN7PDomMgQWxYq37HV,WSOL-XING,1.54,1.54,0.0,35826,,1f7c1bd6-c7da-472f-9e2b-c279ee4164df,0.0,-0.64,0.0,https://icons.llamao.fi/icons/protocols/raydium,https://raydium.io
raydium-amm,4ELBQuq3ivhLamfCT36As5sXLkQDWRJw1pJ9JVFLp6gK,CRWNY-USDC,1.58,1.58,0.0,35784,,f36f7e26-4a31-498d-bf7c-37bd62ec2d7c,0.0,0.0,0.0,https://icons.llamao.fi/icons/protocols/raydium,https://raydium.io
orca-dex,Hxw77h9fEx598afiiZunwHaX3vYu9UskDk9EpPNZp1mG,SOL-ORCA,0.92462,0.92462,0.0,35752,,256c3155-3dbd-4ad1-bb4d-c521020c62c6,0.20283,0.29088,-3.03784,https://icons.llamao.fi/icons/protocols/orca-dex,https://www.orca.so
orca-dex,,NONGWAN-USDC,3.1709,3.1709,0.0,35599,,098828b1-24b8-5a09-904c-ccac91ce3b46,0.0,0.0,0.0,https://icons.llamao.fi/icons/protocols/orca-dex,https://www.orca.so
raydium-amm,23yfu938VmSAFXC9fko3H2GXTDcdftM8oubTW8Fmt2Hf,SUMMIT-USDC,19.24,19.24,0.0,35589,,011fc54e-7120-5e2e-a4d3-99a7351ea134,0.0,0.0,0.0,https://icons.llamao.fi/icons/protocols/raydium,https://raydium.io
raydium-amm,AqHvUGsWFvp9Hq41auKJu8utyKTMGXdKvDN1sedGNgXF,WSOL-WORTHZERO,1.63,1.63,0.0,35518,,dd0931ac-88f6-4203-8dcb-fada40cce9fc,0.17,0.0,0.0,https://icons.llamao.fi/icons/protocols/raydium,https://raydium.io
raydium-amm,7qAVrzrbULwg1B13YseqA95Uapf8EVp9jQE5uipqFMoP,WSOL-AI16Z,13.24,13.24,0.0,35460,,29ebe526-2c66-45ff-93b8-50094caffd52,1.11,-23.67,1.01,https://icons.llamao.fi/icons/protocols/raydium,https://raydium.io
raydium-amm,58dnvLJxmJ7RHBxSMA8bLAbQWPdn4BxkDCDWPeJQ6UY8,WSOL-GIL,1.4,1.4,0.0,35418,,e1373414-1727-460d-9af6-37a1b2274912,0.0,-4.54,0.0,https://icons.llamao.fi/icons/protocols/raydium,https://raydium.io
orca-dex,Cso7i3czFUiBo7rW7r6T7riKSQRzV7CPBcaY2Q56eVSY,WFRAGJTO-JTO,6e-05,6e-05,0.0,35300,,befed6fb-7c93-4ad9-b2d2-9b30fb3aeb82,-3e-05,-0.001,-0.0025,https://icons.llamao.fi/icons/protocols/orca-dex,https://www.orca.so
raydium-amm,2i1CtveDHPVVyrdyZT26vSAVD17H6Ctqs9EQ9xoYXFMR,WSOL-IMOUT,2.99,2.99,0.0,35274,,4d56326c-4141-4408-9e9a-e82fdafd4c8f,0.0,0.0,0.0,https://icons.llamao.fi/icons/protocols/raydium,https://raydium.io
raydium-amm,9zoEJNgAtYHQmFmW9PambM8Cw3meTuxrmfsh8NPAzjJk,WSOL-DORAE,1.59,1.59,0.0,35161,,d89a5dcf-020c-449b-927c-7bb772b86b5d,0.0,-0.57,-32.37,https://icons.llamao.fi/icons/protocols/raydium,https://raydium.io
orca-dex,3eDAjhgqARw6vosYQZqpohV1UaaSuo1voThXgBmyN57j,BIGFOOT-USDC,0.00228,0.00228,0.0,35152,,59104236-5fc8-53c3-b0cc-54026411da03,0.00228,0.0,0.0,https://icons.llamao.fi/icons/protocols/orca-dex,https://www.orca.so
raydium-amm,71LJqRFwcb1rbxNkoUURehrR7bBQJUWb775osUUPHesw,WSOL-YE,1.67,1.67,0.0,35126,,e03358af-b222-4068-b228-571f75ef1f00,0.0,0.0,0.0,https://icons.llamao.fi/icons/protocols/raydium,https://raydium.io
raydium-amm,CgsDemRcrpwSd2bLCjss8RWcELKi5hz4kXtuePu7zzSi,MU-USDC,31.0,31.0,0.0,35124,,bfafb2a2-0b56-5fef-8cd5-042c6bb8b8fb,-135.66,0.0,0.0,https://icons.llamao.fi/icons/protocols/raydium,https://raydium.io
raydium-amm,6KoZB86BFDk6TZbB4CTBoAA8PPbpmEwSWFjCyfkt1Uw4,INTCX-USDC,17.83,17.83,0.0,35107,,2461256c-64ad-40ec-8a64-f5b5da93ed93,-112.07,-2.55,-225.78,https://icons.llamao.fi/icons/protocols/raydium,https://raydium.io
raydium-amm,45PzaG9NyBkfikyDGb25vkcjdEbXQt3T6io9UXVTX2hN,BAWK-WSOL,1.47,1.47,0.0,35092,,0c6c76f3-566f-438b-8fad-75110a221842,0.0,0.0,0.0,https://icons.llamao.fi/icons/protocols/raydium,https://raydium.io
raydium-amm,13uCPybNakXHGVd2DDVB7o2uwXuf9GqPFkvJMVgKy6UJ,CWAR-USDC,1.6,1.6,0.0,35045,,5f5a932a-416a-4f68-a7f0-6cc84fb6da75,0.0,0.0,-1.32,https://icons.llamao.fi/icons/protocols/raydium,https://raydium.io
raydium-amm,F6L22zNLPUV2uQjENLnBN89NUay1pyMXhVxa3HT3XUEz,WSOL-XWH,1.73,1.73,0.0,34962,,95155a9d-03f2-4774-8974-536c4bf5daef,0.0,0.0,0.0,https://icons.llamao.fi/icons/protocols/raydium,https://raydium.io
raydium-amm,AQ5Hrf3WWhYLuFTB8nrvWQp6Fjv6XPU96p1jTBdxFvTx,WSOL-MARIO,1.69,1.69,0.0,34905,,5f60f218-0cfa-4473-8ccb-4bc0803f7fb7,0.0,0.0,0.0,https://icons.llamao.fi/icons/protocols/raydium,https://raydium.io
raydium-amm,3K2NaZx1KAyJqsdUkU9qgtk1qJEs6wbygjLxJvvXrLhq,BIO-GROW,0.95,0.95,0.0,34844,,b6b50eea-9015-4864-a262-ee489a80a4e2,0.0,0.0,0.0,https://icons.llamao.fi/icons/protocols/raydium,https://raydium.io
kamino-liquidity,6TFdY15Mxty9sRCtzMXG8eHSbZy4oiAEQUvLQdz9YwEn,SOL-ORE,9.80114,9.80114,0.0,34842,,102d988b-1033-447f-8f6a-52c4f184286d,0.01013,9.80114,9.80114,https://icons.llamao.fi/icons/protocols/kamino-liquidity,https://kamino.com/liquidity
raydium-amm,2wRNCAngU5r2yiBfVqHWnd5geWjRevW3oBQbQ7cskzaC,XIN-USDT,1.36,1.36,0.0,34801,,8095ff21-6c62-41a3-a7d9-df72768a1734,-0.27,0.0,0.0,https://icons.llamao.fi/icons/protocols/raydium,https://raydium.io
orca-dex,7pEDY2gLqUCwt22J6EtGWV5u1UycJpqmA2sFF2WtEBBJ,USDC-SCARLETT,0.0,0.0,0.0,34705,,a5c4b3b2-b250-55e1-b2a4-7a7cd5e73aa7,-0.00051,0.0,0.0,https://icons.llamao.fi/icons/protocols/orca-dex,https://www.orca.so
save,AwGnKfsHvvYdi2tAaUze1B1Cz26bnetRWdMZkBxJuv7z,USDT,0.0,0.0,0.0,34649,,00c4faf1-fba1-4cf5-87bc-a68f1e5c2aab,0.0,0.0,0.0,https://icons.llamao.fi/icons/protocols/save,https://www.save.finance/
raydium-amm,CyFewMeEtA5qvPFFnEDVJ3XhiNCEFzWJxQm8qDjkzVvC,WSOL-YAKUB,1.57,1.57,0.0,34643,,2709fb47-f054-4bef-9909-f0d5bde3da17,0.0,0.0,-3.97,https://icons.llamao.fi/icons/protocols/raydium,https://raydium.io
jupiter-lend,5bKa8e5yN6KF8qfW8CgsQQ36KTBMYm23QaPBqiZa5b3G,XBTC,0.0,0.0,0.0,34617,,832610b6-865d-4af4-bd4c-ed5af7098f04,0.0,0.0,0.0,https://icons.llamao.fi/icons/protocols/jupiter-lend,https://jup.ag/?ref=f6y1ryr2snn3
raydium-amm,9LP64XgWXb7Q8qzmLfRinGjYCfUTxe4KNMXWwZSwuKjF,WSOL-LUCIA,7.0,7.0,0.0,34596,,58d7f9a3-d0d2-4b8b-9bb1-934c889a017a,0.22,5.19,3.06,https://icons.llamao.fi/icons/protocols/raydium,https://raydium.io
raydium-amm,4Bn7ow3iYnaPGdhWhs8zLVw8YtUUTboQdn95rFEusR9D,WSOL-PANDU,5.36,5.36,0.0,34425,,9d79e6fa-0803-4a90-868b-4bcc1d0bd82e,-5.06,0.48,-27.17,https://icons.llamao.fi/icons/protocols/raydium,https://raydium.io
raydium-amm,CS94dE2znqTYxcFtfdfpsEjkphBdsVZeVKhLoykMX7Ge,WSOL-HYPER,2.68,2.68,0.0,34374,,1a0e13f7-6bf1-4c17-b7ab-e0f3be23aeed,1.02,0.0,0.0,https://icons.llamao.fi/icons/protocols/raydium,https://raydium.io
orca-dex,14K3BM1FA6gn4F9X1h5E9uriMZZY2xyz3fQ72bL628un,SOL-MON,18.43631,18.43631,0.0,34362,,c1fd5822-df73-4241-8fbb-575a3325ffb8,-11.72201,-33.91255,-90.98369,https://icons.llamao.fi/icons/protocols/orca-dex,https://www.orca.so
raydium-amm,CW9DFoTWEUiwxyxVGnQFYhbrYEfGkvaqXEgxKZG7d7X1,WSOL-BRAINLET,1.6,1.6,0.0,34341,,86432a6d-5bf2-474a-aba2-a9c6a7f51be8,0.0,0.0,0.0,https://icons.llamao.fi/icons/protocols/raydium,https://raydium.io
raydium-amm,4D1LDiENf5RkTJivGBvFbbUW4KPCNpyPRPnNJk1aT8z2,WSOL-DANK,1.69,1.69,0.0,34335,,e5874f7b-4c3c-4add-8c11-094ad0dc80c3,0.0,0.0,0.0,https://icons.llamao.fi/icons/protocols/raydium,https://raydium.io
raydium-amm,7v9UFTTbXGk9MRAYPWqff1dJ4yAK4SU6yKdVuUUNbCZp,WSOL-HOE,68.05,68.05,0.0,34287,,d781cb96-160c-5494-9b86-5612cbe964d2,56.2,57.93,0.0,https://icons.llamao.fi/icons/protocols/raydium,https://raydium.io
raydium-amm,3yMWyuQJsbkfGKNNErKK5qU2WFM2h67Eq5QEtYqTc3hL,WSOL-SELLER,40.69,40.69,0.0,34257,,afbdb0b0-fb24-4101-bc3e-aeef1aa9aee7,-23.74,-166.42,0.0,https://icons.llamao.fi/icons/protocols/raydium,https://raydium.io
raydium-amm,Hk3P7DvFnKCBoD6Q2vy9keHVePKQVJEsFQVybje7N7tq,WSOL-MOG,3.98,3.98,0.0,34247,,d029e4b4-9861-4ac5-9b55-4185e05c2b02,-1.79,-10.35,-6.11,https://icons.llamao.fi/icons/protocols/raydium,https://raydium.io
raydium-amm,8guix1wqRn8usUfmL54DrHCCLXLyTuDsTKEwhowdD2ms,WSOL-CRASHOUT,1.69,1.69,0.0,34223,,356d778d-b032-4171-8eed-7fcb16f2a98c,0.0,0.0,0.0,https://icons.llamao.fi/icons/protocols/raydium,https://raydium.io
raydium-amm,7CAcAcLpHZy1FZCfWaS3eWw3TuBvXEfkBU9PgB56bGs8,WSOL-ORDR,1.92,1.92,0.0,34176,,e82f980d-2529-512d-b581-5eb79c3fc802,-9.07,0.0,0.0,https://icons.llamao.fi/icons/protocols/raydium,https://raydium.io
raydium-amm,H11SuBosEhArxnes39NeSe5EHYgRs1pBEQaKKQnRcUhR,USDC-USDT,0.3,0.3,0.0,34127,,23766269-29f8-42ce-9426-815de07fc3c1,-0.15,0.0,0.0,https://icons.llamao.fi/icons/protocols/raydium,https://raydium.io
loopscale,BZxLxHxRYaBe6bFSTDPEDiGjqvRyeBqWcEecuGEa8NMC,ZENZEC,0.0,0.0,0.0,34001,,08058ca5-77c1-4337-885f-73087cd05c54,0.0,0.0,0.0,https://icons.llamao.fi/icons/protocols/loopscale,https://loop.sl
raydium-amm,AwenQA1iPVqB6BUTufbJDmh3ebCYwH1eJz4iTrE32PRr,WSOL-SAFE,1.78,1.78,0.0,33997,,31722182-d9b7-4c6c-aa01-38f2d13d7043,0.0,0.0,0.0,https://icons.llamao.fi/icons/protocols/raydium,https://raydium.io
raydium-amm,9snvENeavWQZhoFVbRvY5zb9PuDkugxU8gVjQRT6ddVj,WSOL-TOBI,1.23,1.23,0.0,33900,,6829a2c9-6778-4f3b-bd08-a2872d174063,0.0,0.0,0.0,https://icons.llamao.fi/icons/protocols/raydium,https://raydium.io
raydium-amm,BS6QomN4kP8vrRPYTWYVmAWBMPatxNgGVzXX369rACFw,OZA-WSOL,1.0,1.0,0.0,33826,,b01c0d50-6e12-4d44-a9c0-106a4c989d18,0.0,-0.45,0.0,https://icons.llamao.fi/icons/protocols/raydium,https://raydium.io
save,7vkzJegSxoRRWcTNWKK3tidzcTXsVWnpaCYH5ptQNFCT,FLAME,0.0,0.0,0.0,33771,,7df81fea-4ac3-464e-a134-245c288bed7e,0.0,0.0,0.0,https://icons.llamao.fi/icons/protocols/save,https://www.save.finance/
raydium-amm,CF5vPLDsrWXp1bekmwLohDzP7MzKEVubE2Bh4M2w7KsR,WSOL-WEALTH,1.53,1.53,0.0,33759,,e5f1fad2-25ec-4c2e-b2ba-a95d003ee96b,-2.22,0.0,0.0,https://icons.llamao.fi/icons/protocols/raydium,https://raydium.io
raydium-amm,DXU63JgwfjtE13mhGT9JGN9iYNMHYpwP9wgRTd1UCM5C,WSOL-TMC,1.36,1.36,0.0,33636,,8aff49b3-5ac8-484c-b43f-8e108c2e1f55,0.0,0.0,0.0,https://icons.llamao.fi/icons/protocols/raydium,https://raydium.io
orca-dex,,TREMP-USDC,0.0,0.0,0.0,33618,,eee08d87-b487-5819-8bfc-a66adc2ac0e7,0.0,-0.00062,0.0,https://icons.llamao.fi/icons/protocols/orca-dex,https://www.orca.so
raydium-amm,GhhHFipPqs11JuSEWMhD7Jv8RD8kydzaBdrhea46SFyj,MICHI-USDC,20.27,20.27,0.0,33615,,da80d94e-6dbd-4837-8870-6609ab73d707,0.0,0.0,0.0,https://icons.llamao.fi/icons/protocols/raydium,https://raydium.io
raydium-amm,4ejG9yd6WQeSZbqGSBG5TwyqopMNF1MMz8DNnTnREvoY,USDC-NKT,6.23,6.23,0.0,33605,,17ed7219-f86b-5bb8-adb4-56e6c8045fb0,2.25,2.88,-1.75,https://icons.llamao.fi/icons/protocols/raydium,https://raydium.io
raydium-amm,GcgJzPXmdAXZUQmLBTdV8VbuwZ9CEY224PY8dYsBvC4e,WSOL-REST,7.04,7.04,0.0,33556,,997f636e-188e-4d28-bc2e-a8f5dfe28eca,2.93,5.84,-0.21,https://icons.llamao.fi/icons/protocols/raydium,https://raydium.io
orca-dex,8QaXeHBrShJTdtN1rWCccBxpSVvKksQ2PCu5nufb2zbk,BONK-USDC,1.59268,1.59268,0.0,33541,,a5a6014e-ddda-4edf-975d-7a04a6ed167e,-0.09669,-1.55938,0.0766,https://icons.llamao.fi/icons/protocols/orca-dex,https://www.orca.so
save,3PArRsZQ6SLkr1WERZWyC6AqsajtALMq4C66ZMYz4dKQ,SOETH,0.0,0.0,0.0,33511,,e79d58ab-1031-4b0b-9646-5beeeff38deb,0.0,0.0,0.0,https://icons.llamao.fi/icons/protocols/save,https://www.save.finance/
raydium-amm,7T2hQCameHT5zEiafDpPy5gn9UTFY1MmfpjaxFuDz5Ba,USDC-DMT-NAT,8.03,8.03,0.0,33493,,201dc809-5752-47e0-ad71-b37bc9f149e4,0.0,0.0,-20.79,https://icons.llamao.fi/icons/protocols/raydium,https://raydium.io
raydium-amm,Ep8QTjpu7kHeBTVra3DKpQ6jo2X1jafjMGPAwa3VqjVr,NNN-WSOL,1.92,1.92,0.0,33433,,d3369ac1-18e1-4939-bd7e-30d118365f1b,-1.13,-2.12,0.0,https://icons.llamao.fi/icons/protocols/raydium,https://raydium.io
raydium-amm,CcQXUV35fs4jpkfKFfPfzRSycwnGaZZTrfhvmEdTtKRk,WSOL-42069K,1.86,1.86,0.0,33407,,f4e55105-5bb1-473f-8855-93af71b45c52,0.0,0.0,0.0,https://icons.llamao.fi/icons/protocols/raydium,https://raydium.io
raydium-amm,E9oGC72mZWYqmzR5ggB9DAoGyRssR3uhFWHG1L75RZve,WSOL-67,1.66,1.66,0.0,33402,,0d84f0ff-c3bd-4152-b24e-6bfe25c6f503,0.0,0.42,0.0,https://icons.llamao.fi/icons/protocols/raydium,https://raydium.io
raydium-amm,2EbY6YYKdQY9mmn9voiadgMcEnmZ5oe7qkcFVmywNrrE,PLTRX-USDC,6.08,6.08,0.0,33398,,d3d573d4-6dc6-48e2-8ec7-685e55e0f48d,-17.51,0.0,-23.59,https://icons.llamao.fi/icons/protocols/raydium,https://raydium.io
jupiter-lend,2YVNoVVLaWKwNpscmCiKuph2J6WdPrjZLyyjw85oDK36,JITOSOL,0.0,0.0,0.0,33379,,50cca68b-c9d7-48b3-83e3-68b04328f31e,0.0,0.0,0.0,https://icons.llamao.fi/icons/protocols/jupiter-lend,https://jup.ag/?ref=f6y1ryr2snn3
orca-dex,CEugAvp44myhqUqtTyUjAVejDesrThC9gBpgGYUQR8Zg,SCS-USDC,0.00733,0.00733,0.0,33303,,aae10e66-bf7d-4187-afe7-28499f1d04cf,0.0,0.0,0.0,https://icons.llamao.fi/icons/protocols/orca-dex,https://www.orca.so
raydium-amm,G2MVMpFBXT5nhN1Ky8kJf6SuF7VH6y33QaqueZ1aykDw,WSOL-COOK,1.36,1.36,0.0,33277,,818e14b1-67f8-4740-bf03-ded67872c562,0.0,0.0,0.0,https://icons.llamao.fi/icons/protocols/raydium,https://raydium.io
gmtrade,59uFARJWg7B8wcEuXzvkafiT4DuKemdNCN5bshDbwun9,QQQ-USDC,55.41309,55.41309,0.0,33122,,954f95a5-2156-4e9d-b67d-9adce8159c68,-0.00073,15.75364,7.76006,https://icons.llamao.fi/icons/protocols/gmtrade,https://gmtrade.xyz
raydium-amm,B4Vwozy1FGtp8SELXSXydWSzavPUGnJ77DURV2k4MhUV,WSOL-PENGU,1.84,1.84,0.0,33079,,82f8dccf-cf55-4abd-8fec-f511745a3ff9,-0.83,-0.14,0.58,https://icons.llamao.fi/icons/protocols/raydium,https://raydium.io
orca-dex,FAbwB8VgdgSGty5E8dnmNbu5PZnQcvSuLnboJVpw1Rty,STSOL-USDT,0.00343,0.00343,0.0,33031,,1b5ad515-da0f-4155-a393-80014bd92e40,0.00211,0.00255,-0.00237,https://icons.llamao.fi/icons/protocols/orca-dex,https://www.orca.so
raydium-amm,6EbfXCfcwJhfpCazVXmFLMg11waR1BygBBP4pRh6gXkJ,WSOL-OOBE,97.02,97.02,0.0,33030,,d0700f1e-efaa-4742-bfbe-04e35aa69171,67.28,86.73,51.15,https://icons.llamao.fi/icons/protocols/raydium,https://raydium.io
raydium-amm,6oSigCEyuQgsyvRS151PePSrnS2FWgmsgh2B6RtogPaM,WSOL-GHX,1.4,1.4,0.0,33027,,cbf35e56-93a1-4f90-8a09-c2271479d768,0.0,0.0,0.0,https://icons.llamao.fi/icons/protocols/raydium,https://raydium.io
raydium-amm,9ipFjpjR5es54uFFqzzeosVMhSv5AfGq78BsWvabxa1v,WSOL-CRODIE,1.69,1.69,0.0,33024,,84e8ffff-43ea-48d8-9737-28a2eb4acca4,0.0,0.0,0.0,https://icons.llamao.fi/icons/protocols/raydium,https://raydium.io
raydium-amm,8sZWRu9KkzGj6GMozqmYffqzSKweZpXXXShQqZBA5bnV,UTHR-USDC,1.73,1.73,0.0,32984,,4e064f67-66e7-4b70-9cec-f3155a8e1730,0.0,0.0,0.0,https://icons.llamao.fi/icons/protocols/raydium,https://raydium.io
raydium-amm,2NeA89Teb2wnWZpSbPNWkaHRoR4dDtMJLtP4eY57Ts7S,NOM-WSOL,1.54,1.54,0.0,32940,,9f8c8598-f94a-4a03-8261-ad69fa17c610,0.0,0.0,-48.83,https://icons.llamao.fi/icons/protocols/raydium,https://raydium.io
orca-dex,,GWOT-USDT,0.11027,0.11027,0.0,32900,,745c9677-4be5-5ec6-a396-d3fb1112faea,0.0,0.0,0.0,https://icons.llamao.fi/icons/protocols/orca-dex,https://www.orca.so
orca-dex,5yyCv9A4fPxpbas9yxP2K9RUGgiJoosRq7MtMXJ8x4qv,SOL-ACC,0.0,0.0,0.0,32897,,0f0e42f7-6bae-427f-97c4-aef5974b5c34,0.0,0.0,0.0,https://icons.llamao.fi/icons/protocols/orca-dex,https://www.orca.so
raydium-amm,DMi4ftMhn3PtY2gqs1C1WfWTgBtuSz9NkQoESQwKWq3u,ORC-WSOL,1.58,1.58,0.0,32857,,ed60bdda-88e8-4d65-b98b-40f7241a5ce9,-1.47,0.0,0.0,https://icons.llamao.fi/icons/protocols/raydium,https://raydium.io
project-0,7GbG8B1aHpV4Q271ozU9EDEGPTLXpekv7m2UgyCgFzr5,ZEC,11.83618,11.83618,0.0,32677,,5f6964ed-4341-4a75-abf0-d8d913e8378a,-11.93103,-1.16895,0.0,https://icons.llamao.fi/icons/protocols/project-0,https://app.0.xyz
raydium-amm,A5uJ6VHdd64Ho44tzjjK8TbSP8tGZJozV6qLQ5wBEH6f,$TPT-WSOL,5.53,5.53,0.0,32657,,98b6964b-ceeb-4bf6-a1f2-eeb83589b39a,0.0,0.0,0.0,https://icons.llamao.fi/icons/protocols/raydium,https://raydium.io
orca-dex,,NEURON-USDC,0.0,0.0,0.0,32639,,d0a2dce3-adec-5e9b-81de-7285d02a60ac,0.0,-0.11754,0.0,https://icons.llamao.fi/icons/protocols/orca-dex,https://www.orca.so
orca-dex,Bpo9m9PVHdCuBLaKP7rKVujnm996yPz6H6s7h7BTwuca,PENGU-JITOSOL,7.85447,7.85447,0.0,32589,,af33406c-43f1-4bcd-ba42-e7993e5b0427,-2.27634,-4.52962,-0.76587,https://icons.llamao.fi/icons/protocols/orca-dex,https://www.orca.so
kamino-liquidity,9qTHAiFD85EpTodEX7DnXgbVTzsPab6Njiy29hSoWYyR,PENGU-JITOSOL,10.49694,10.49694,0.0,32569,,8000c42a-0f4f-4768-882e-cb7641ccffee,10.49694,0.64039,0.93492,https://icons.llamao.fi/icons/protocols/kamino-liquidity,https://kamino.com/liquidity
orca-dex,6jZQFLhSAzTYfo33MSQYvwKvZYwxat8kUa29Mz63oHN9,MSOL-WHETH,2.36542,2.36542,0.0,32504,,101007ed-e913-43e4-9eb4-4ed3a1d8961d,0.69874,1.59448,-9.87524,https://icons.llamao.fi/icons/protocols/orca-dex,https://www.orca.so
raydium-amm,8B9xR1dz9JQ3iEdGTsMGiguBE93eggd7zLHnRyCcoNH3,WSOL-LOOBY,2.03,2.03,0.0,32492,,66a81a01-9f1f-4975-a507-52509f23d03f,0.0,0.0,0.0,https://icons.llamao.fi/icons/protocols/raydium,https://raydium.io
cube,,SOL-USDC-CBBTC,2.8543,2.8543,0.0,32397,,ee80dc2e-1b1b-4ee1-b1bc-835ba83576a3,-32.51189,-5.33937,-17.24724,https://icons.llamao.fi/icons/protocols/cube, 
raydium-amm,DTJQKotXwZSk7MZ7FKW9hPtTrwYSTCgxCdYuEeHhFiNR,WSOL-GLONK,1.7,1.7,0.0,32379,,d303c918-d6cf-4e9a-9f99-ab3472d32a9a,0.0,0.69,0.0,https://icons.llamao.fi/icons/protocols/raydium,https://raydium.io
loopscale,BqtHwfxtfKNjK98TA2UTspsWwNb8t2SZASsdr35VyNzN,TGBP,38.30158,0.0,38.30158,32345,2zMqyX4AYCk6mgy5UZ2S7zUaLxwERhK5WjqDzkPPbSpW,61a6a976-f70f-4f38-b4a4-a5d3fda6832c,0.0,32.14619,32.14619,https://icons.llamao.fi/icons/protocols/loopscale,https://loop.sl
raydium-amm,G6oNRyjP2WAVDUTYFPZsgBBxxMetyQEi2AYbmzRNe7Mc,SMOG-WSOL,1.39,1.39,0.0,32330,,c8898f32-dad9-4b87-9d99-a45763850f2e,0.0,0.0,0.0,https://icons.llamao.fi/icons/protocols/raydium,https://raydium.io
raydium-amm,FJUtc21eLo7k4E6eb86r5WB8ikD8Gizw3SJDPPoL7wjp,WSOL-OPAIUM,1.47,1.47,0.0,32310,,a0ff04dd-10d3-4a0f-a1df-b9374cec7b7a,-1.03,-0.1,0.0,https://icons.llamao.fi/icons/protocols/raydium,https://raydium.io
kamino-liquidity,AHzXfKzk7qftgiff6ARFDVi2gBQ26LtvMAyWKiDriPH4,CBBTC-WBTC,0.0,0.0,0.0,32270,,8e602334-dfc8-42c3-b267-ba478424c3fc,0.0,0.0,0.0,https://icons.llamao.fi/icons/protocols/kamino-liquidity,https://kamino.com/liquidity
raydium-amm,DThR9WwS7qVUFswtabmbX7SRPZejpJgdy6CTB631kpgF,BIRDDOG-WSOL,1.55,1.55,0.0,32200,,5d778e81-84ac-4626-a5a6-e5f2f168e62f,0.0,0.0,0.0,https://icons.llamao.fi/icons/protocols/raydium,https://raydium.io
raydium-amm,B9c1h8YJTH7qx1fzsRkXDRJAtjHBEyppj4aWkQEAeUfz,WSOL-CHOCTOPUS,1.56,1.56,0.0,32175,,c1592611-083f-4fef-97c9-42da15c6d34e,0.0,0.0,-23.24,https://icons.llamao.fi/icons/protocols/raydium,https://raydium.io
kamino-liquidity,FAVSpnZsNWKTnPmn4qPttZjT6MiWyCQjUVzDuf6pLcTB,MNDE-MSOL,0.0,0.0,0.0,32148,,79e2e168-ad4d-46b5-814b-300e5718cb51,-27.72476,-21.72287,0.0,https://icons.llamao.fi/icons/protocols/kamino-liquidity,https://kamino.com/liquidity
orca-dex,ek5qUSH3qws3FjLVko1kqkKopFw6SUNtr5jijrcR9pi,SOL-ZBTC,1.48752,1.48752,0.0,32099,,b4fa6d94-9e9c-40b5-b07e-5310ca90b663,0.23103,0.67484,-4.5048,https://icons.llamao.fi/icons/protocols/orca-dex,https://www.orca.so
orca-dex,HVFrsqUwkYfna2FNDTT6aEQGNvRDqsi6JFgJUwiFoGiP,CASHCAT-USDC,214.64806,214.64806,0.0,31961,,ea7875db-2680-5012-8559-3dd1a0303e5a,0.0,103.75647,0.0,https://icons.llamao.fi/icons/protocols/orca-dex,https://www.orca.so
raydium-amm,8ys1vtWLRX4XMcV8tKQsdzTZHRcG8oH7WC7PyfCJPpbp,GERMANYS-USDT,0.07,0.07,0.0,31890,,e70053b1-9d89-5f2a-81f1-fe19396e9cfa,0.0,0.0,0.0,https://icons.llamao.fi/icons/protocols/raydium,https://raydium.io
gmtrade,59uFARJWg7B8wcEuXzvkafiT4DuKemdNCN5bshDbwun9,AMZN-USDC,55.98135,55.98135,0.0,31843,,3d99a2b1-ca5b-4fc5-9e4c-112382b7bcc9,-0.00074,25.32263,31.22226,https://icons.llamao.fi/icons/protocols/gmtrade,https://gmtrade.xyz
raydium-amm,8YtQCMo4bNAPcUN8t2LH6aZdtprDVnBnvoBrt5ZFn1hP,WSOL-SIRIUS,1.71,1.71,0.0,31837,,7e97e0bd-0295-4596-8d97-f7781463ac18,0.0,0.0,-1.77,https://icons.llamao.fi/icons/protocols/raydium,https://raydium.io
raydium-amm,8eDbm6xtyaSAzQG6NN2UpkyiSfV81xTLmZXHCrBGeKvc,WSOL-FLORK,1.96,1.96,0.0,31806,,ef858491-bf6d-47d8-8c1e-971a2fbda7f6,-0.11,-0.32,-18.63,https://icons.llamao.fi/icons/protocols/raydium,https://raydium.io
raydium-amm,s1sJkWi2fq1meGvAaDPrgqThe3G5k6m6xk8TyscfjXN,WSOL-MEGA,25.96,25.96,0.0,31728,,6c396f62-2637-452a-b380-1735236bcccc,-4.85,0.0,0.0,https://icons.llamao.fi/icons/protocols/raydium,https://raydium.io
orca-dex,6G1iTyXWB8zmC68JMgLaKgPGyGW8adpeEDQFdEiR21Pj,SYRUPUSDC-COINOMI,2.89591,2.89591,0.0,31648,,32cffd56-4d1e-46ba-813a-f926e8395254,1.953,1.79035,-2.32826,https://icons.llamao.fi/icons/protocols/orca-dex,https://www.orca.so
orca-dex,Ef1i833QDSK7AzkocsGEqpYN5WwJ6R9xvyTzVSLhc2HL,XBTC-JITOSOL,1.35549,1.35549,0.0,31644,,61ddeb60-2223-4c31-82d6-def7fa4be946,-0.14456,0.52172,-5.29224,https://icons.llamao.fi/icons/protocols/orca-dex,https://www.orca.so
raydium-amm,4RM63UqsNpqFhqCzgKEAMhpg7Ree72Y9q9R59Chmj1hB,BONGO-WSOL,1.54,1.54,0.0,31626,,3e9563c0-0de2-4197-bb55-b5b7b898a82b,-2.45,0.0,0.0,https://icons.llamao.fi/icons/protocols/raydium,https://raydium.io
kamino-liquidity,7GMx376E5SvizSJ2NCT82VscSnPJWiRAkNz8a7fWrphd,XBTC-JITOSOL,0.0,0.0,0.0,31531,,6e12e1bb-ff71-46bb-b231-3a652e694bd2,0.0,0.0,0.0,https://icons.llamao.fi/icons/protocols/kamino-liquidity,https://kamino.com/liquidity
raydium-amm,JBWw9MYamX5XQiyJ8qhT9kMqcTgiG8aYpjUWNtewkUsb,WSOL-$DAUMEN,1.72,1.72,0.0,31468,,536f4d59-617a-48b1-a31c-cc4346a9d2b6,0.0,0.31,-4.12,https://icons.llamao.fi/icons/protocols/raydium,https://raydium.io
raydium-amm,EyDgEU9BdG7m6ZK4bYERxbN4NCJ129WzPtv23dBkfsLg,SAMO-RAY,6.86,6.86,0.0,31451,,e3fa75fc-359a-40f3-b179-0c3d2158fdb4,-10.89,0.0,-2.3,https://icons.llamao.fi/icons/protocols/raydium,https://raydium.io
orca-dex,FwzRabYpaNEbQBCTXsRZyExP9cjiw2zLasQTs5SnMind,FARTCOIN-USELESS,37.24011,37.24011,0.0,31450,,157c63f1-f4df-47cf-8928-5d43c9b82378,0.80328,-24.21844,-71.07371,https://icons.llamao.fi/icons/protocols/orca-dex,https://www.orca.so
orca-dex,C3bBWcHHWpfpmevH8MAnKTRED1tVcAwDGC9TY89UZEtd,PENGU-COINOMI,1.61844,1.61844,0.0,31435,,2a3a22d8-d923-4119-8ae0-3f2abaa9d929,-1.85577,-1.15509,0.33464,https://icons.llamao.fi/icons/protocols/orca-dex,https://www.orca.so
kamino-liquidity,Ch3VQCUELwu5QUQqsNEEDjYmEWyV7TnnRn8zLA4pyyva,SOL-PYTH,0.0,0.0,0.0,31432,,79b1d437-3870-4a01-8acc-b94754f9aa72,0.0,0.0,0.0,https://icons.llamao.fi/icons/protocols/kamino-liquidity,https://kamino.com/liquidity
kamino-liquidity,BqhLZ9qfLse3E4fMCrKDHRo4nN7FM7EA6WDSDumY625D,SOL-ZBTC,0.0,0.0,0.0,31414,,418e29f4-0222-4367-94ae-4e17acdc4d00,0.0,0.0,-5.49549,https://icons.llamao.fi/icons/protocols/kamino-liquidity,https://kamino.com/liquidity
save,6ik7qv9WMQTHxbA6tpidaqAHaeGng3KDsLiweEA5mGtT,USDC,3.57,3.57,0.0,31376,,83b6ee94-3c66-450f-a078-f68d9cd53c84,0.0,-0.04,-0.16,https://icons.llamao.fi/icons/protocols/save,https://www.save.finance/
project-0,5Tj1B7bT8PSyKjUCBxiUNe5C2Pn59NhA2ohmdj3RPpE5,YIELD,0.0,0.0,0.0,31325,,87c53eb6-d9c5-4b6f-bddd-d34b465c7260,0.0,0.0,0.0,https://icons.llamao.fi/icons/protocols/project-0,https://app.0.xyz
orca-dex,,NONGWAN-USDC,3.57256,3.57256,0.0,31323,,c86ce6eb-6863-5a13-b44e-eb92dba38454,0.0,0.0,0.0,https://icons.llamao.fi/icons/protocols/orca-dex,https://www.orca.so
orca-dex,EmBUBG5hi94St9mxJHVZr4uz7vEZ62zYsNDFUac88GAU,BNB-USDC,8.15367,8.15367,0.0,31321,,b95a0362-8fb1-4716-a458-4e6586b96e2a,-1.56085,5.77179,0.0,https://icons.llamao.fi/icons/protocols/orca-dex,https://www.orca.so
raydium-amm,9KjD61JqCuUaBr9T9Fq5iJU5VtXwZ9C31fBUDmg2d7Bd,TTS-WSOL,1.54,1.54,0.0,31210,,a6d0bee3-4c0e-59fb-b314-8894d897d773,0.0,-2.71,0.0,https://icons.llamao.fi/icons/protocols/raydium,https://raydium.io
kamino-lend,7fhqedVZMAEU6PxLv6ZRJsLd52UonkZbE8rATiZraCCJ,BONKSOL,0.0,0.0,0.0,31178,,c26a8e19-bc02-4fb3-b917-e7f8e66f839a,0.0,0.0,0.0,https://icons.llamao.fi/icons/protocols/kamino-lend,https://kamino.com/
orca-dex,9CkWqmXeZdUwPtt2VTAfwXcGTyHVPpGVjeHKM3SZfdb1,FARTCOIN-ZEC,4.23919,4.23919,0.0,31165,,bba010fc-e741-4754-b2b4-5043a9af7718,0.0,-1.23338,0.0,https://icons.llamao.fi/icons/protocols/orca-dex,https://www.orca.so
orca-dex,DUy9DuDNbHCSExk1Lv8SuiWwKZyL6THaKdwJREn4wi1X,LMDA-USDC,0.0,0.0,0.0,31139,,1735602f-b228-4f80-894d-1adcd6451999,0.0,-0.1591,0.0,https://icons.llamao.fi/icons/protocols/orca-dex,https://www.orca.so
raydium-amm,CwTDbhxMPGG8biMdgDiHeTEywr4HDKawRtiPv7W1UDk3,JOS-WSOL,1.89,1.89,0.0,31139,,b27d5f08-5740-4ea0-8b19-c11f2ce18361,0.0,0.0,0.0,https://icons.llamao.fi/icons/protocols/raydium,https://raydium.io
raydium-amm,AmzJQtcJfxqNZeRkhGr4B9uSWj5Mtb3N5DHah5zbMRiz,WSOL-ALPACA,1.84,1.84,0.0,31138,,e7fb990b-4113-4de2-a872-4c5e5d7a8681,-0.42,0.0,0.0,https://icons.llamao.fi/icons/protocols/raydium,https://raydium.io
raydium-amm,CYMbv1bA6R33uWPFi58yMfatWqJXYkZA9DEP1EpA6sLH,WSOL-TT,2.32,2.32,0.0,31131,,f06db63c-4405-4b8e-a050-943eaabfe8cb,-2.45,0.72,-8.11,https://icons.llamao.fi/icons/protocols/raydium,https://raydium.io
orca-dex,5qJCeYWzvkrKuD1r7bQDus8ffm2vjrunxNUht6NTeise,SOL-POKT,148.15355,22.72985,125.4237,31078,6CAsXfiCXZfP8APCG6Vma2DFMindopxiqYQN4LSQfhoC,b9977b8b-e977-4c25-a23a-df92433229dc,-22.56511,-41.45999,-37.38012,https://icons.llamao.fi/icons/protocols/orca-dex,https://www.orca.so
raydium-amm,4XmdX5Umx7qt3uvMapdXzWPQefx2WZf4tZ69XAmNyF3X,WSOL-JASON,1.46,1.46,0.0,31074,,8e323888-9cac-45ff-ae0b-77bd88ea3583,0.0,0.24,0.0,https://icons.llamao.fi/icons/protocols/raydium,https://raydium.io
orca-dex,CANVTAWuEF9wQFhxmQ4NHwqxz55wLZMCFqCHDPFX626y,GIGA-COINOMI,2.60675,2.60675,0.0,30953,,d47efa3c-42b3-41d5-87e7-dac0f8b1316e,-2.34221,1.3154,-8.57601,https://icons.llamao.fi/icons/protocols/orca-dex,https://www.orca.so
orca-dex,,USDC-PNORTH,3.62389,3.62389,0.0,30925,,bcf5e0cf-13bc-5bb9-b911-c62d475721ce,0.0,0.0,0.0,https://icons.llamao.fi/icons/protocols/orca-dex,https://www.orca.so
orca-dex,DnHvYMyhtXC2fCwk9okZ7vfx4kmuPBLfciVjZyrgqnPQ,USDC-禅宗,3.62776,3.62776,0.0,30925,,6936924a-9641-565c-bc79-50f81e318c6c,0.0,0.0,0.0,https://icons.llamao.fi/icons/protocols/orca-dex,https://www.orca.so
raydium-amm,CAnJy5Rs2zTvvdhTdjk11x8SNwGknEQ7AFXVScUfYYJT,FIW-WSOL,1.05,1.05,0.0,30867,,6b06cf17-a1c7-478c-9c25-d4dc9c3e7202,0.0,-0.71,-14.42,https://icons.llamao.fi/icons/protocols/raydium,https://raydium.io
raydium-amm,8arNSCmsoAD6FeLZTdcEeNp3GVUYvwQokxE5dEozEnN7,APYS-USDC,2.1,2.1,0.0,30859,,13f3c81c-1fd7-449e-8cb8-c6949af23dc0,0.0,0.0,0.0,https://icons.llamao.fi/icons/protocols/raydium,https://raydium.io
orca-dex,Czfq3xZZDmsdGdUyrNLtRhGc47cXcZtLG4crryfu44zE,SOL-USDC,0.5086,0.5086,0.0,30798,,bdbbacdb-9c39-4c59-a3e8-eecb5ef603e6,-0.60247,0.12975,-21.83286,https://icons.llamao.fi/icons/protocols/orca-dex,https://www.orca.so
orca-dex,2AEuH1T2f9fjwMQ5GYXkQJFdLnJuxyzGv9nEur2Fs3w8,PAC-USDC,0.0,0.0,0.0,30733,,57ea7ed2-fff1-5e6e-bfa7-4e48d553e5bf,0.0,0.0,0.0,https://icons.llamao.fi/icons/protocols/orca-dex,https://www.orca.so
raydium-amm,CGNJAMpqtUEWuwNz8oyz6FBLvjwK7AGRPmjyj7T3AhMs,MELON-WSOL,1.78,1.78,0.0,30676,,c8694ec9-16fa-4007-a24b-187c0c2a5a53,0.0,0.0,0.0,https://icons.llamao.fi/icons/protocols/raydium,https://raydium.io
raydium-amm,EkawjsiXMtai5VRr3fpra69C7D8tt6xD4RtLb3KXaqpp,WSOL-CB,2.04,2.04,0.0,30621,,a6a27039-9193-497f-b160-59ea8f9003dd,0.0,0.0,0.0,https://icons.llamao.fi/icons/protocols/raydium,https://raydium.io
save,4d5aycKFt3R3YN2SDghfEPr6DwMNv197xT6sND5LnrEF,WSTETH,0.0,0.0,0.0,30580,,b50b0a4c-2df7-4fe0-89fb-db64ece255a8,0.0,0.0,0.0,https://icons.llamao.fi/icons/protocols/save,https://www.save.finance/
orca-dex,,FERRET-USDC,3.69715,3.69715,0.0,30532,,a74f5745-505f-5015-a199-ece3027ebff6,0.0,0.0,0.0,https://icons.llamao.fi/icons/protocols/orca-dex,https://www.orca.so
raydium-amm,B34Pu6w8eecYRXLEDxBCPy5JoFLy3iycLAPJpYiwbKMK,WSOL-KENDU,12.18,12.18,0.0,30484,,0338b1b2-ec14-45dc-8c29-188e204188dc,-2.92,11.11,7.15,https://icons.llamao.fi/icons/protocols/raydium,https://raydium.io
raydium-amm,J6nJRRM9pzsRTU3V3yVWZfN3Z84xSisUM1DAa4DMQ7K9,WSOL-AIB,1.21,1.21,0.0,30453,,403c92ba-d757-4888-886e-f473fdab4e17,0.0,-4.13,0.0,https://icons.llamao.fi/icons/protocols/raydium,https://raydium.io
orca-dex,Et9ds3gAzGath532xasPiXt5bJxhSqkuZX4fPwwYwTcL,WBTC-XBTC,0.31079,0.31079,0.0,30392,,07f30ec4-ea84-44b6-bfbb-a2a797188d43,-12.95522,-0.12239,-7.15074,https://icons.llamao.fi/icons/protocols/orca-dex,https://www.orca.so
raydium-amm,ARUQnJx4zCdL3aEmpXpm3Fa5TT6tQL1JcM8DU32gqQQi,BOBUKI-WSOL,2.16,2.16,0.0,30352,,024e5b5f-a199-4199-b4d6-b0b57d726052,0.0,0.0,0.0,https://icons.llamao.fi/icons/protocols/raydium,https://raydium.io
orca-dex,3CvqdT8sugas7bs2yWqZAWgf2rBmwfZUCsYUteLryZxV,MU-SKHY,8.78802,8.78802,0.0,30351,,0a149112-a340-5cf6-8cc6-c0e7c7be8f93,0.0,0.0,0.0,https://icons.llamao.fi/icons/protocols/orca-dex,https://www.orca.so
raydium-amm,44goD5iUuiUK5xuGHDnW4jPHehADwtYnxr8qxGi2XYsR,WSOL-VALENTINE,1.44,1.44,0.0,30290,,e1084684-91e7-41cd-b7d4-b193e6b27e52,0.0,-0.26,0.0,https://icons.llamao.fi/icons/protocols/raydium,https://raydium.io
raydium-amm,5zk4vhcPaFboRS16LQejvUDVbzsAjH3NCDrqvumGnTYv,WSOL-JAM,2.78,2.78,0.0,30279,,86e285b3-5845-454e-a3dd-7f06709bdac1,0.0,0.0,-6.51,https://icons.llamao.fi/icons/protocols/raydium,https://raydium.io
kamino-lend,D1ZdZSNfn6nfzEyK6uvFCcRi8SzihnPdYHLtnjBjwxGn,ALP,0.0,0.0,0.0,30278,,48be958c-cb85-4baa-8131-891d09c2193d,0.0,0.0,0.0,https://icons.llamao.fi/icons/protocols/kamino-lend,https://kamino.com/
orca-dex,HkhP2fXBFCQbCKiubD56nTDMVsBxZFxVqHFGWfz59wfV,SOL-EDGESOL,0.0,0.0,0.0,30239,,d4b7b1e3-8307-432b-aeb7-132a35560f23,0.0,0.0,0.0,https://icons.llamao.fi/icons/protocols/orca-dex,https://www.orca.so
raydium-amm,Fac854FdruVh97UbYdYaR9BYd4akPShEEqtYezdyCEo,$DICE-WSOL,6.56,6.56,0.0,30186,,833c3afe-2875-4a56-8b69-5224f354ef59,3.7,3.23,0.0,https://icons.llamao.fi/icons/protocols/raydium,https://raydium.io
raydium-amm,Etwo8fwUx5RHgfpwiJHJ5hWRNqrjzQk4C48h27R3xVnd,CBBTC-JITOSOL,1.45,1.45,0.0,30152,,7833af89-92c3-4a8c-8b55-86bddc1ce762,-0.4,0.38,-5.17,https://icons.llamao.fi/icons/protocols/raydium,https://raydium.io
project-0,3RVamPQE3nDViuUU7wdZJgnru7Q93cRzdysXA8kjxMiq,ZBTC,0.23188,0.23188,0.0,30144,,20a0395a-ddc6-4794-b38f-0b718b934d84,0.0,1e-05,0.0,https://icons.llamao.fi/icons/protocols/project-0,https://app.0.xyz
orca-dex,,MVP-USDT,0.12703,0.12703,0.0,30134,,55a0671a-08e2-5262-8376-13ce2ff4340b,0.0,0.0,0.0,https://icons.llamao.fi/icons/protocols/orca-dex,https://www.orca.so
raydium-amm,6qJqDaYUMHkda55jP8h48FV2r7ejMFfudCFmY6z9a6uh,WSOL-$HACHI,33.25,33.25,0.0,30082,,0db48cb3-ab64-455b-bd57-fc59b97b6d22,-3.5,-0.82,3.33,https://icons.llamao.fi/icons/protocols/raydium,https://raydium.io
orca-dex,G5yYGzFoZKhRi7nyEUxSNNVqTTE1PygwGS7em7LMZyEv,SOL-401JK,4.95195,4.95195,0.0,30066,,14485e62-a82b-4769-8d82-0b362d800244,-2.91137,2.38392,-3.02091,https://icons.llamao.fi/icons/protocols/orca-dex,https://www.orca.so
kamino-liquidity,38viuprApGkwARGQw4A12hbKQ67u6xxMU5FUvz8h9EKQ,CBBTC-JITOSOL,0.0,0.0,0.0,30040,,03f0d5c2-2b00-4a1c-8146-4c2f89eb8990,0.0,0.0,0.0,https://icons.llamao.fi/icons/protocols/kamino-liquidity,https://kamino.com/liquidity
raydium-amm,6kbNbdRpucEStt1V9vTmhB52kw6ZBv3Uf9iS9DWrhPBu,WSOL-PORK,7.24,7.24,0.0,29932,,26eea005-17d2-4c87-9fec-04eebd8bb0dc,0.0,5.75,3.21,https://icons.llamao.fi/icons/protocols/raydium,https://raydium.io
raydium-amm,BNcHSyLFy3jELV2ZyUf3HF6ncdxfcfLE2knNveWzZ9FL,WSOL-NEURAL,5.51,5.51,0.0,29904,,0e887d60-cd16-4378-a2da-d806c3647bc0,2.13,0.0,-5.06,https://icons.llamao.fi/icons/protocols/raydium,https://raydium.io
raydium-amm,YGSV5UKCXz3WLAyfviB7oWHQRQbvm5ETtyFVPfystmh,WSOL-PRAWN,1.55,1.55,0.0,29884,,f997d8c6-bfc9-4ce2-85ba-47a4bb48bc8a,0.0,0.0,0.0,https://icons.llamao.fi/icons/protocols/raydium,https://raydium.io
orca-dex,J3pioQjJkv8iXjF2g749MqjG6WXwRHZcn4mR922wTbeG,USDC-GILTS,0.00072,0.00072,0.0,29819,,6a845bdb-ac4c-5f3b-a909-f0987eb33cea,-1.68918,0.00072,0.0,https://icons.llamao.fi/icons/protocols/orca-dex,https://www.orca.so
raydium-amm,GvXSACXMvDZkpkdm4e6bSM4skcZSnetepZP7C8CXhLQe,WSOL-GREED3,1.37,1.37,0.0,29748,,2165ba11-95b9-43ab-9e85-7271612dd987,0.0,0.0,0.0,https://icons.llamao.fi/icons/protocols/raydium,https://raydium.io
orca-dex,,MVP-USDT,0.01466,0.01466,0.0,29679,,a1e65fc1-1e8f-5c54-87b5-0b105d023f12,0.0,0.0,0.0,https://icons.llamao.fi/icons/protocols/orca-dex,https://www.orca.so
orca-dex,3CvqdT8sugas7bs2yWqZAWgf2rBmwfZUCsYUteLryZxV,MU-SKHY,0.31105,0.31105,0.0,29654,,adbfcd78-4011-59de-9b0e-f6cd5d0dc13f,0.0,0.0,0.0,https://icons.llamao.fi/icons/protocols/orca-dex,https://www.orca.so
raydium-amm,CGh7VdBdzDVYScEWM1vvhpAXwGDs9QuRhViVox6dsky5,WSOL-CHIIKAWA,2.48,2.48,0.0,29652,,9165ae9c-bd31-43aa-bb1b-37ebb69ac327,-1.83,-11.03,0.0,https://icons.llamao.fi/icons/protocols/raydium,https://raydium.io
kamino-liquidity,5Ukhigiuk53mXn8QXfy8ePqfnWwA5UFtd4DnvDD2ddd2,SOL-WBTC,0.0,0.0,0.0,29537,,6f85ea1d-abe9-4d86-aca1-51a2203a040e,0.0,0.0,0.0,https://icons.llamao.fi/icons/protocols/kamino-liquidity,https://kamino.com/liquidity
raydium-amm,EZVkeboWeXygtq8LMyENHyXdF5wpYrtExRNH9UwB1qYw,JUP-WSOL,7.59,7.59,0.0,29493,,c6bbf73a-609c-4316-92dd-1fe9063a3d88,-1.54,3.07,-33.52,https://icons.llamao.fi/icons/protocols/raydium,https://raydium.io
raydium-amm,FDdWkcT49qEwUAKMFcvVrtHrN79pLCtNE1Nmozpm8g23,WSOL-PCSM,1.71,1.71,0.0,29446,,d50bd2f2-c967-49ca-8f17-c0cbdd18b8f6,0.0,0.0,0.0,https://icons.llamao.fi/icons/protocols/raydium,https://raydium.io
orca-dex,,USDC-SPOODERMAN,0.13063,0.13063,0.0,29402,,b0256ff5-8c7b-5195-9107-043c95f0172a,0.0,0.0,0.0,https://icons.llamao.fi/icons/protocols/orca-dex,https://www.orca.so
orca-dex,,MAGAVERSE-USDC,0.13222,0.13222,0.0,29334,,29e41976-c229-51d2-9cd2-63f2ae524a15,0.0,0.0,0.0,https://icons.llamao.fi/icons/protocols/orca-dex,https://www.orca.so
orca-dex,,SOL-ZFELY,0.28276,0.28276,0.0,29302,,d29ca7da-1c50-524e-a97c-64253ce3185b,0.0,0.0,0.0,https://icons.llamao.fi/icons/protocols/orca-dex,https://www.orca.so
raydium-amm,DZHsAcSPS6T1oYT9n7t8CBY3s59QeEcHQRfaQVCPhNjU,WSOL-NUUM,4.45,4.45,0.0,29297,,22a453a8-9a40-4101-8075-fbfb417f774e,0.0,-0.56,0.0,https://icons.llamao.fi/icons/protocols/raydium,https://raydium.io
orca-dex,5bY2fh9rgTYaBDxFGFJmddhaDkm5zwiWP6b2ZsjJZyP,PLTRX-USDC,14.54504,14.54504,0.0,29262,,06244737-82e1-41f3-b178-80a17165219c,-9.80094,8.90228,-26.19174,https://icons.llamao.fi/icons/protocols/orca-dex,https://www.orca.so
orca-dex,,WIF-USDC,3.9796,3.9796,0.0,29195,,ab1e49e3-5efd-51e1-aca9-687d967aacbf,0.0,0.0,0.0,https://icons.llamao.fi/icons/protocols/orca-dex,https://www.orca.so
orca-dex,3xJfLQbQSiBx6uNY6YFUyhzxg7SXXK9Xnyq2Bawj4uHx,SKHY-USDC,0.0,0.0,0.0,29053,,b457d32c-a949-5f00-9133-21c9c70025d0,0.0,0.0,0.0,https://icons.llamao.fi/icons/protocols/orca-dex,https://www.orca.so
raydium-amm,36y1LqJQNL7jPU4hUoFhGegXNQHKJggGkg5inSukRTuR,SHIB-WSOL,2.18,2.18,0.0,29038,,dc05873d-2ea4-4e50-9805-0fd234e09d03,0.0,0.46,0.0,https://icons.llamao.fi/icons/protocols/raydium,https://raydium.io
orca-dex,Fvtf8VCjnkqbETA6KtyHYqHm26ut6w184Jqm4MQjPvv7,USDH-USDC,0.09963,0.09963,0.0,29017,,9b08d635-0072-40d7-b09d-34129d4e591e,0.06811,0.06331,-0.06286,https://icons.llamao.fi/icons/protocols/orca-dex,https://www.orca.so
orca-dex,A2v9sbeg6gfaJZZcZt79FfL8gT346tjTbso2MbXLoXJU,SOL-R$L.,0.0,0.0,0.0,28952,,e34ee232-604c-447c-93e4-97580590e2ce,0.0,-0.01226,0.0,https://icons.llamao.fi/icons/protocols/orca-dex,https://www.orca.so
orca-dex,,MVP-USDT,0.13235,0.13235,0.0,28930,,76aa74ad-ec18-5ae7-bf2a-aa41d0a3ce4a,0.0,0.0,0.0,https://icons.llamao.fi/icons/protocols/orca-dex,https://www.orca.so
gmtrade,5PQpUVKqc2DwqRVVdY8L6DcPCZdimmwKm1tkPnBywrN8,WGMX-USDC,1.22296,1.22296,0.0,28888,,7f48a5b3-4a6f-56bd-b675-f864ffec9d47,-2e-05,0.96237,0.0,https://icons.llamao.fi/icons/protocols/gmtrade,https://gmtrade.xyz
raydium-amm,28cvXZq2Cwu7ZHuSAuNkHhZN3SNMz9bHh62Qapp1J3xY,SHARBI-WSOL,1.12,1.12,0.0,28869,,ef359729-8af8-4ec0-a832-74057e24e7cb,0.0,-1.38,0.0,https://icons.llamao.fi/icons/protocols/raydium,https://raydium.io
raydium-amm,GCgn1NEtxZaNRVfZFno1W1Br5VdvUg7MYSxDCgSRFSM4,WSOL-LIZARD,20.28,20.28,0.0,28821,,67d00a28-1fca-462b-b86b-ecfcfa7bf4c2,15.23,18.41,16.94,https://icons.llamao.fi/icons/protocols/raydium,https://raydium.io
raydium-amm,EkgZSercRd3yLTGtrTbcvq43RmuoWnWRueozhw57DC9k,WSOL-GAVIN,7.02,7.02,0.0,28794,,eb7bc9b4-dd74-4ac8-aa3c-b1f9715426e9,4.78,4.15,0.0,https://icons.llamao.fi/icons/protocols/raydium,https://raydium.io
kamino-liquidity,Cfuy5T6osdazUeLego5LFycBQebm9PP3H7VNdCndXXEN,USDH-USDC,0.0,0.0,0.0,28778,,dc1420de-7646-456a-be87-5d6c9c0a726d,0.0,0.0,0.0,https://icons.llamao.fi/icons/protocols/kamino-liquidity,https://kamino.com/liquidity
orca-dex,4Ui9QdDNuUaAGqCPcDSp191QrixLzQiLxJ1Gnqvz3szP,JUP-USDC,5.57351,5.57351,0.0,28748,,2278efce-6527-4065-985d-756ebe0f0555,-2.19211,2.62477,-21.52863,https://icons.llamao.fi/icons/protocols/orca-dex,https://www.orca.so
raydium-amm,DpawppCceYB99WnNcoQSMGexauhnMQfxE79MnNvVtpHC,AI-WSOL,1.96,1.96,0.0,28629,,1ffa4abf-d7ff-4bba-aa58-81cc20b1b301,0.0,0.21,0.0,https://icons.llamao.fi/icons/protocols/raydium,https://raydium.io
raydium-amm,7bNW3AZzo8Jc8gFs2Q2a5gEbji8SoDD8YKbvURJfy6M8,WSOL-WTF,2.32,2.32,0.0,28546,,c713aa28-c83d-4579-bb42-57865687b92f,-0.9,0.0,0.0,https://icons.llamao.fi/icons/protocols/raydium,https://raydium.io
raydium-amm,4d2NqFxHSPkXgxa6DxpRCY2G6WK5v6ouKXXXu2NijKRf,WSOL-SHIBU,1.7,1.7,0.0,28511,,26cab34f-e30a-4334-88e2-0cad380421e2,0.0,0.0,0.0,https://icons.llamao.fi/icons/protocols/raydium,https://raydium.io
raydium-amm,B3NePqc5WyWLzm3LWp5BaBKXRByZ52cksTvFARpYt4PV,INBRED-WSOL,1.97,1.97,0.0,28253,,1faed1e6-c727-45b1-acbf-ffbf923c06a8,0.0,-0.31,0.0,https://icons.llamao.fi/icons/protocols/raydium,https://raydium.io
gmtrade,59uFARJWg7B8wcEuXzvkafiT4DuKemdNCN5bshDbwun9,BOME-USDC,177.05888,177.05888,0.0,28226,,ee7af3f9-1ae0-42a6-bdf7-da6770f5856b,-10.73087,112.78365,59.07412,https://icons.llamao.fi/icons/protocols/gmtrade,https://gmtrade.xyz
raydium-amm,3G2itp6ERsvSs2UhfYMTEdX21uxVdKc71ipGQG8oGtom,SAROS-USDC,1.78,1.78,0.0,28200,,ff31c03a-3604-46dc-aa69-27781a894f79,-0.16,-0.22,1.02,https://icons.llamao.fi/icons/protocols/raydium,https://raydium.io
kamino-liquidity,71rmGfXzmPWyrLJCiJPcvBptyBBGKwEw3WiyAn18v3ai,WEN-SOL,40.98117,40.98117,0.0,28175,,790d3541-7269-4a6f-90d0-9436677df4e0,16.10283,17.36767,17.04779,https://icons.llamao.fi/icons/protocols/kamino-liquidity,https://kamino.com/liquidity
raydium-amm,CcS6uid2NsZNNJJaxxMRjQARE98QBZqC7WRvBdXLcxqW,WSOL-SLO,1.73,1.73,0.0,28141,,8e2cecaa-6148-4a83-a25f-fa67958f97b1,0.0,0.0,0.0,https://icons.llamao.fi/icons/protocols/raydium,https://raydium.io
save,GShhnkfbaYy41Fd8vSEk9zoiwZSKqbH1j16jZ2afV2GG,USDC,5.99,5.99,0.0,28053,,c574008e-c7d6-4b25-a887-f210a5ce1a00,-0.01,-0.07,0.87,https://icons.llamao.fi/icons/protocols/save,https://www.save.finance/
raydium-amm,Af2z5zkNXe9LDxQMrkDtBpehsLbMWTQrwhpjyW8439Lu,ARIO-USDC,1.79,1.79,0.0,28028,,1a18fc40-4e20-462a-b701-c9bb8d88fbf5,-3.3,0.0,0.0,https://icons.llamao.fi/icons/protocols/raydium,https://raydium.io
raydium-amm,mfx2W3yXS5mKw8qNcLH4QGZMMLM86TRNcHZKaKL9yWb,WSOL-DOBBY,2.65,2.65,0.0,28009,,efaadde6-f2a1-4c59-b82c-162a7d57955d,0.17,0.0,-1.76,https://icons.llamao.fi/icons/protocols/raydium,https://raydium.io
raydium-amm,BzXtcaoa9649Dbq5dXtsdGe8pzK5wQLkRN8sJhxCHw9T,WSOL-RIPBIDEN,1.82,1.82,0.0,27992,,3cf07f01-1f09-4adc-8ca1-6b3ac2bafb09,0.0,0.32,0.0,https://icons.llamao.fi/icons/protocols/raydium,https://raydium.io
raydium-amm,58CM4icB9S7Sx8bwcRzdWxx3JhzjsrTLF3MFX8KP3zoc,INA!-USDC,2.24,2.24,0.0,27983,,e567641f-2d7e-4131-98d1-283feb4cbad5,0.0,0.0,0.0,https://icons.llamao.fi/icons/protocols/raydium,https://raydium.io
raydium-amm,Vo8uUAX5ucoX74ErZ6k3be1pG8Xd6hBnUc1VhnTuAWa,ANDY-WSOL,1.65,1.65,0.0,27974,,015e781d-4aa5-4c96-88b3-37328eb3ddd9,-1.45,0.0,0.0,https://icons.llamao.fi/icons/protocols/raydium,https://raydium.io
raydium-amm,5hc8GruCvLQQd8mw85Ai1nV6v1tyuA9a8HMt1quTNA6,WSOL-$TWM$,1.66,1.66,0.0,27899,,7420816a-1051-5386-8e10-4cb3620448e5,-2.52,0.0,0.0,https://icons.llamao.fi/icons/protocols/raydium,https://raydium.io
kamino-lend,CkgQnPbuHHwSv2mNdAKH79TKSqC6jsyttK9yh4MPH6z3,DFDVSOL,0.0,0.0,0.0,27773,,a7bc7803-51ac-4942-9dfc-a1702b7a3fdf,0.0,0.0,0.0,https://icons.llamao.fi/icons/protocols/kamino-lend,https://kamino.com/
orca-dex,7AN2ALHQKs8sNFHDbHPrq2muWokWZhgG7SMVR5p37xTy,RAY-COINOMI,0.18663,0.18663,0.0,27753,,8d5fec1d-8d00-4446-b07d-32ce5517c991,-0.97299,-0.74411,-16.08295,https://icons.llamao.fi/icons/protocols/orca-dex,https://www.orca.so
raydium-amm,4VLWQsgWF5WcC7pG9huCT3domqzhYVonY5GvcbHduCWv,SOLID-BORG,2.55,2.55,0.0,27724,,717fd7b7-f31a-459b-b290-07361687decd,0.0,1.08,0.0,https://icons.llamao.fi/icons/protocols/raydium,https://raydium.io
raydium-amm,6d3YhKJSf1kxFiv5rNW8EZkL6vg2E8XgnMwNz3LQos8x,KOKO-WSOL,6.26,6.26,0.0,27718,,2e57cf68-ea0c-483c-831d-0e46fe19212c,0.36,0.0,0.0,https://icons.llamao.fi/icons/protocols/raydium,https://raydium.io
raydium-amm,Hrmxex16DdtjNtwL68EM6WmtuZVPiRdHmdfuRx8yHMf5,USDC-ZEPTA,21.68,21.68,0.0,27670,,6cdd5e6b-7ef4-42d2-a0a3-48a58b025982,-0.73,17.71,-0.93,https://icons.llamao.fi/icons/protocols/raydium,https://raydium.io
raydium-amm,75E1rPyFjRw9TjGNiHRw885DYCgRkvsZsMQbkRm5HHNf,WSOL-ANON,1.67,1.67,0.0,27622,,208b9c25-cbe1-425f-ba92-239d33aa583e,0.0,0.0,0.0,https://icons.llamao.fi/icons/protocols/raydium,https://raydium.io
raydium-amm,G1X8a1ffJp5bdZWf9EcgfmqdTfsp82h7NCmzYXk8abxW,CBBTC-TSAT,1.83,1.83,0.0,27620,,15bb57df-ce2f-48b3-a4e5-2af256f22c25,0.0,0.09,0.0,https://icons.llamao.fi/icons/protocols/raydium,https://raydium.io
raydium-amm,J6zde59KbySqZynHNQrWXH8ESrmT9vQGyr4hmLeJ5Txj,WSOL-RELAX,2.12,2.12,0.0,27587,,ddc5acd8-6a2e-4b0a-8384-ff97c9470563,0.0,0.0,0.0,https://icons.llamao.fi/icons/protocols/raydium,https://raydium.io
jupiter-lend,2YVNoVVLaWKwNpscmCiKuph2J6WdPrjZLyyjw85oDK36,JITOSOL,0.0,0.0,0.0,27572,,790ca895-0b76-44e8-8533-53aa659a9a15,0.0,0.0,0.0,https://icons.llamao.fi/icons/protocols/jupiter-lend,https://jup.ag/?ref=f6y1ryr2snn3
raydium-amm,9tcbvzThsdEmNvQHN17wQ4oibnHmG2jHfTHtGG9TpvAD,WSOL-JAE,4.96,4.96,0.0,27531,,6227524f-0a95-4326-a380-45eff27d178a,0.0,-4.85,0.0,https://icons.llamao.fi/icons/protocols/raydium,https://raydium.io
orca-dex,6Qa4N6dvQYAh6oZk7dMhPqMaGHBaFP3XTVpVQQLVX4Lx,WHETH-JITOSOL,12.89812,12.89812,0.0,27502,,0f5c96a9-bf28-479a-9c5b-30a25220cbc2,3.4345,9.10929,12.35176,https://icons.llamao.fi/icons/protocols/orca-dex,https://www.orca.so
raydium-amm,BCp7fbnu39DkTzPazSrzsbumx1V6YcuazD9RqUtbBgUA,FAPTAX-WSOL,1.68,1.68,0.0,27470,,770fef1d-bd59-4140-ba62-4cdaed8344da,0.0,0.0,0.0,https://icons.llamao.fi/icons/protocols/raydium,https://raydium.io
raydium-amm,BrNb8tqwwhpdwkVPtPGjCzZuTevcDcWSsJ2AMotfi1uo,WSOL-RAT,2.04,2.04,0.0,27421,,f49ce26f-d403-4cec-be04-f7cda7299b75,0.0,0.0,0.0,https://icons.llamao.fi/icons/protocols/raydium,https://raydium.io
orca-dex,,USDC-DAVE,0.0,0.0,0.0,27391,,0daa2ffa-7a11-5eb6-9e1d-fe6d37597977,0.0,0.0,0.0,https://icons.llamao.fi/icons/protocols/orca-dex,https://www.orca.so
raydium-amm,3FRFbRMvUjjufZBAjbdGcb1PYYyH9MJAyRQ7WuHuXTXe,CHEEMS-USDC,1.77,1.77,0.0,27381,,3eb58728-0f9e-4093-bbb3-c17b3c7bcbab,-0.71,0.0,-3.68,https://icons.llamao.fi/icons/protocols/raydium,https://raydium.io
kamino-liquidity,4ewrgy4V1gjqehg5N4111bfmMEog91K8TdCz6ojk8X4U,MPLX-JITOSOL,0.0,0.0,0.0,27288,,a6b794fb-be05-4665-924e-1a0a5802c42d,0.0,0.0,0.0,https://icons.llamao.fi/icons/protocols/kamino-liquidity,https://kamino.com/liquidity
raydium-amm,CVoWPTHjhq9Y4xPFuEGk6qJX4xG6kNvqr7YgPXhGsQCX,WSOL-BABYDHC,2.14,2.14,0.0,27266,,88f6fb16-e954-4a05-bdb0-a85acb410117,-13.42,0.0,0.0,https://icons.llamao.fi/icons/protocols/raydium,https://raydium.io
raydium-amm,58oQChx4yWmvKdwLLZzBi4ChoCc2fqCUWBkwMihLYQo2,WSOL-USDC,92.32,92.32,0.0,27250,,62bb16e2-156b-4511-b875-41e6317dab1f,-69.06,70.23,-82.42,https://icons.llamao.fi/icons/protocols/raydium,https://raydium.io
orca-dex,GExy9FLjGXMLRxNr4MMYFKG6dwXbepidB7oELNpopcRD,MPLX-JITOSOL,2e-05,2e-05,0.0,27247,,92a173c7-9743-4ce5-a102-9326846e84bd,0.0,-0.6198,-49.38554,https://icons.llamao.fi/icons/protocols/orca-dex,https://www.orca.so
orca-dex,CskxvovGtF4883b6FDxiApHBZJ1WsXdhJE2qdRTvjhNz,COINOMI-BONGO,1.14671,1.14671,0.0,27224,,99b956c2-1b67-484e-87e6-41b702e70658,-29.48443,-0.27488,-10.60285,https://icons.llamao.fi/icons/protocols/orca-dex,https://www.orca.so
orca-dex,As8dRyXjmtYv7xEdtKvmabXZaXrerDYCGhN9qFPRiPqh,ORCA-COINOMI,1.64305,1.64305,0.0,27176,,7520a0c1-0877-4174-a890-08b180c810a8,-2.04937,0.92133,-3.06414,https://icons.llamao.fi/icons/protocols/orca-dex,https://www.orca.so
orca-dex,FgH1dEvyRQoAqJjbUzzKVoM1HYdxTqPwjEF82kDH1kVe,SOL-EURC,1.14218,1.14218,0.0,27164,,f0c8724f-da77-4cb3-9c33-d989ec6253b2,-0.3006,-0.74341,-13.13441,https://icons.llamao.fi/icons/protocols/orca-dex,https://www.orca.so
orca-dex,93MjUKNKxazKmgS3GBX2Gj2BttEjJUyi7NYeyDHdHSc2,JTO-USDC,4.06799,4.06799,0.0,27108,,2a5c5c39-ecfe-4afa-af3e-126391c1f73c,-2.28599,0.09409,-33.37892,https://icons.llamao.fi/icons/protocols/orca-dex,https://www.orca.so
jupiter-lend,uV8jxLFC4kMLEDcMhzbq4wBag2LcFpk1cTEEjUaxPzT,SYRUPUSDC,0.0,0.0,0.0,27011,,094f690a-ba27-4131-bf0e-eefbe88f8766,0.0,0.0,0.0,https://icons.llamao.fi/icons/protocols/jupiter-lend,https://jup.ag/?ref=f6y1ryr2snn3
raydium-amm,3hMz2q9VWRPeNv8t77tg4htx8E41ametxb1Y1D3R8YiJ,WSOL-BANANA,2.19,2.19,0.0,26941,,a4a47fc9-bce6-4d71-9e43-96fa467f068d,0.0,0.0,0.0,https://icons.llamao.fi/icons/protocols/raydium,https://raydium.io
kamino-liquidity,F3v6sBb5gXL98kaMkaKm5GfEoBNUaSd3ZGErbjqgzTho,MSOL-ETH,0.0,0.0,0.0,26941,,383ef197-4f56-460a-a6de-fae4c9fa483f,0.0,0.0,-14.08036,https://icons.llamao.fi/icons/protocols/kamino-liquidity,https://kamino.com/liquidity
raydium-amm,HSKZe9tPbsfnRHv6WoUnYgJnPea7WKPeiyfvApihnsvg,MORK-WSOL,1.84,1.84,0.0,26919,,a60baa77-ea1b-4f56-9bd8-81417fd4efa1,0.0,0.0,0.0,https://icons.llamao.fi/icons/protocols/raydium,https://raydium.io
save,ASR6ULAZqTEFAfE3EQi5LpEo2iyR5YvC3tfeNqDp1wmn,JTO,0.0,0.0,0.0,26851,,b6aea4dd-ade4-4282-83cc-4965f040b1e0,0.0,0.0,-0.93,https://icons.llamao.fi/icons/protocols/save,https://www.save.finance/
raydium-amm,FrMLgdeZrFp6mG4DZsvcVDpbyFMaBcsWRQ9WNk7pbM5e,ZEC-USDC,9.72,9.72,0.0,26807,,3e877143-6413-4ae3-9c7e-91840046e3b9,0.0,-1.29,0.0,https://icons.llamao.fi/icons/protocols/raydium,https://raydium.io
raydium-amm,5bsguj2UESRSDpJ1hEbXBKs1wa2pp9METMK3LNQME7Tw,WSOL-GIB,1.78,1.78,0.0,26791,,3899bc52-738f-4530-b838-6bfb67c5e93a,0.0,0.0,0.0,https://icons.llamao.fi/icons/protocols/raydium,https://raydium.io
orca-dex,4ojrsfvB8sDUj5RwugXoFKa5VoDFEj6Qyo55oCSjEYyp,USDC-MEWTHREE,0.00148,0.00148,0.0,26699,,57c73114-ff5f-5046-9a12-bf170d39c728,-4.20728,0.0,0.0,https://icons.llamao.fi/icons/protocols/orca-dex,https://www.orca.so
orca-dex,C1MgLojNLWBKADvu9BHdtgzz1oZX4dZ5zGdGcgvvW8Wz,JUP-SOL,0.15125,0.15125,0.0,26625,,3c50e85a-c152-4abb-825b-6026267e4f20,-0.10777,0.08069,-1.19388,https://icons.llamao.fi/icons/protocols/orca-dex,https://www.orca.so
raydium-amm,C9q4Mo1jKkz7Sg1guw9B39DWBD6opBD8cByVHnHDBKDm,WSOL-GOAT,16.13,16.13,0.0,26575,,7cb874e3-0f22-4347-91ff-4d8dbd29ccc9,5.45,13.7,0.0,https://icons.llamao.fi/icons/protocols/raydium,https://raydium.io
raydium-amm,9nFVdjQDYjVNEtvWRVBZXLXX6T8H5EFxHoM8pwwMuReC,FINU-WSOL,9.34,9.34,0.0,26394,,eaca0fb6-636b-4846-bcbf-ed9e386de881,-8.45,-0.65,0.62,https://icons.llamao.fi/icons/protocols/raydium,https://raydium.io
orca-dex,4MKCGZ9X9VYcFqkTTJhWBEVScw1EVPcW1SUrHx5TrPzK,ONYC-JITOSOL,2.79611,2.79611,0.0,26346,,6fdd4fb3-f911-42da-969c-77cb8550d651,-0.63184,1.26406,-9.40175,https://icons.llamao.fi/icons/protocols/orca-dex,https://www.orca.so
raydium-amm,3GkFzURGWNWyErnjQvnkZpgcLnNocjnRwvMYXiVDiVQk,NOS-USDC,2.79,2.79,0.0,26320,,39b93c27-18d3-415a-85e3-0df1f0a48bd5,-1.55,-0.36,-3.62,https://icons.llamao.fi/icons/protocols/raydium,https://raydium.io
orca-dex,57mP5WoNrg3uiGFUdoeYr2CPUZak1L2ZgFtyFwoT7K6G,SOL-ARC,22.39302,22.39302,0.0,26298,,97bc4de2-3d88-431d-adf3-62c2acc1d362,8.71086,18.00706,-20.41112,https://icons.llamao.fi/icons/protocols/orca-dex,https://www.orca.so
jupiter-lend,9cpetiuPL2A9on3MCxUTJY9GYgfqmPpBB8BgbCvoaafc,ST8ZUMRTX,0.0,0.0,0.0,26227,,653c2c10-c0f2-4f81-ace7-e49247a768c2,0.0,0.0,0.0,https://icons.llamao.fi/icons/protocols/jupiter-lend,https://jup.ag/?ref=f6y1ryr2snn3
raydium-amm,9euZD3C1d7e2fLKnUxHc7oUUDJcYnguMT6cRzLY9y4o7,STSOL-USDT,2.19,2.19,0.0,26218,,abce1515-3f0c-4165-9cf6-d1d845a33228,0.0,0.0,-2.05,https://icons.llamao.fi/icons/protocols/raydium,https://raydium.io
orca-dex,6CbXZPSQj4CEeTsmnTsBYvY1yPgS4AsvQKKMbqbMtfyD,HYLOSOL-JITOSOL,5.20669,5.20669,0.0,26200,,0899c5e2-693b-415d-8dec-df68cdf1e6ba,-2.16013,0.0,3.82737,https://icons.llamao.fi/icons/protocols/orca-dex,https://www.orca.so
kamino-liquidity,BfyQYYr2T9eJfMfq5gPXcq3SUkJSh2ahtk7ZNUCzkx9e,UXD-USDC,0.0,0.0,0.0,26192,,6acdb55a-a2ea-4a32-aa7e-085427672dc9,0.0,0.0,0.0,https://icons.llamao.fi/icons/protocols/kamino-liquidity,https://kamino.com/liquidity
raydium-amm,DkXPwET3qYwQtUAxJwnu7onECBrbywbdWVLMbaBF9Q2u,J-WSOL,1.3,1.3,0.0,26163,,e305800a-8c34-4439-bd67-5ba8ec300c88,0.0,-1.28,0.0,https://icons.llamao.fi/icons/protocols/raydium,https://raydium.io
omnipair,,SOL-BORG,3.3526,3.3526,0.0,26127,,3aaf8903-5ea2-48bf-b10b-7aa1481c2888,0.11478,2.03417,1.57176,https://icons.llamao.fi/icons/protocols/omnipair,https://www.omnipair.fi/
kamino-liquidity,HtVpKfXsz8RrJshhpNjP6iG3HFMpExV3GA7zHf8meBWT,SOL-EURC,0.0,0.0,0.0,26117,,081fd175-6c3e-4f71-9ec3-7a58426bd218,0.0,0.0,0.0,https://icons.llamao.fi/icons/protocols/kamino-liquidity,https://kamino.com/liquidity
gmtrade,59uFARJWg7B8wcEuXzvkafiT4DuKemdNCN5bshDbwun9,ADA-USDC,134.70682,134.70682,0.0,26116,,dac2ef37-7aa3-4455-a5d7-69cab31a3360,15.58719,99.15371,131.88848,https://icons.llamao.fi/icons/protocols/gmtrade,https://gmtrade.xyz
orca-dex,,WEK-USDT,0.00031,0.00031,0.0,26108,,6beae185-7bbf-5b0d-b6d9-6e47fd9871d2,0.0,0.0,0.0,https://icons.llamao.fi/icons/protocols/orca-dex,https://www.orca.so
raydium-amm,EMMrP7fwL2HccfVL3yC6ajz7K8z2KE5LG6fBq4zSh7ZT,WSOL-MAYBE,2.12,2.12,0.0,26069,,648347e8-dd41-437b-adca-aad7439590ac,0.0,0.92,0.0,https://icons.llamao.fi/icons/protocols/raydium,https://raydium.io
orca-dex,5hmrWjife7Cehh3tTc4MM8HhJp94nUV61v39mzLAVX1y,SOL-KINS,126.89217,126.89217,0.0,26060,,8e44b174-7f87-4a98-b549-b66c272ff427,0.0,0.0,-415.28616,https://icons.llamao.fi/icons/protocols/orca-dex,https://www.orca.so
kamino-liquidity,AVynQgk5wjmSi2cx1gTT6z1FZo6CxYsZsnKsJSWgZ7w5,ONYC-JITOSOL,0.0,0.0,0.0,26060,,21f9fe4b-8bab-42b4-9bf9-3d18fbb90763,0.0,-12.39279,-10.35183,https://icons.llamao.fi/icons/protocols/kamino-liquidity,https://kamino.com/liquidity
raydium-amm,7yqknqE3UZ9HMnxSGzqjtw4PQoNUmQgbVDsKAaiYRwXB,KYROS-JITOSOL,4.95,4.95,0.0,26046,,89f30479-8f76-477f-88b8-681e86f7322b,0.0,0.0,0.0,https://icons.llamao.fi/icons/protocols/raydium,https://raydium.io
raydium-amm,6T4Ns972q2iKWHken6rLjc2RvhgBfcXBcge2eJ5tZNSs,USDC-AIRCOIN,33.2,33.2,0.0,26044,,938e9662-4cb7-4dc7-a0ed-7c8f07930ca9,0.0,0.0,-18.71,https://icons.llamao.fi/icons/protocols/raydium,https://raydium.io
raydium-amm,AVicvyigGxNwfWXmz2bTtZX5RN9YTb7QE4qeF46b2mZE,WSOL-GARY,2.1,2.1,0.0,25984,,f2e442f2-dc58-461d-9ea2-883a6d7b814b,-0.68,0.32,-86.06,https://icons.llamao.fi/icons/protocols/raydium,https://raydium.io
raydium-amm,FTvEjJSKyckm2LXWJrvEbNB6PjpL1FV8M3NJnH8qWdbu,WSOL-CRCL,1.98,1.98,0.0,25959,,0e8c34ec-37bf-4496-aa52-ff7b47c4a0af,-3.66,-5.09,0.0,https://icons.llamao.fi/icons/protocols/raydium,https://raydium.io
raydium-amm,Hp9zfZu7n9w1kVzHMGssvZJgbcWszTtXmvBoRebbTiVd,WSOL-GMI,19.6,19.6,0.0,25927,,9af8e01d-6253-495f-a3cf-f363e0f5ec99,-31.06,-95.58,0.0,https://icons.llamao.fi/icons/protocols/raydium,https://raydium.io
raydium-amm,HaAm2MuHPhBDAty65Pm7nQTU6Z9mMpeQ7eVtFyhqFUXZ,EGG-WSOL,2.48,2.48,0.0,25921,,2577b1a8-b270-4ea0-8d1b-bd8fe0d459b4,0.0,0.0,0.0,https://icons.llamao.fi/icons/protocols/raydium,https://raydium.io
raydium-amm,95512Hcjd8ZkjyYninGBBuhwsLrA5sF3Xto8ehtEwyXb,WSOL-PEPE,1.78,1.78,0.0,25920,,1e41c2e6-9cb5-4ea2-bd8f-8aecd1a6d31c,0.0,0.26,0.0,https://icons.llamao.fi/icons/protocols/raydium,https://raydium.io
orca-dex,,USDC-BRUHBY,0.0,0.0,0.0,25854,,02497961-973e-58f4-a6d9-cffeea5bb912,0.0,0.0,0.0,https://icons.llamao.fi/icons/protocols/orca-dex,https://www.orca.so
raydium-amm,AG1kioZxuXdVDKACnPoWe8ScVVkpeCm3nz9aHxBsNKBa,DIO-USDT,1.83,1.83,0.0,25768,,7b87b918-9bbe-43b4-8253-95bdf9295307,-0.45,0.65,0.0,https://icons.llamao.fi/icons/protocols/raydium,https://raydium.io
raydium-amm,GeXfM8h4n81TwhbQxJvtDG8FwDKNbFNKMx7EsGMwfWrK,WSOL-$CRUMBS,1.93,1.93,0.0,25763,,743c91d3-37e4-4752-bd3b-c8bb63f4834d,0.0,0.0,0.0,https://icons.llamao.fi/icons/protocols/raydium,https://raydium.io
raydium-amm,nfjtyHvP4sR2QiFkxPJYQ7C5BQ96ZHhRhmfhbjNMXfs,WSOL-RIPTRUMP,9.3,9.3,0.0,25720,,6b3dfaf9-5748-4638-8ecc-e56251c174a2,0.0,7.73,4.73,https://icons.llamao.fi/icons/protocols/raydium,https://raydium.io
raydium-amm,AxPuePyTfJx3eMDtmtCMi3X3pAto2V74VeSJ9SCKgmY3,WSOL-CAT,3.78,3.78,0.0,25655,,b6f4b3ea-6198-4b80-aa1d-2e1fa74761c1,-1.24,-8.74,0.0,https://icons.llamao.fi/icons/protocols/raydium,https://raydium.io
raydium-amm,9GQuWT85SRZoeG5Lnfp4KTxrYVH6JbRhDPGgrNKoUwJx,WSOL-8CHAN,1.81,1.81,0.0,25638,,4b93904a-afce-4f49-a876-77828e21fe62,0.0,0.0,0.0,https://icons.llamao.fi/icons/protocols/raydium,https://raydium.io
raydium-amm,E3HjxkYgyXPY2SfRtGvja1KAqrKGyVvdRbs8sKiaT8tE,WSOL-CWH,2.45,2.45,0.0,25577,,38121b73-ff7f-4bbf-99b4-23322ce0e0f4,0.0,0.0,-2.16,https://icons.llamao.fi/icons/protocols/raydium,https://raydium.io
raydium-amm,4zHazw76UXaEFKj7gZLPQbvb5MQWy76CKTE9b9BMUsLb,WSOL-CNS,2.99,2.99,0.0,25498,,6553b17f-6daa-430e-81b5-4a4cd70f94f6,0.0,0.0,-0.89,https://icons.llamao.fi/icons/protocols/raydium,https://raydium.io
orca-dex,J4jbvp8UAfAePYuQqFgzRJb64kTKpzNhvJtGFq5T4fDV,SOL-USD1,2.92475,2.92475,0.0,25438,,d2ca8583-d43b-4574-ba9d-43bd27fb5242,-2.14217,1.68822,-35.48243,https://icons.llamao.fi/icons/protocols/orca-dex,https://www.orca.so
orca-dex,2YFvmubwFbp66RtEGP2opqwS4181tFpem2dXewY9MLNG,COINOMI-SPX,0.25524,0.25524,0.0,25427,,5a5ec5eb-f43b-400c-b608-4e12c8804a48,-2.6787,-2.07822,-8.68636,https://icons.llamao.fi/icons/protocols/orca-dex,https://www.orca.so
raydium-amm,7KqUHWB67F1qpqRn5sHLtpdZaXkb8pWdKcqWb6zwKoQY,ANDY-WSOL,2.26,2.26,0.0,25426,,ca08b3bf-994e-4233-847a-7aac328b02c9,0.0,0.0,0.0,https://icons.llamao.fi/icons/protocols/raydium,https://raydium.io
raydium-amm,7JVhQPa1Bk7erB1QV1Kd68HrWqWyf9XBb2mWYRueqroT,WSOL-CATE,108.03,108.03,0.0,25422,,28c2c6cd-9e22-5528-b09b-cab74881d771,0.0,0.0,0.0,https://icons.llamao.fi/icons/protocols/raydium,https://raydium.io
raydium-amm,9cw2DJkk8ZZcpUQaS7QSqjBKEoNrAhywZaVcaySEW5eZ,WSOL-GIG,2.09,2.09,0.0,25381,,00db2f69-7a52-44dd-9ad5-8b19a92e335c,0.0,0.0,0.0,https://icons.llamao.fi/icons/protocols/raydium,https://raydium.io
raydium-amm,35nKRCW9BZhkbmp2zhyZ428saV3X46M9UUUqSj1b6Lvt,WSOL-TATEAI,1.69,1.69,0.0,25364,,54b3f7b9-62bb-4de7-9fef-9916548fa325,0.0,0.39,0.0,https://icons.llamao.fi/icons/protocols/raydium,https://raydium.io
orca-dex,8jn4ZDpA3RYpKibjsbQbbPxJMx9WXLWSmeFK58QMumjL,USEP-USDC,0.0,0.0,0.0,25190,,b8d46218-1fa1-5990-a1ce-02cc8eb0451e,0.0,0.0,0.0,https://icons.llamao.fi/icons/protocols/orca-dex,https://www.orca.so
raydium-amm,7MUTJfo2KJB38fy51XX7qaW5u8AznYAKiZosGsJpMUnm,ESX-USDT,2.09,2.09,0.0,25186,,859cba60-ad63-4963-a378-822314073585,-2.66,0.0,-1.27,https://icons.llamao.fi/icons/protocols/raydium,https://raydium.io
orca-dex,Czfq3xZZDmsdGdUyrNLtRhGc47cXcZtLG4crryfu44zE,SOL-USDC,4.59505,4.59505,0.0,25176,,3edb64f5-c40c-4cae-964f-02257b3a9ec3,-0.00911,2.56462,-15.29145,https://icons.llamao.fi/icons/protocols/orca-dex,https://www.orca.so
omnipair,,KYSOL-JITOSOL,2e-05,2e-05,0.0,25134,,fb0f8853-48ac-48c5-ac88-caa4ae9e6e1b,0.0,-0.00022,1e-05,https://icons.llamao.fi/icons/protocols/omnipair,https://www.omnipair.fi/
orca-dex,,CATE-USDT,0.66043,0.66043,0.0,25126,,794b0b6a-5ba6-53c9-8963-340d20abca46,0.0,0.0,0.0,https://icons.llamao.fi/icons/protocols/orca-dex,https://www.orca.so
orca-dex,3zLac2GDpayBbg3kTfknwg95hiv5rDLCaXjgeQQ2KsFc,METAX-USDC,82.29834,82.29834,0.0,25122,,6aa05e90-d969-53ac-b264-7f02b42006ce,0.0,76.0818,0.0,https://icons.llamao.fi/icons/protocols/orca-dex,https://www.orca.so
raydium-amm,4vQ2db4sADytW2mXvCy7nw9TmLDxQRf55mL3tbWwH7a8,WSOL-HINEY,1.94,1.94,0.0,25111,,6c2fb63c-338f-4dff-8215-2defc85a33ce,-1.92,0.0,0.0,https://icons.llamao.fi/icons/protocols/raydium,https://raydium.io
orca-dex,,SFGYTLKOIH-USDT,0.0016,0.0016,0.0,25110,,f039cbeb-66e0-59a4-8b61-daf36b318253,0.0,0.0,0.0,https://icons.llamao.fi/icons/protocols/orca-dex,https://www.orca.so
kamino-liquidity,3pEXe19aA3adRP9mF35pibFy6azGsabv5NMK4UZYxeP3,NX8-USDC,0.0,0.0,0.0,25052,,93d1ae5f-b295-40e9-bf40-7a39146d70d6,0.0,0.0,0.0,https://icons.llamao.fi/icons/protocols/kamino-liquidity,https://kamino.com/liquidity
raydium-amm,J9ED7D3pR7Uw5W6Y52p1Mq3Gfkmumg8fHRvLEiHLL2S7,H173K-USDT,2.18,2.18,0.0,25045,,52e1485f-a325-4405-970b-5ef2881b0261,-0.07,0.36,0.0,https://icons.llamao.fi/icons/protocols/raydium,https://raydium.io
raydium-amm,B4Vwozy1FGtp8SELXSXydWSzavPUGnJ77DURV2k4MhUV,WSOL-PENGU,19.91,19.91,0.0,25042,,b2bb023d-0884-44d9-abb5-f930e4fd5cbc,0.0,4.81,0.0,https://icons.llamao.fi/icons/protocols/raydium,https://raydium.io
orca-dex,3qZa8bvhmtJ8sY1qBVdvLRSJahvhKi2Emcn875V6pojD,MYRC-USDC,1.3474,1.3474,0.0,25012,,210f5ee2-00ee-458c-a16a-01e616dd6642,-8.14066,-4.16666,-5.11355,https://icons.llamao.fi/icons/protocols/orca-dex,https://www.orca.so
orca-dex,HAWNPF6UZ8YgWisd2gsECNSchdn3hQTEujsZtGxKM1MW,RENDER-USDC,2.57937,2.57937,0.0,25003,,bde4a0db-f7f6-4a96-99ec-9fa4c6fa8c90,-1.27908,0.58928,-9.53788,https://icons.llamao.fi/icons/protocols/orca-dex,https://www.orca.so
raydium-amm,MAdAqhZSPFzJtjg7ATAdedr2FC1zoNcgorENSjzrcVs,JHH-WSOL,6.65,6.65,0.0,24963,,2f73ebf3-3a17-40f7-ad4b-733573ffca7b,-9.99,-14.0,0.0,https://icons.llamao.fi/icons/protocols/raydium,https://raydium.io
raydium-amm,3pn6qn28uFSThxWg8jnKzVEXE65Q6rGyRzcCieiKH3z6,WSOL-DEEPSEEK,1.83,1.83,0.0,24945,,979e3bec-b9a4-405f-b97d-69d4d52b53dc,-2.5,0.0,0.0,https://icons.llamao.fi/icons/protocols/raydium,https://raydium.io
raydium-amm,8n1LYpyMePFzf2kXueHvXtqve6J53wBW4oG9vincr3x7,WSOL-GOLD,2.3,2.3,0.0,24932,,8bf97908-f3a4-40ca-b2cf-bf625bd95a2e,0.0,0.0,0.0,https://icons.llamao.fi/icons/protocols/raydium,https://raydium.io
orca-dex,EbB4uUqJCAHSSoi49xi6HbNPCgxWMLTmHJjn7epRUyW3,ZARP-USDC,0.0,0.0,0.0,24907,,413ffa14-965c-4339-a100-3e3e70f43481,0.0,0.0,0.0,https://icons.llamao.fi/icons/protocols/orca-dex,https://www.orca.so
orca-dex,,GENZ-USDC,0.0,0.0,0.0,24891,,9467ea6b-9ef0-5bc7-9366-35c9c25db283,0.0,0.0,0.0,https://icons.llamao.fi/icons/protocols/orca-dex,https://www.orca.so
orca-dex,6Wfzz7Xczn4pciH4LnvF79r34htiWpTXNPCFz4jWZpi3,SOL-PYUSD,0.65645,0.65645,0.0,24787,,42ad9489-34bc-4419-bf98-39d7f48bec71,-3.45829,0.64575,0.20605,https://icons.llamao.fi/icons/protocols/orca-dex,https://www.orca.so
raydium-amm,GCkyQ4PiYJ8XrK3wf1pqMeMWiVojwp4CoFx62uKGR36L,WSOL-BLUECHIP,1.74,1.74,0.0,24754,,9f4fd029-85d2-4818-b8a8-51f7d504458f,0.0,0.0,0.0,https://icons.llamao.fi/icons/protocols/raydium,https://raydium.io
raydium-amm,GfihScsf95v8G4TR73k2EcwXM2DrX63J7GX1i79GNbGs,WSB-WSOL,1.7,1.7,0.0,24748,,a1f2c382-6d94-4de2-b670-2838ebe0a3cc,0.0,0.0,0.0,https://icons.llamao.fi/icons/protocols/raydium,https://raydium.io
orca-dex,C3km5MDqBiA3eVBsy8r6D8AtTr4J8j2TpRTiXaydkiCx,WBTC-WHETH,0.81916,0.81916,0.0,24682,,dec33279-ae35-4ff8-8d69-2ecd3c8a3da5,0.06627,0.59953,-1.73385,https://icons.llamao.fi/icons/protocols/orca-dex,https://www.orca.so
orca-dex,9PrsB8shcV2cZ1U7RVr4vPRHDqxw41D4UeJxeWcJoQ7n,SOL-DSF,4.11129,4.11129,0.0,24676,,cb9f469d-e513-41aa-82ca-db988ea20546,1.26117,-1.8778,-12.92553,https://icons.llamao.fi/icons/protocols/orca-dex,https://www.orca.so
raydium-amm,CzYCxpDudYhGZTFwb6Cb3Kh7TVtb1Y5UiaNqHdAHJGxX,WSOL-LATE,2.25,2.25,0.0,24669,,09308137-6153-4dcd-9896-0e115007bbc0,0.0,0.99,0.0,https://icons.llamao.fi/icons/protocols/raydium,https://raydium.io
raydium-amm,DYxp5fh3Eh7iDEVHv9bFLGnPwvXwFe5YWpGayJuzzbgd,PRL-USDC,34.71,34.71,0.0,24632,,34e4a773-049a-484e-9654-f64c7de55a62,-21.39,21.71,25.1,https://icons.llamao.fi/icons/protocols/raydium,https://raydium.io
raydium-amm,E9rKoRAd4SbP8aR9JK3geeSDd5G9heDH6da4dfMwhyQn,WSOL-BABYBONK,1.56,1.56,0.0,24612,,2177c4b2-30be-45f2-905b-612e26bce120,0.0,-0.22,-7.6,https://icons.llamao.fi/icons/protocols/raydium,https://raydium.io
gmtrade,5PQpUVKqc2DwqRVVdY8L6DcPCZdimmwKm1tkPnBywrN8,WGMX-USDC,17.64431,17.64431,0.0,24597,,98d5c745-f220-4e37-896c-a74d335fbb91,0.92651,1.97919,-13.67526,https://icons.llamao.fi/icons/protocols/gmtrade,https://gmtrade.xyz
orca-dex,7rDhNbGByYY3rbnJQDFMV9txQYZeBUNQwsMnowDRvw22,IO-USDC,0.0,0.0,0.0,24526,,ddeb703b-b14d-4bfc-a948-418fb11e02fb,0.0,0.0,0.0,https://icons.llamao.fi/icons/protocols/orca-dex,https://www.orca.so
raydium-amm,41j756SDtaSZtDGFC8tGCdzhyuchGmQCZzkmW5sdQnbX,WSOL-$GREMLY,2.07,2.07,0.0,24470,,42be0ac4-3b1f-4f3f-b46c-1638e0d3f719,0.0,-0.19,0.0,https://icons.llamao.fi/icons/protocols/raydium,https://raydium.io
raydium-amm,DVa7Qmb5ct9RCpaU7UTpSaf3GVMYz17vNVU67XpdCRut,RAY-USDT,1.79,1.79,0.0,24334,,c406767a-abfb-4d46-8fcb-9c266366d47f,-0.6,0.0,-10.06,https://icons.llamao.fi/icons/protocols/raydium,https://raydium.io
raydium-amm,GuZqcgMUzdUWjpdskWfpjpfxGmYQFMh48sewT2ovzEsR,$MVB-WSOL,1.95,1.95,0.0,24253,,556c76d4-a559-464b-89cd-a0c19f2d40ec,-4.15,0.0,0.0,https://icons.llamao.fi/icons/protocols/raydium,https://raydium.io
raydium-amm,AQAGYQsdU853WAKhXM79CgNdoyhrRwXvYHX6qrDyC1FS,WSOL-USD1,3.05,3.05,0.0,24145,,10a014d7-12ad-4e0a-a67b-c6a6ac20a28d,-23.45,-8.32,-25.56,https://icons.llamao.fi/icons/protocols/raydium,https://raydium.io
raydium-amm,EGXsW38iLD9FqEhkhaaNdqyaHQxCjRmDrfqwtdLvwkjH,WSOL-KAI,2.15,2.15,0.0,24128,,bf6b2c12-4f4b-4fe9-9183-519db9639a66,0.0,-1.09,-4.07,https://icons.llamao.fi/icons/protocols/raydium,https://raydium.io
kamino-liquidity,DLJKhZAUr8k4KFcETPAZk9qHnscsudsbKNg7oKKYeMCC,DISABLED-WFRAGSOL-JTO,0.0,0.0,0.0,24119,,acd9caba-fe10-48c6-91a3-5e0a65bca2f5,0.0,0.0,0.0,https://icons.llamao.fi/icons/protocols/kamino-liquidity,https://kamino.com/liquidity
orca-dex,,VOTE-USDT,0.15878,0.15878,0.0,24109,,d789a1e0-024f-55d7-b986-67074ffd6fc4,0.0,0.0,0.0,https://icons.llamao.fi/icons/protocols/orca-dex,https://www.orca.so
orca-dex,,VOLE-USDT,0.15577,0.15577,0.0,24109,,50e7b075-37f7-50ce-87e5-cb24eaae4cb7,0.0,0.0,0.0,https://icons.llamao.fi/icons/protocols/orca-dex,https://www.orca.so
raydium-amm,DznDQ6YVmgtZAvwZ4ui6k9MNun9uaozyVFFsiAeAs9f,WSOL-HOODX,22.11,22.11,0.0,24106,,5009ebf5-ba92-400a-940f-cfda55c92a15,-63.88,0.0,-49.07,https://icons.llamao.fi/icons/protocols/raydium,https://raydium.io
raydium-amm,8osfGMK5Qsd4PwVtf5Z3YrTbWjrkDBx6W5Fw33JoRB2p,WSOL-AGIENCE,2.55,2.55,0.0,24097,,f19b5560-0a02-4897-9298-d41eb813730c,0.0,0.0,0.0,https://icons.llamao.fi/icons/protocols/raydium,https://raydium.io
orca-dex,9kx6CHCKtGqDYMq4KPhpxFCZorgJZDFXT9a5iJx9S1Ab,SOL-DRIFT,33.9765,33.9765,0.0,24084,,d4527bfc-0eb4-44b8-b3cc-f59898444301,-27.30506,-30.74969,-122.38866,https://icons.llamao.fi/icons/protocols/orca-dex,https://www.orca.so
kamino-lend,EBkpxYWNLY1T8mswutj55pxmkwj5urR1R8qUumqjx9mx,FLP,0.0,0.0,0.0,24064,,aaa6c9a4-4fbf-4f39-942b-a70382e33076,0.0,0.0,0.0,https://icons.llamao.fi/icons/protocols/kamino-lend,https://kamino.com/
raydium-amm,8hGz1U9sr5MoQ6DRo823WAg6v2CKGTi9X4JtDbmgj9Vi,WSOL-SINK,2.12,2.12,0.0,24006,,822170f0-09d7-473f-9404-ed7cabf75b30,0.0,0.0,0.0,https://icons.llamao.fi/icons/protocols/raydium,https://raydium.io
orca-dex,8erNF5u3CHrqZJXtkfY8CjSxFYF1yqHmN8uDbAhk6tWM,SOL-PYTH,25.05906,25.05906,0.0,23999,,40fddc50-f378-4622-a382-9a4ed33efbeb,-15.27033,2.37404,-77.54931,https://icons.llamao.fi/icons/protocols/orca-dex,https://www.orca.so
raydium-amm,6NWQSxCxXEC5bMym4Kgfsa71DrCvZzP25zsv3Ety76NZ,MARSCOIN-WSOL,2.09,2.09,0.0,23989,,02f3d3ab-a7af-4b07-a8f7-9b6d8e81d537,-0.65,0.0,0.0,https://icons.llamao.fi/icons/protocols/raydium,https://raydium.io
raydium-amm,7HvGdb3dYis7fwSpEuLVd3wuLUmbQdaiMBF4ZGnWBrM3,WSOL-WORK,1.77,1.77,0.0,23989,,e6f02c4c-615f-4bbb-befc-0a085e18bb3e,0.0,-0.16,0.0,https://icons.llamao.fi/icons/protocols/raydium,https://raydium.io
raydium-amm,E8cpFtV6UdKMv24urFMNLbZBhZZTnXaf2d2TVADbRxbi,FAPCOIN-CATE,777.11,777.11,0.0,23980,,8248ea5a-7aab-58f9-8208-fffbcb4fb836,322.41,0.0,0.0,https://icons.llamao.fi/icons/protocols/raydium,https://raydium.io
raydium-amm,4rhMnZ7hfhs4mPjtHN9FJEtcmm1tF8VDYCPh5rEfgTqe,POWSCHE-WSOL,2.52,2.52,0.0,23956,,97ef9c26-a3c7-4080-8ae2-9e112d2606b5,0.0,0.0,0.0,https://icons.llamao.fi/icons/protocols/raydium,https://raydium.io
raydium-amm,8zMH6w8e1tvrVwHv2vfXpodBqQUdxEWD5NFhQz9HqZPs,WSOL-TRACKEDBIO,2.36,2.36,0.0,23932,,9518376c-13f6-4b62-9b6e-e751dff8731c,0.0,0.0,-4.12,https://icons.llamao.fi/icons/protocols/raydium,https://raydium.io
raydium-amm,CCjtCzrXQQsbqFCUi1i3FhYatMJmrQAoKCGty56jaegc,LEOS-SATFI,8.96,8.96,0.0,23911,,70bb1b3f-c8d2-48f5-b6d0-3ce1e320a5be,0.0,0.0,0.0,https://icons.llamao.fi/icons/protocols/raydium,https://raydium.io
orca-dex,9CqcxgPYpi32vfMFcFJuicQEHAKRha17D8DXBA8JcZTc,SOL-GP,17.2835,17.2835,0.0,23855,,72d46dc8-3c6d-414d-8f8e-a8d4cd99ff54,0.25735,8.33304,-49.96835,https://icons.llamao.fi/icons/protocols/orca-dex,https://www.orca.so
raydium-amm,Adh3FgyU8CVHvCt3EUfUVVBP2usA6S4N7ELrDbGjMNAf,WSOL-TYN,8.88,8.88,0.0,23850,,5fa0c672-5877-40d6-ae57-864a1647e1df,0.12,0.0,-4.97,https://icons.llamao.fi/icons/protocols/raydium,https://raydium.io
raydium-amm,EysfBo64AzMNQZQNjkgLM5SL9k618547rRduWqAdfY3f,SATYRESS-USDC,137.26,137.26,0.0,23846,,8fcc9bd8-3f5e-5771-8107-54ce14258ee6,0.0,0.0,0.0,https://icons.llamao.fi/icons/protocols/raydium,https://raydium.io
orca-dex,,SOL-TAPCE,0.76498,0.76498,0.0,23717,,a5c3537f-0c97-55e8-8d59-8a6bd38e39db,0.0,0.0,0.0,https://icons.llamao.fi/icons/protocols/orca-dex,https://www.orca.so
raydium-amm,8DEVkv9VzwZGta9EYNBRppH5iUpTVHyxDpgoqosdBVsx,DREAM-WSOL,4.62,4.62,0.0,23696,,53509f1b-e9b8-4f30-8e2a-ddda34f5d643,0.0,0.0,-1.85,https://icons.llamao.fi/icons/protocols/raydium,https://raydium.io
orca-dex,HJVNnnRj1xz25P9215AHQUvGXoS6MKtJASjgrrwD7GnP,LST-SOL,0.17934,0.17934,0.0,23612,,b9ebb51e-9a9f-4882-9677-a18f0e7d5166,-0.40048,-0.1757,-0.21563,https://icons.llamao.fi/icons/protocols/orca-dex,https://www.orca.so
raydium-amm,HTSZiGHgQUfTpi3mgXBjkrVHhHKEQrneVRRFRFeL8mEp,WSOL-CHEX,6.33,6.33,0.0,23524,,7a02d081-f7a0-4870-b2dd-a8bb677077b6,-19.08,0.0,-24.56,https://icons.llamao.fi/icons/protocols/raydium,https://raydium.io
raydium-amm,4BBvrWsocM9wY2qXCCufCL8GxKtNeXT73uNfveK4MMq7,WSOL-SAN,4.04,4.04,0.0,23511,,bb33f098-6b5d-4484-863b-7878ce2e5761,0.0,0.0,0.0,https://icons.llamao.fi/icons/protocols/raydium,https://raydium.io
raydium-amm,j7HNXTHf7TguGefRrArdFTWDKG732WBu8mwzdbtGukX,WSOL-ROSS,2.1,2.1,0.0,23504,,08216c8b-10c3-4558-a040-a189bead5d8d,0.0,0.0,0.0,https://icons.llamao.fi/icons/protocols/raydium,https://raydium.io
orca-dex,AekrUD6STwjEcpsQgyR2F5ATtoE1Kjzkcwb8Zj5UjBrt,IDRX-USDC,0.03727,0.03727,0.0,23484,,e577f02b-d9b6-4a78-97c4-43ac83ddbde0,0.01183,0.03726,-3.048,https://icons.llamao.fi/icons/protocols/orca-dex,https://www.orca.so
project-0,8UEiPmgZHXXEDrqLS3oiTxQxTbeYTtPbeMBxAd2XGbpu,PYUSD,6.90538,6.90538,0.0,23457,,ab404965-3b8b-50cd-9bd8-84860f711bf0,1.78692,-0.75483,0.0,https://icons.llamao.fi/icons/protocols/project-0,https://app.0.xyz
orca-dex,YxyQcW66neHiMYLfThmVs776SHFczwFMjJh1Noi4BQv,FARTCOIN-FSTR,0.5221,0.5221,0.0,23419,,38a02e68-e7e5-4452-8d76-f2dd22e61940,-0.97094,-0.1137,-2.15675,https://icons.llamao.fi/icons/protocols/orca-dex,https://www.orca.so
raydium-amm,5DrXmbFoRofb4BAC8qDH1wd8ehCvkt1b2VZApDJuSReV,WSOL-$TOPG,2.52,2.52,0.0,23387,,6a5ce648-5c37-4461-afa7-9514e94c1ea4,0.0,1.0,-2.28,https://icons.llamao.fi/icons/protocols/raydium,https://raydium.io
raydium-amm,HwGQLubjSqYqCUcTQm9W9yJnfKNpUVz4DQ3US2vVvT3T,WSOL-AOC,2.08,2.08,0.0,23377,,0fc6745a-5b34-4523-8c6d-231c17288638,-0.16,0.4,0.0,https://icons.llamao.fi/icons/protocols/raydium,https://raydium.io
raydium-amm,GgtWsiJypUbKNFMmcuf1qsKdbEy41TXvDz4zbquyBDwb,WSOL-SFM,1.96,1.96,0.0,23279,,1b5ad40c-43d9-4189-a00d-ac28f49da880,0.0,0.49,0.0,https://icons.llamao.fi/icons/protocols/raydium,https://raydium.io
raydium-amm,J9BikJ2d7r9wots1K8vVn5SjXNWF9n7zFCZd7dyMpkjT,LS-USDT,14.04,14.04,0.0,23254,,8570c12c-c728-43cf-a85b-df3434fd92eb,8.03,0.0,0.0,https://icons.llamao.fi/icons/protocols/raydium,https://raydium.io
orca-dex,J3cdRYTeQAnZUhYRcVpk9abqEuRWTrtxb5fUbgh2aADn,SOL-XNET,13.24115,13.24115,0.0,23208,,a17dda75-a702-4a19-ad20-bce88391ee25,4.83895,4.72403,-11.4223,https://icons.llamao.fi/icons/protocols/orca-dex,https://www.orca.so
raydium-amm,2PsXkiGencXfQhibBU1isCUYhvEvAjbNpsPkpQqpU8VV,USD1-TRUMPCOIN,21.1,21.1,0.0,23196,,9d3c7619-0feb-5910-8e79-02c4fc284238,-1.66,-101.36,0.0,https://icons.llamao.fi/icons/protocols/raydium,https://raydium.io
raydium-amm,3eGxLTiyoDwoRc9vnzSERz2yqf66xgBQgHBJu4EDSNWt,WSOL-DEEP,3.0,3.0,0.0,23196,,8839c1f1-0621-4e55-9818-472714ddefd3,-14.08,0.0,0.0,https://icons.llamao.fi/icons/protocols/raydium,https://raydium.io
orca-dex,39GrsozbzM9Sg1U7EDnEtQ69fsVF3pmVtmV2DGDAQQJ5,PYUSD-USDT,1.15578,1.15578,0.0,23190,,78b0e621-7e39-412f-9e38-8171ec7284d5,-0.51338,-0.15115,-0.23885,https://icons.llamao.fi/icons/protocols/orca-dex,https://www.orca.so
raydium-amm,9KuRET4aDnGF7gPcxFJJLzh2xvrbkoN2M1M8y1Q4aN97,WSOL-GNET,8.52,8.52,0.0,23169,,13dc8c48-1dbc-4eae-8068-d3207e586961,0.0,0.68,0.0,https://icons.llamao.fi/icons/protocols/raydium,https://raydium.io
jupiter-lend,2F1ish76zdWCLMtmcsXAisem4198Qh3UYZFE7ABgBsS6,LBTC,0.0,0.0,0.0,22984,,a70f5ecb-c0d7-4461-a221-1a30f07f3461,0.0,0.0,0.0,https://icons.llamao.fi/icons/protocols/jupiter-lend,https://jup.ag/?ref=f6y1ryr2snn3
raydium-amm,DhnhjRBsA2hxwJB7gkw6dzK1u6HySTZjuWfXKTdcjNJ,WSOL-JARVIS,1.96,1.96,0.0,22972,,6eabdae0-0724-477c-baad-d88d317c3f30,0.0,0.0,0.0,https://icons.llamao.fi/icons/protocols/raydium,https://raydium.io
gmtrade,59uFARJWg7B8wcEuXzvkafiT4DuKemdNCN5bshDbwun9,WLFI-USDC,20.83181,20.83181,0.0,22952,,baa0e6ae-a58c-4a2c-bfa6-4a87a845c146,-2.1529,-53.75492,0.03519,https://icons.llamao.fi/icons/protocols/gmtrade,https://gmtrade.xyz
orca-dex,,WILLY-USDC,0.0,0.0,0.0,22895,,b350930a-d2b9-55a8-925f-4e89b10f1ed4,0.0,0.0,0.0,https://icons.llamao.fi/icons/protocols/orca-dex,https://www.orca.so
raydium-amm,38256B3SrJ8NTd4q9HgJjowGmSVw357f457Wqf5HS8h7,WSOL-LMT,5.12,5.12,0.0,22846,,7d4a8fb0-779a-40e3-afb2-1b33e6c9e7bb,-3.72,-1018.68,0.0,https://icons.llamao.fi/icons/protocols/raydium,https://raydium.io
raydium-amm,4nqpxUwgj2dB73SaTEnnAkJkzDrELdHAcRsPt9GeSWSd,WSOL-SATO,2.54,2.54,0.0,22818,,a62d91c0-96e3-45cd-9f6b-0af351a73507,0.0,0.0,0.0,https://icons.llamao.fi/icons/protocols/raydium,https://raydium.io
raydium-amm,7gYU9PxFEWH4yGD46x8Gkpfk7NSCnjyrPkzVS5Q4bmfQ,RACCOOE-WSOL,17.41,17.41,0.0,22788,,895d46fa-7823-57af-9153-afdc713aefce,0.0,0.0,0.0,https://icons.llamao.fi/icons/protocols/raydium,https://raydium.io
raydium-amm,4PoAsh3VoSGDBps6Nxpfs3XNscqf7kLaYQb1dxK4f8SA,WSOL-RUDI,2.82,2.82,0.0,22771,,4ea629fa-f543-49a4-be4b-0b271668f673,0.0,0.0,0.0,https://icons.llamao.fi/icons/protocols/raydium,https://raydium.io
orca-dex,CA4xewcd8MMgoUyabnFeCb48WZivbMQmzTV1KFyhV1GR,XAUT0-BBC,4.95556,4.95556,0.0,22746,,3066e20e-6ded-4b9d-bbb7-1dfbeb9eedce,-1.39748,4.28016,-1.14949,https://icons.llamao.fi/icons/protocols/orca-dex,https://www.orca.so
raydium-amm,EHNp33LtSoDVq3zmDLXu89g1huWu56U1e1KUstQyYEU6,WSOL-VRP,2.08,2.08,0.0,22735,,9aa015ac-35b1-4d0e-a8ca-54fdfeac94fb,0.0,0.0,0.0,https://icons.llamao.fi/icons/protocols/raydium,https://raydium.io
raydium-amm,E1wnaH2ZQvcB5hDWZe4JpivpjByLGP4uwFcMZb25FH3Y,WSOL-NC,2.75,2.75,0.0,22712,,d7ab40ce-2b4c-4a33-9afe-559f79c6feaf,0.0,0.0,-27.47,https://icons.llamao.fi/icons/protocols/raydium,https://raydium.io
raydium-amm,DpzcfUsVYFGm7k1ziUFTz5zrm5B6dTrqBgGeFnPe3tN6,WSOL-DEAGLE,3.27,3.27,0.0,22698,,53a1d129-cd88-5ac6-9e44-8c6abf4847d1,0.0,0.0,0.0,https://icons.llamao.fi/icons/protocols/raydium,https://raydium.io
raydium-amm,6aE8jwogq83TVWTk2uBUrpEjPyPr2GVE9Cb3vxp1p3SM,WSOL-XCHAT,2.27,2.27,0.0,22684,,ffa12588-6dd5-4f34-a7cf-be4a34e09915,0.0,0.44,0.0,https://icons.llamao.fi/icons/protocols/raydium,https://raydium.io
project-0,6os7THfmjSXjxvZ488GNJAkTtTMY56vj1FfdDwocds6i,PT-HYUSD,0.0,0.0,0.0,22636,,305a3968-823e-4400-9a3a-ff3e042ba48d,0.0,0.0,0.0,https://icons.llamao.fi/icons/protocols/project-0,https://app.0.xyz
raydium-amm,46DXWAke355YdDmaeVsr8sW9PX57QM6mk9x89KnonoDk,CRCLX-IDLE,33.45,33.45,0.0,22606,,2eaf5f17-440b-46b6-ad9b-e7d747df17ab,-56.45,-5.66,0.0,https://icons.llamao.fi/icons/protocols/raydium,https://raydium.io
raydium-amm,47WiAW991PWxFwjf2P8upMPdN6FHDVN6iim1d8DSCm1Q,WSOL-DOG,12.67,12.67,0.0,22573,,aed34562-11f5-4130-bdd7-83c5ad5373d7,-29.5,-28.34,-36.99,https://icons.llamao.fi/icons/protocols/raydium,https://raydium.io
raydium-amm,5bypKnYCZk81tX9fDwTToc2E1vgudpcySA4HzmiqaNTh,WSOL-$ZOOT,2.25,2.25,0.0,22549,,bc3ca458-3782-575d-91f6-a96ed432b96e,-2.77,0.0,0.0,https://icons.llamao.fi/icons/protocols/raydium,https://raydium.io
raydium-amm,4UN6WPJhfB9eoQq4XUwWiDj7NguW4iw9rx4iGBUguXcT,WSOL-CYAI,2.69,2.69,0.0,22536,,04429026-9796-4c89-af39-75165c6548a9,0.0,0.0,0.0,https://icons.llamao.fi/icons/protocols/raydium,https://raydium.io
orca-dex,5E2cHo3DQnRjB3zWHKUs86RPqCeLboMgKV9WjxFwUjhV,KMNO-SOL,31.44893,31.44893,0.0,22464,,5ff924d9-1e46-4554-832d-f821517c65a9,-59.52461,16.69895,-80.91947,https://icons.llamao.fi/icons/protocols/orca-dex,https://www.orca.so
raydium-amm,3UwfrdLTpAjxTRni1boc5HUWe6hzc4HgE5yLdvEp2Noc,BONK-USDC,5.13,5.13,0.0,22459,,144c3676-a593-4a23-bafb-7fa8adf96a9e,-1.78,-3.07,0.32,https://icons.llamao.fi/icons/protocols/raydium,https://raydium.io
raydium-amm,95evQ5n7Sxzeubej8CX2k6YhLV1zF3GUekruRUC5kSKe,WSOL-BABYPOES,2.25,2.25,0.0,22449,,1f9e9205-fa63-43b0-a8c0-d0fc642d981e,0.0,0.0,0.0,https://icons.llamao.fi/icons/protocols/raydium,https://raydium.io
raydium-amm,9DCGCHj4uh5eamL3SrDfM4NomNA7xSWDYjzuo9RhzLYD,F8-LIKE,86.79,86.79,0.0,22435,,3371db32-2bdf-5df5-b564-d73dbf712068,-31.86,0.0,0.0,https://icons.llamao.fi/icons/protocols/raydium,https://raydium.io
raydium-amm,F8ySGs1wuPycTCiz9PD56j1njGj96An3Aa6kxhxgnZ1T,GOFURS-WSOL,4.19,4.19,0.0,22431,,0fda090b-3dfa-50b2-964d-0ad0c33438c6,0.0,0.0,0.0,https://icons.llamao.fi/icons/protocols/raydium,https://raydium.io
raydium-amm,AZvcJhhvkLKQ3f5WCGjivD5SubsM6VrbAxBcWYtc1Mqs,USDU-USDC,0.1,0.1,0.0,22400,,ad0e1880-0b02-499a-8666-683f94a84058,0.0,0.0,0.0,https://icons.llamao.fi/icons/protocols/raydium,https://raydium.io
save,kfTnH3RDCrBne9T8LuxFbfeutFS3krDJj3ncdniVrj1,INF,0.0,0.0,0.0,22396,,5c9d090c-9621-4d70-b3c8-0cfd9afe9cea,0.0,0.0,0.0,https://icons.llamao.fi/icons/protocols/save,https://www.save.finance/
raydium-amm,13wWy2kyJjWJsQPftTDgCPeRSQ6eCC6pNCQk5NobW96D,MIM-WSOL,2.25,2.25,0.0,22385,,3aeae6a1-91a8-49f8-86dd-1e84a4023e2c,0.0,0.0,0.0,https://icons.llamao.fi/icons/protocols/raydium,https://raydium.io
orca-dex,DSWqe8K88A4mEPG1CxiW8zfBDZUkqGhwcNNUymBzT7cf,SOL-$BALL,0.0,0.0,0.0,22367,,fe1e5675-9fed-4b3b-a01b-5689e9f817ea,-22.53817,0.0,-4.48651,https://icons.llamao.fi/icons/protocols/orca-dex,https://www.orca.so
raydium-amm,7ik9bE2zhKxtW9yo2jc3vckjD93WJc2UiM6hvrs8VwEd,WSOL-TDS,2.25,2.25,0.0,22279,,efa29abb-8ecb-49af-86b7-ecc243ca0f6b,0.0,-2.23,-165.08,https://icons.llamao.fi/icons/protocols/raydium,https://raydium.io
orca-dex,7AhWSjMiXtxgZ6tB39V65sF3Rguv6arkbLWyk2v9MxRV,PRCL-USDC,9.85526,9.85526,0.0,22271,,ef4b6a4b-da27-4bef-9b65-e30600bcbb40,-50.98834,4.97392,-57.23107,https://icons.llamao.fi/icons/protocols/orca-dex,https://www.orca.so
raydium-amm,5hDVek6pZbg6m6K1tkNcdetPNFp28NP2NSmGrpPKVBcb,WSOL-SANTA,2.49,2.49,0.0,22251,,c7086b18-8208-4d8a-9f55-52bb0f2bf63b,0.0,0.0,0.0,https://icons.llamao.fi/icons/protocols/raydium,https://raydium.io
orca-dex,,USDC-JACOB,0.00298,0.00298,0.0,22180,,080e5d9f-c564-5349-a6cb-1e7c40773e02,0.0,-5.0961,0.0,https://icons.llamao.fi/icons/protocols/orca-dex,https://www.orca.so
raydium-amm,ApCCAFoqisXosRCBrW7RDSEq1aJwXMdvHmyYDZod1ZtB,WSOL-SOLALA,2.21,2.21,0.0,22175,,0d57c36b-cd0c-4773-b211-4a86a4d5c1af,0.0,-3.81,-14.36,https://icons.llamao.fi/icons/protocols/raydium,https://raydium.io
raydium-amm,GRk5Zr5LbnwLsDa45PSKc81DmN9YcMGE5CirxUjTHkrL,WSOL-MACROHARD,2.76,2.76,0.0,22154,,4239a30e-feb9-41c8-a2da-9702fc17d1bb,0.0,0.0,0.0,https://icons.llamao.fi/icons/protocols/raydium,https://raydium.io
raydium-amm,HLY9t5UAFvmvSmH8jN9EfS9F2VkEE9gBK5kAzVQ2hYqL,WSOL-ZACHXBT,2.11,2.11,0.0,22148,,d0456200-3ba1-4667-9a21-b8f23462f990,0.0,0.0,0.0,https://icons.llamao.fi/icons/protocols/raydium,https://raydium.io
orca-dex,8dXh2fQYaGgaWgUsMYkFFoe6gvfjhVWNR2qbZVjC1LqC,MOODENG-COINOMI,0.70963,0.70963,0.0,22145,,acb668f7-c766-41bb-bf42-4ad09ea551a7,-3.98341,-3.5613,-3.62188,https://icons.llamao.fi/icons/protocols/orca-dex,https://www.orca.so
raydium-amm,3nDvaAP4g5u6XGBTMGzPzNqfwq76BgZx2D28gnTDKEtP,WSOL-NEWSUM,1.71,1.71,0.0,22121,,42bbf66b-4188-4b58-8b1b-d261217a2cf3,0.0,-1.85,0.0,https://icons.llamao.fi/icons/protocols/raydium,https://raydium.io
raydium-amm,5T6qcCjwrYkjUUphxXZFUACiwZcY4GeenUBN6UMmxdh2,ERC20-USDT-USDC,157.96,157.96,0.0,22095,,6a28ac93-1fb8-538b-ae22-648b1b7e8584,0.0,0.0,0.0,https://icons.llamao.fi/icons/protocols/raydium,https://raydium.io
raydium-amm,78NVPbFUR9ishdqVMFgYv3mGVQohtTm94tvLm69dZxYs,XAUT-USDC,22.55,22.55,0.0,22092,,8d7f7296-5b2d-5bc9-8fff-73542b1c303c,0.0,0.0,0.0,https://icons.llamao.fi/icons/protocols/raydium,https://raydium.io
orca-dex,3E4Mqf7T15Z9kUjaCoP3PuXsi6moyWGXzrX3BhLjHfm9,奶龙-COINOMI,0.0,0.0,0.0,22080,,1d6137a2-7590-4b76-92d6-ef90f0f52f87,-0.23815,-0.13169,-0.37022,https://icons.llamao.fi/icons/protocols/orca-dex,https://www.orca.so
raydium-amm,DWHbNQSpaXDhQoqwcPGXrnBStySjMoDhKNex8rdi2JX7,RICKROLL-WSOL,2.21,2.21,0.0,22022,,73a09b62-202c-4085-89dc-60d009a6a1d5,-4.25,0.0,-26.84,https://icons.llamao.fi/icons/protocols/raydium,https://raydium.io
raydium-amm,YrrUStgPugDp8BbfosqDeFssen6sA75ZS1QJvgnHtmY,WSOL-LAUNCHCOIN,0.42,0.42,0.0,21987,,16848ba5-f82c-4f6d-9325-4a5b38de573f,0.32,0.0,0.07,https://icons.llamao.fi/icons/protocols/raydium,https://raydium.io
raydium-amm,82o8yYwxZpsdEHT59sW6pAS1X1zisz5EBq8ECTaWsDee,WSOL-OMEGA,1.96,1.96,0.0,21964,,0f622735-48cb-49e7-bd7b-a7bf0d115fc1,0.0,0.0,0.0,https://icons.llamao.fi/icons/protocols/raydium,https://raydium.io
raydium-amm,EEsKhxvEfCVaYpPp6B2t2pExMi7b39XArCZERhaSawQg,WSOL-HUNTBODEN,2.62,2.62,0.0,21952,,5d25a97b-6679-4294-b76d-90b13cf36706,0.0,0.0,0.0,https://icons.llamao.fi/icons/protocols/raydium,https://raydium.io
raydium-amm,C8tx8FLnohFcoH4vP2cFBcsSv1paUQXV1uRUVM6VYKxw,BSOL-BORG,11.09,11.09,0.0,21882,,c1ef7c6a-9e65-4297-9531-1275549fe6b1,0.0,0.0,0.0,https://icons.llamao.fi/icons/protocols/raydium,https://raydium.io
orca-dex,2UhFnySoJi6c89aydGAGS7ZRemo2dbkFRhvSJqDX4gHJ,SOL-JTO,25.45809,25.45809,0.0,21835,,3643f224-2f2d-4ef6-8857-200189697db7,-15.11541,4.01493,-32.20213,https://icons.llamao.fi/icons/protocols/orca-dex,https://www.orca.so
kamino-liquidity,76hmUZqSGZEBToDeGDr2pYYHap63K67HJuo3pehJc6UA,LST-SOL,0.15875,0.15875,0.0,21794,,46b936d0-d749-4387-ae11-fad29862bbfb,-0.36484,-0.16726,-0.10595,https://icons.llamao.fi/icons/protocols/kamino-liquidity,https://kamino.com/liquidity
raydium-amm,DJmQv6UYZ4jtPrjM85uaNKpiTkBYYvDdWu3CN4wgku13,WSOL-KIKI,2.15,2.15,0.0,21792,,ae66f689-68a6-450f-b370-4ec1182f6ad0,0.0,0.0,0.0,https://icons.llamao.fi/icons/protocols/raydium,https://raydium.io
save,5s4wKNDtW5yEUTaskoba8x5csEN5Ae1dZv5GkzP5Nq3H,FOMO3D.FUN,0.0,0.0,0.0,21742,,329d70f8-03b7-4c51-871c-5bee153e5dd3,0.0,0.0,0.0,https://icons.llamao.fi/icons/protocols/save,https://www.save.finance/
raydium-amm,CuA6Yvcia2CZJfetLi9NwJeohx8XFYKuGLNQicZhuEGq,LTX-WSOL,2.68,2.68,0.0,21741,,c874a3d4-1513-4882-8f31-ba74966abb44,0.0,0.0,0.0,https://icons.llamao.fi/icons/protocols/raydium,https://raydium.io
orca-dex,5gwmcjXMy6jmWHAXS4rTcPSRbgkm92RnyYBRtMQJsREw,SOL-SPX,52.41844,52.41844,0.0,21725,,2ab75a9e-1418-4fd8-bf2f-36f38b43aaa8,-8.12658,-25.08717,0.0,https://icons.llamao.fi/icons/protocols/orca-dex,https://www.orca.so
raydium-amm,3TwcmqMREAhfzJc4FbnHJdQttd7zv4xiztK1N3NghqDV,WSOL-EARL,2.69,2.69,0.0,21716,,39c29ebf-3967-4f17-85b6-42f02fd4c39a,0.0,0.0,0.0,https://icons.llamao.fi/icons/protocols/raydium,https://raydium.io
raydium-amm,DawRt7seSznjgX2AtT9XYmzJMg2XkfGiBFNnvcSCmYSh,WSOL-TREECH,11.22,11.22,0.0,21679,,e8e479bc-45f7-5d24-966f-8b6d0f864059,0.0,0.0,0.0,https://icons.llamao.fi/icons/protocols/raydium,https://raydium.io
raydium-amm,2JH4EPCVm2HJY8sYjLgirytMQuCWoiCJCbx1QcTJGk6o,SPOODY-WSOL,2.66,2.66,0.0,21641,,4deeeef4-386a-40bd-acab-35337eebf0b5,0.0,0.0,0.0,https://icons.llamao.fi/icons/protocols/raydium,https://raydium.io
raydium-amm,GtKKKs3yaPdHbQd2aZS4SfWhy8zQ988BJGnKNndLxYsN,WSOL-BONK,8.9,8.9,0.0,21635,,38470665-1297-45ff-8412-88ebdc68605f,0.0,7.16,0.0,https://icons.llamao.fi/icons/protocols/raydium,https://raydium.io
raydium-amm,4V2oM5hUq4YgocPt2XZFwEgec83MZaemF77qi21ahDmC,PEKING-USDC,212.56,212.56,0.0,21616,,ebdec1e2-9470-5b92-9a28-289a239bb447,0.0,0.0,0.0,https://icons.llamao.fi/icons/protocols/raydium,https://raydium.io
raydium-amm,94z8iEtzBzcgQVmNovNpPyAHYuvVa31StSbs1xb6FjTf,WSOL-SCATE,3.27,3.27,0.0,21613,,cfcf2953-b280-5dbf-b6a5-c982330bba64,0.0,0.0,0.0,https://icons.llamao.fi/icons/protocols/raydium,https://raydium.io
raydium-amm,ApmxYF4RhHPF2CTvV2pexajCMtWRn3oVYQrNGrwnSSrv,WSOL-GET,0.11,0.11,0.0,21586,,ec431559-e28d-52ff-80cf-dfcab3faddea,0.0,0.0,0.0,https://icons.llamao.fi/icons/protocols/raydium,https://raydium.io
orca-dex,4Ui9QdDNuUaAGqCPcDSp191QrixLzQiLxJ1Gnqvz3szP,JUP-USDC,3.80535,3.80535,0.0,21539,,06eceae4-f1f7-4bc7-b932-07468b7a9756,1.60448,3.35357,-5.66542,https://icons.llamao.fi/icons/protocols/orca-dex,https://www.orca.so
raydium-amm,963sKud5Mn3SS8RoNBcN2G88AT8KzbSu5x9okHBgzxeL,AI-WSOL,2.62,2.62,0.0,21538,,a47ed3f2-732a-4e15-aa3c-d7c0e577d9c3,0.0,0.0,0.0,https://icons.llamao.fi/icons/protocols/raydium,https://raydium.io
orca-dex,GsKfZZEhrp6KHe3DLLbrD1pft22B6BDB3cxzAbPXZjq9,PYUSD-USDG,0.20088,0.20088,0.0,21473,,2bedcb5b-ea05-42ba-8c09-36d638f3feb8,-1.64348,-0.25396,-3.86393,https://icons.llamao.fi/icons/protocols/orca-dex,https://www.orca.so
orca-dex,5dMKUYJDsjZkAD3wiV3ViQkuq9pSmWQ5eAzcQLtDnUT3,SOL-OLAS,0.01499,0.01499,0.0,21410,,52e59e52-d674-4b13-bea4-1076054f965e,0.01499,-1.91662,-2.02104,https://icons.llamao.fi/icons/protocols/orca-dex,https://www.orca.so
orca-dex,,USDC-DOLLS,0.0,0.0,0.0,21350,,1c18315a-c246-576b-837b-ea706bd7ccfb,0.0,-5.28902,0.0,https://icons.llamao.fi/icons/protocols/orca-dex,https://www.orca.so
raydium-amm,5T3wBctNTvcRfLf3TCBk1rReBPDaFSvK77fiae6D7psP,WSOL-RICK,2.74,2.74,0.0,21339,,8c1e312b-063d-4bcd-b3aa-34a07f46d90c,0.0,0.0,-8.13,https://icons.llamao.fi/icons/protocols/raydium,https://raydium.io
raydium-amm,H5TmGsYpr3NmFk2pYhFMgXx7qVBQHjEcZUHCvjCBCSUx,TONIC-WSOL,2.39,2.39,0.0,21257,,34ee806c-ce0e-4cb1-aebb-d2329bb321f7,-0.66,0.0,0.0,https://icons.llamao.fi/icons/protocols/raydium,https://raydium.io
raydium-amm,DE4VQDGWaw6UbFVoqF5WaqkED98hh3fnhwY6oxJwLug8,WSOL-YONA,3.54,3.54,0.0,21255,,8ee00ef7-cc9a-4490-b8be-67bb90281d61,0.0,0.0,0.0,https://icons.llamao.fi/icons/protocols/raydium,https://raydium.io
raydium-amm,HGp21Hj6DvsHuWByNh3pjtHZGcBZk7og4dZ3kRJhiGJr,WSOL-PETUNIA,1.58,1.58,0.0,21240,,42c964c5-322a-496a-8957-88e37d02b7eb,0.0,-1.4,0.0,https://icons.llamao.fi/icons/protocols/raydium,https://raydium.io
orca-dex,FwewVm8u6tFPGewAyHmWAqad9hmF7mvqxK4mJ7iNqqGC,SOL-USDT,4.43894,4.43894,0.0,21227,,570f7eed-a9fb-4a63-add2-5582c90cd9bb,1.92864,4.09055,-1.09992,https://icons.llamao.fi/icons/protocols/orca-dex,https://www.orca.so
raydium-amm,FZ8MJvdTPbp8juhtFCCzb7LsKunhexgzShGQ59SUJkNL,WSOL-RENDER,2.44,2.44,0.0,21222,,da54a5ea-c11b-414a-a5c7-6c4db6610532,0.0,-0.6,-15.5,https://icons.llamao.fi/icons/protocols/raydium,https://raydium.io
raydium-amm,4nP9m9BwVAZaYh2iCcW5VvrzMEz94FDdjutiquoqETrz,WSOL-SERCY,2.15,2.15,0.0,21156,,d8974f92-e46b-44ae-af96-df2e11b0861a,0.0,0.0,0.0,https://icons.llamao.fi/icons/protocols/raydium,https://raydium.io
raydium-amm,EoNrn8iUhwgJySD1pHu8Qxm5gSQqLK3za4m8xzD2RuEb,WETH-USDC,2.72,2.72,0.0,21141,,19ee4d34-f9a2-44ed-b7ff-a32cf361fe31,0.0,0.0,0.0,https://icons.llamao.fi/icons/protocols/raydium,https://raydium.io
orca-dex,6RghhS2Gbwq9bVjJmNPmaZJcXuPuXLqJP3RM2FsLp3c5,SOL-TRIPLET,131.62954,131.62954,0.0,21106,,b9663029-5a8e-4201-a164-3d501024de15,0.0,-274.22449,-628.01245,https://icons.llamao.fi/icons/protocols/orca-dex,https://www.orca.so
orca-dex,9oniTQPyndzLcEK47zmybRdFsG9bcgbwyCCpD5HSMNCg,UPT-USDT,0.47223,0.47223,0.0,21085,,3d5850d7-533f-43a1-958b-61ad791e6337,-0.09802,0.14465,-0.37797,https://icons.llamao.fi/icons/protocols/orca-dex,https://www.orca.so
orca-dex,,MAMDANI-USDC,0.00169,0.00169,0.0,21074,,5d9a272e-6018-59d2-aee1-befd8838d807,0.0,0.00084,0.0,https://icons.llamao.fi/icons/protocols/orca-dex,https://www.orca.so
raydium-amm,6CqWPePdnXnC2Lrww1NiksjuWzX8johLoNw6YFPu3GZx,WSOL-CHARIZARD,2.68,2.68,0.0,21032,,56d25446-e6cd-4484-af4d-b7e95c535d70,0.0,0.0,0.0,https://icons.llamao.fi/icons/protocols/raydium,https://raydium.io
raydium-amm,5WUxQAPq7eZfoo2Z6qL3svXA9dJRoXqK2fsaFuRNWvqY,HAROLD-WSOL,3.41,3.41,0.0,21017,,dc8f45d1-94d9-41c5-8cd2-b650b7120db1,0.0,1.45,0.0,https://icons.llamao.fi/icons/protocols/raydium,https://raydium.io
raydium-amm,88e3rT5s1psg4RNFgPudLQ6iwxeocGCYMQuhmuKEcWnD,GREENEX-USDC,78.3,78.3,0.0,21012,,a4197d2c-29f5-51a5-a5a3-82def90d2d9d,0.0,0.0,0.0,https://icons.llamao.fi/icons/protocols/raydium,https://raydium.io
raydium-amm,J5N1evFCMaCy3vPYfB3WfDUmcZfA3eS5Dgx9C4ef2wTZ,VAULT-USDC,3.08,3.08,0.0,21010,,633e0f61-88f6-42c7-967f-c41b48737d53,0.0,0.0,0.0,https://icons.llamao.fi/icons/protocols/raydium,https://raydium.io
raydium-amm,7TD464x7oQksPFmbdhzMA9zm6RpdtiSHGmbRP8QyqiMo,USDT-ERC20-USDC,30.41,30.41,0.0,21010,,43201762-8a3a-5785-9fc6-9493192e5e74,0.0,0.0,0.0,https://icons.llamao.fi/icons/protocols/raydium,https://raydium.io
raydium-amm,APXqq7U5pZsMAaXLzHqwUuqnq9EWSvGHAFA4Yp8uGZ3F,WSOL-ETFG,13.97,13.97,0.0,20975,,7e12464e-b9c0-4eb9-8d66-9282b23f1b16,0.0,0.0,7.45,https://icons.llamao.fi/icons/protocols/raydium,https://raydium.io
orca-dex,BMyKzRPegAvXHCPsg1MME6FVBv9C9HxfUHn1veWneg6A,STA-ST,0.0,0.0,0.0,20972,,448da1cd-1195-50b0-a5e5-db5979101b98,0.0,0.0,0.0,https://icons.llamao.fi/icons/protocols/orca-dex,https://www.orca.so
orca-dex,7FcvD7B7GZKJjNUuRAX8exMkMkHPsptwFrqhtLf5c4rf,EZSOL-JITOSOL,0.04112,0.04112,0.0,20970,,7ebcef89-6bf7-46b9-a3c9-81ea0b8625b7,0.03663,0.04069,0.01265,https://icons.llamao.fi/icons/protocols/orca-dex,https://www.orca.so
raydium-amm,3MNikr7ZHMRp6yQYmZ32NnAUeVrQCHTKD3JFikuYcueS,MATTLE-WSOL,2.3,2.3,0.0,20940,,3141b81b-1f81-4a0f-a066-691dd65c791f,0.0,-22.47,-16.15,https://icons.llamao.fi/icons/protocols/raydium,https://raydium.io
raydium-amm,GhZR91q7FcgG434wgCuZPL362CS6H1rPyviNZdzgbRnL,BOAP-USDC,0.14,0.14,0.0,20938,,18f68bc1-1849-5a8e-9f96-ff789af13bee,-0.11,0.0,0.0,https://icons.llamao.fi/icons/protocols/raydium,https://raydium.io
raydium-amm,3KrC5N9JsRzq6m2d4fkh5JHCRsvxfRxfmDAw6FCHPqKh,WSOL-OMOCHI,1.63,1.63,0.0,20902,,0158d421-17bf-414a-9576-b93638c283d2,0.0,-1.37,-3.48,https://icons.llamao.fi/icons/protocols/raydium,https://raydium.io
raydium-amm,7eaynRs7eMSFm6qgMeVd4Q54Za7B1uML4QJreznxTfEU,FROPE-USDC,29.76,29.76,0.0,20895,,5378ddde-9f68-598e-9dba-cfcd79cd5000,0.0,0.0,0.0,https://icons.llamao.fi/icons/protocols/raydium,https://raydium.io
orca-dex,32fJx2PJNBVHqTPwufmeTUystaEPmUQ2WhQXFoouiWHb,CBBTC-WBTC,1.86946,1.86946,0.0,20875,,9a060b9f-64e3-4093-8fec-cfed3c4455a4,1.44201,-4.6274,-33.51065,https://icons.llamao.fi/icons/protocols/orca-dex,https://www.orca.so
raydium-amm,AVp673JcMJcX7XMZ64s1tW4SUdy8zuvbqBqiQHeGMwUT,WSOL-CDB,6.18,6.18,0.0,20849,,b189e1fe-2b32-4fc4-be47-e3369a669b34,1.5,0.0,0.0,https://icons.llamao.fi/icons/protocols/raydium,https://raydium.io
orca-dex,CdofmK8T1Nu5p9hMZhBBQU8rXdgwxG8tmwuEW2zVsYgX,UPT-USDC,0.0,0.0,0.0,20819,,9d007df3-5c89-437b-80e8-f8527bcc2e0c,0.0,0.0,-0.89905,https://icons.llamao.fi/icons/protocols/orca-dex,https://www.orca.so
raydium-amm,FdQLedUh1nJrS7HGwvNh8mS3R8eGcniMDBfYM9kvNbvg,WSOL-NAI,2.26,2.26,0.0,20794,,dc4d51dc-b94e-4b44-8141-d4052abb9488,0.0,0.0,0.0,https://icons.llamao.fi/icons/protocols/raydium,https://raydium.io
raydium-amm,GtodbTdVsFcb6oJSKayEzWW2suw5Ds6xL6CAm3Tx6sVg,WSOL-MOTION,3.15,3.15,0.0,20788,,9f4a9268-903e-4284-859e-68a277baa898,0.0,0.0,0.0,https://icons.llamao.fi/icons/protocols/raydium,https://raydium.io
kamino-liquidity,5TQHajVurbMnwieFUXNcABuwkjfGtYQAi5tRhXJDAqy3,EZSOL-JITOSOL,0.0,0.0,0.0,20774,,7b1b6144-f5b3-4d90-b166-549beab6b38c,0.0,0.0,0.0,https://icons.llamao.fi/icons/protocols/kamino-liquidity,https://kamino.com/liquidity
orca-dex,3fCMZfWg48aUNYtdPm9KG4kmwseenr446fLAnafd2Uvj,SOL-NOS,11.53101,11.53101,0.0,20765,,280ef49a-c90a-42c6-b011-4f5ab61db741,-3.14418,4.75508,-12.92124,https://icons.llamao.fi/icons/protocols/orca-dex,https://www.orca.so
raydium-amm,9GuYRPtyqctKszyXKH7vtm2HSPRQBJG4AvY2tLo8cqFM,ST-USDC,7.66,7.66,0.0,20723,,b6544013-dff3-4794-bd27-20c74617c920,-0.72,1.95,-106.33,https://icons.llamao.fi/icons/protocols/raydium,https://raydium.io
raydium-amm,DcinUojGmiySFtRRDFLUP7LZWgrMjVa9oQbU926j8sxy,WSOL-AZR,9.23,9.23,0.0,20712,,df60aed9-e02f-4d85-bc0c-e83d53c9a512,-0.05,-5.5,-1.46,https://icons.llamao.fi/icons/protocols/raydium,https://raydium.io
raydium-amm,AWzvKNGNmMx1KM45SARSFp1HYpBH4feQQxEHVcn6o8sA,SFW-WSOL,29.92,29.92,0.0,20685,,06ef607f-5542-4e10-9d79-fbd45f405b79,0.0,0.0,0.0,https://icons.llamao.fi/icons/protocols/raydium,https://raydium.io
raydium-amm,D8ei6Qap3k3BtiVY3cWLMduFJNjYJpaNr3kgqAKMHSS8,PONS-USDC,56.98,56.98,0.0,20677,,765f290f-fdcf-5ecf-b7cd-01e309b6e2b7,0.0,-22.0,0.0,https://icons.llamao.fi/icons/protocols/raydium,https://raydium.io
save,4rS8X6uwnsZ94b4A7pqVx8By9zgJQWGeAgrYHXu4x8Av,WIF,0.0,0.0,0.0,20675,,8870ef8e-b62c-4d5c-84c4-a0cfc354c21e,0.0,0.0,-0.06,https://icons.llamao.fi/icons/protocols/save,https://www.save.finance/
orca-dex,,1CAT-USDC,0.0,0.0,0.0,20673,,51502e9e-9848-57f9-b736-ac42b1fd13d9,0.0,0.0,0.0,https://icons.llamao.fi/icons/protocols/orca-dex,https://www.orca.so
orca-dex,,SOL-PAVBO,0.51162,0.51162,0.0,20658,,36d642cf-2387-5373-8fae-5ee40505c944,0.0,0.0,0.0,https://icons.llamao.fi/icons/protocols/orca-dex,https://www.orca.so
orca-dex,H6ksMxhWVN916K9E4XLB9JVDPWD69GPk9K4UmxnpMGFU,ZEREBRO-COINOMI,2.98895,2.98895,0.0,20642,,deeeecad-824f-4790-86b7-9177bcdcc534,-4.83247,-3.50633,-10.46926,https://icons.llamao.fi/icons/protocols/orca-dex,https://www.orca.so
orca-dex,GhVFgbipdBgPK3DepE2P5H88dQN6EY8NYppWkg43rHbi,SOL-CATE,4935.19575,4935.19575,0.0,20624,,7a1bd516-da0e-58f7-ae94-1e89c84f8633,4710.4382,0.0,0.0,https://icons.llamao.fi/icons/protocols/orca-dex,https://www.orca.so
raydium-amm,9qppy1KXRTFEeWkFaysYHD7eu9GLg5pGXdLkdL51p7EX,WSOL-DEBT,44.83,44.83,0.0,20623,,5b3002f6-0412-41a0-815d-8a276e640985,-156.59,5.76,0.0,https://icons.llamao.fi/icons/protocols/raydium,https://raydium.io
gmtrade,59uFARJWg7B8wcEuXzvkafiT4DuKemdNCN5bshDbwun9,SPY-USDC,42.89118,42.89118,0.0,20620,,2ad9f07b-7eda-40e2-bc56-3b2b6f6f4b5c,-0.00057,-8.96961,21.65437,https://icons.llamao.fi/icons/protocols/gmtrade,https://gmtrade.xyz
raydium-amm,HXjgnkV34NpjhNaUf5aKtiZqdBeusRiwe42bQjRhCteU,BEARFCK-USDC,15.89,15.89,0.0,20569,,e4c404aa-cca7-5079-924f-e6ecc67cb8f9,0.0,0.0,0.0,https://icons.llamao.fi/icons/protocols/raydium,https://raydium.io
raydium-amm,CUhNAjNQJTrLZm136NZkKiLkGPbA89MwdTSv8DVFDTN7,WSOL-ROT,2.52,2.52,0.0,20534,,feba5f15-1390-4e1e-a4ae-b2cf1063c170,0.0,0.0,0.0,https://icons.llamao.fi/icons/protocols/raydium,https://raydium.io
raydium-amm,AwaVyGAF3N6K4YRUJk55Ui1GquKhKdD6vTCmVvCzXpKf,WSOL-EURC,0.51,0.51,0.0,20531,,4eece236-51f4-4e24-850f-3399ee354595,-0.06,-2.17,-80.29,https://icons.llamao.fi/icons/protocols/raydium,https://raydium.io
kamino-liquidity,F7VH9wiFSgWvtTaoKaAm84ruDksd5tdgu9t6FS6PAXM,PYUSD-PRIME,0.0,0.0,0.0,20508,,611bcb70-2103-458e-ba0f-7e536bb22390,0.0,0.0,-2.26229,https://icons.llamao.fi/icons/protocols/kamino-liquidity,https://kamino.com/liquidity
raydium-amm,CwTkxZ1VS7qjiFTtDrDAmMQFZw6YVeYJ5DdTcQ5no5wJ,WSOL-BURPCOIN,3.17,3.17,0.0,20486,,0e9ff565-7e55-4a3b-9ab3-2155cad863dc,0.0,0.0,0.0,https://icons.llamao.fi/icons/protocols/raydium,https://raydium.io
raydium-amm,C5GbSZZW2z5acMAxVEkKVT2VNgHWWVv3gzLQqoP6i1QM,USDC-WARPE,19.45,19.45,0.0,20465,,5adb34ed-dba9-5bab-a727-180b29ae5aa8,0.0,0.0,0.0,https://icons.llamao.fi/icons/protocols/raydium,https://raydium.io
orca-dex,2kYag4CwvuNiNAJ8RxGhA5DeXEhtJ5dPGTRPefDacFuQ,KONG-USDC,0.0,0.0,0.0,20434,,b7d50411-9137-45ea-98ce-f57a05d402aa,0.0,0.0,0.0,https://icons.llamao.fi/icons/protocols/orca-dex,https://www.orca.so
raydium-amm,8rY1rdAnrHqJDy6a7nTykS3NyNUU4jV8b5wfFFovAaMG,BCAT-WSOL,2.63,2.63,0.0,20403,,5e5a0c9b-235b-4283-be8c-2d179ac16f90,0.0,0.0,-14.93,https://icons.llamao.fi/icons/protocols/raydium,https://raydium.io
orca-dex,9g8KMLTF1eQY24Rx7kjQLtr666piRkeqHLdjRrJNahsS,SOL-SZ,1.12271,1.12271,0.0,20401,,5b757344-c324-5ba1-a3c5-a30e3eb8a923,-0.17965,-1.9734,0.0,https://icons.llamao.fi/icons/protocols/orca-dex,https://www.orca.so
raydium-amm,4ZyZ896AJF8rLYf7G52N582qVw7rseqyAsmbfdwt8fQR,WSOL-TBEAR,2.22,2.22,0.0,20365,,d642902d-96db-40e7-9b19-606b3aada792,-1.75,-0.02,-2.97,https://icons.llamao.fi/icons/protocols/raydium,https://raydium.io
raydium-amm,4fqGoJnSEJtRMyZ1jvjTgAJKMaozMMzVpZJJ9sq1v12m,MACHO-WSOL,5.73,5.73,0.0,20362,,287227b0-f88f-4d1a-a8e3-463f8e865609,0.0,0.0,0.0,https://icons.llamao.fi/icons/protocols/raydium,https://raydium.io
raydium-amm,CKiHaPcJo5NdMPT2sBjAYTSfAduY6cL1xyqM92sgMyXq,WSOL-DEMPLAR,2.47,2.47,0.0,20298,,c2cfab6b-9f76-4843-9745-e1aeeef965b7,0.0,-7.24,0.0,https://icons.llamao.fi/icons/protocols/raydium,https://raydium.io
raydium-amm,9DzM2QNRqA3q6NCAo4BvgryAezVzjGsFN2a5W8N2GeYM,PORTALS-WSOL,8.05,8.05,0.0,20252,,7228e3cf-b125-4c4f-a76b-ac1b97f15f8c,-4.26,2.74,0.22,https://icons.llamao.fi/icons/protocols/raydium,https://raydium.io
orca-dex,ZSwYf4YGm1L2JKWVS8KjHo1B6tUC9ZSsS16CTQvLDpw,SOL-DOOD,5.0095,5.0095,0.0,20246,,1e829868-ad82-4561-bbf4-539c9c8694de,-4.40006,-7.15554,-17.43017,https://icons.llamao.fi/icons/protocols/orca-dex,https://www.orca.so
kamino-liquidity,GvDVx3VDw7g6Tp1WhEkfZhDyfdUymmYbrakdxyJQ2NLf,SOL-GP,17.92393,17.92393,0.0,20229,,45f452c6-382e-4e2e-a8f2-e1cb37cdf470,17.92393,17.92393,-36.14855,https://icons.llamao.fi/icons/protocols/kamino-liquidity,https://kamino.com/liquidity
kamino-liquidity,98kNMp1aqWoYAaUU8m5REBAYVwhFb4aX9yoSpgq8kUFu,USDC-USDT,0.0,0.0,0.0,20217,,ef49c97e-e78f-4e2a-9525-0faea1a25421,0.0,0.0,0.0,https://icons.llamao.fi/icons/protocols/kamino-liquidity,https://kamino.com/liquidity
raydium-amm,25hM9azNbv3Ae2bPeosQpR3hqwqKEsCE7BYuxaWSjxKj,USDC-CC,27.29,27.29,0.0,20197,,b64c053c-fee7-5123-b471-d3f87933e13b,0.0,21.83,0.0,https://icons.llamao.fi/icons/protocols/raydium,https://raydium.io
save,8T25kW4pHhr6mNYYa3NPN62GVNRkzZ9PRkiXgRbKLGDr,ISC,0.78,0.78,0.0,20164,,96cb74ae-4c8e-41e0-b659-daccbb55a7a2,0.0,-0.02,0.02,https://icons.llamao.fi/icons/protocols/save,https://www.save.finance/
raydium-amm,4obLD29NatKG3g9nE7AE38v7VUqGri9LfK7YBhovwQ8v,WSOL-BABYCAT,12.08,12.08,0.0,20147,,894f53c7-bcf4-5422-92dc-5b55acb91719,0.0,0.0,0.0,https://icons.llamao.fi/icons/protocols/raydium,https://raydium.io
kamino-liquidity,8CsQpQrgmN68wxNRw1G9uejmAWYpAjCg9XBpr2KE7ESV,JUP-WEN,38.0191,38.0191,0.0,20061,,ae1ff01f-7f26-47fb-ad73-4e61082980f4,16.25686,3.03949,3.09048,https://icons.llamao.fi/icons/protocols/kamino-liquidity,https://kamino.com/liquidity
raydium-amm,EsVPTEDhwVAJsx289fkJpCpK4m91F53Ky9by1HVsW2ko,WSOL-STARTED,2.38,2.38,0.0,20052,,88ac54b7-4da2-4520-af33-b44f2ec12a84,0.0,0.0,-41.3,https://icons.llamao.fi/icons/protocols/raydium,https://raydium.io
orca-dex,7gpex7wEEewwRhquzL97xqCSfdfkcJW54p6r5eWuaev7,IODT-USDC,0.0,0.0,0.0,19955,,5c1a3143-a1eb-4923-be79-d5d9ad09fe41,0.0,0.0,0.0,https://icons.llamao.fi/icons/protocols/orca-dex,https://www.orca.so
cube,,USDC-USDT,31.41356,31.41356,0.0,19952,,777ead8e-8b17-5d2c-b60d-941bc63b18d8,18.75988,0.0,0.0,https://icons.llamao.fi/icons/protocols/cube, 
orca-dex,,GCFU-USDT,0.0,0.0,0.0,19949,,b3463999-c5dc-5a55-93ea-84dc2bc72219,0.0,0.0,0.0,https://icons.llamao.fi/icons/protocols/orca-dex,https://www.orca.so
raydium-amm,8uxhbbqp6mbRmZReHbEZZyxdgSsgxSarE7DfCS8ZCEPR,WSOL-ANDREA,2.4,2.4,0.0,19947,,f4becf97-e0d6-4605-9229-5e7e61825947,-0.58,0.0,-50.38,https://icons.llamao.fi/icons/protocols/raydium,https://raydium.io
raydium-amm,FKij2gawooipdEqjkuPX672YHFPaxMMecXMHTQoDF827,ACC-WSOL,2.36,2.36,0.0,19926,,6d847cdd-2b29-4e5d-9678-bb89b7a28c9b,-0.71,0.0,-1.98,https://icons.llamao.fi/icons/protocols/raydium,https://raydium.io
orca-dex,C3km5MDqBiA3eVBsy8r6D8AtTr4J8j2TpRTiXaydkiCx,WBTC-WHETH,6.0187,6.0187,0.0,19908,,7bf234e9-83dc-44cc-800d-bf81751b1da6,-0.73176,4.89573,-12.2969,https://icons.llamao.fi/icons/protocols/orca-dex,https://www.orca.so
kamino-liquidity,HzPxAMuotuC9ADp5G4pJyvzPsZBK2bd24STHMMtF53ci,SOL-DOOD,0.0,0.0,0.0,19879,,b3c91e0a-0a84-4276-9881-0ea352471c97,-16.61697,0.0,-38.82091,https://icons.llamao.fi/icons/protocols/kamino-liquidity,https://kamino.com/liquidity
orca-dex,DMKDcQ7Bi3gKNLYPb8Gn3hkTKfUcghVz2xafET2Mttn5,PONKE-COINOMI,2.75143,2.75143,0.0,19872,,6c624854-38ee-4861-a7d8-a7a60aac1335,1.29242,0.77488,-0.43091,https://icons.llamao.fi/icons/protocols/orca-dex,https://www.orca.so
loopscale,BpfxbcoTP4ZYKLZJ1kosXxzjMMa6ccZM723xRErgKS4Z,SLX,0.63616,0.63616,0.0,19843,,d37df913-c726-5dcf-b1a8-7571f12f483b,-0.00158,0.40866,0.0,https://icons.llamao.fi/icons/protocols/loopscale,https://loop.sl
orca-dex,,HKRMD-USDT,0.10135,0.10135,0.0,19839,,3695b5c1-82e3-56d9-82cd-f6870073ff79,0.0,0.0,0.0,https://icons.llamao.fi/icons/protocols/orca-dex,https://www.orca.so
orca-dex,D3C5H4YU7rjhK7ePrGtK1Bhde4tfeiTr98axdZnA7tet,SOL-RAY,1.27162,1.27162,0.0,19826,,d6ebdcd6-3faa-4a6c-bdb2-47c140ba01d9,-0.64325,0.11772,-33.2516,https://icons.llamao.fi/icons/protocols/orca-dex,https://www.orca.so
raydium-amm,4MgD934yRTYAMciWRhk9S5f1V6s6Nwt4TfshZ5h321Ec,WSOL-CHILLDEV,11.09,11.09,0.0,19816,,f773ee3a-3d0a-45b2-a504-652e0eccddb0,4.18,-2.54,-0.78,https://icons.llamao.fi/icons/protocols/raydium,https://raydium.io
orca-dex,,USDC-FRANK,0.1961,0.1961,0.0,19801,,7c9f3703-7fc1-5064-ab1a-b551967e14c3,0.0,0.0,0.0,https://icons.llamao.fi/icons/protocols/orca-dex,https://www.orca.so
raydium-amm,BNGeZ3h2ZBMEzRaAseQY819GtJ4EaTEYhzyTUEXyqZhB,WSOL-GOD,2.54,2.54,0.0,19786,,def39528-2e09-4d4b-b6a5-791fd9368804,0.0,0.0,0.0,https://icons.llamao.fi/icons/protocols/raydium,https://raydium.io
orca-dex,2U7ccKLSfwEq7qRdbBfuN8WVE7dwPjqp3dtK6ERVNKHq,SOL-CHEX,71.39188,71.39188,0.0,19751,,b6001273-2955-4307-a473-b4c52643a43f,-162.44317,46.12489,0.0,https://icons.llamao.fi/icons/protocols/orca-dex,https://www.orca.so
raydium-amm,3ysyXtPPXnDiipsHovd6aaHdmuS62B3MTWgZBL5TF4Lc,WSOL-EIC,2.44,2.44,0.0,19750,,6563e74b-59e0-4ff4-a253-7eeb21eded8d,0.0,-4.55,-3.61,https://icons.llamao.fi/icons/protocols/raydium,https://raydium.io
raydium-amm,3gYXPAYp8xi7wrzC9hpa89d2pQ8jBqT1UUL5wehvz3LY,WSOL-LLD,10.78,10.78,0.0,19722,,d9e5fe8c-f4e3-4d9d-b78c-7de303dc38d0,0.0,0.0,0.0,https://icons.llamao.fi/icons/protocols/raydium,https://raydium.io
raydium-amm,ETrrvcdVf65WtjynjZ7jGbrdSiTBcTe8B2qHUakqreom,WSOL-CPO,21.16,21.16,0.0,19583,,c29d8a29-4571-4c51-8694-34790a721d6f,-0.25,0.0,-18.78,https://icons.llamao.fi/icons/protocols/raydium,https://raydium.io
raydium-amm,9iGPntZ37MMyKGX6oDJ8fj2tVnY2FArsEGsmHVjR9RRk,WSOL-GEORGE,16.56,16.56,0.0,19569,,a745a917-cdfa-43ff-b1b5-dc613aeb2cdd,0.0,2.93,-11.62,https://icons.llamao.fi/icons/protocols/raydium,https://raydium.io
raydium-amm,H6ehB1eqM1SSjvVrk3hZC93rrcwA6gnvH7ueGNvcBTac,WSOL-HARRIS,2.31,2.31,0.0,19510,,85fbe0b2-34d9-41ea-879c-70675a679a0e,-1.53,0.0,0.0,https://icons.llamao.fi/icons/protocols/raydium,https://raydium.io
raydium-amm,BTL6Qcr2TVaqs8ZYEx7jEq6LTvx3opg3f9DM2nxHmpxD,WSOL-AGI,2.58,2.58,0.0,19471,,325fd8f1-b3ac-45b8-85e9-0b4acedc8c4e,0.0,0.0,0.0,https://icons.llamao.fi/icons/protocols/raydium,https://raydium.io
raydium-amm,DHY6D7BpuSear3t6YPxLZAxtmEBscJHPwCwS6UN5VXs4,QQQX-IDLE,33.91,33.91,0.0,19397,,d2a449ae-4990-467a-bfc3-83280da40aa6,-20.29,-3.65,-65.69,https://icons.llamao.fi/icons/protocols/raydium,https://raydium.io
raydium-amm,H5gndJaYQn59VaNd7iPnW4KS1kisk8sG4UMeZAtjX4WZ,WSOL-SUMMIT,24.14,24.14,0.0,19396,,aee6b677-2d18-515b-bc9a-9548e6eec649,0.0,0.0,0.0,https://icons.llamao.fi/icons/protocols/raydium,https://raydium.io
raydium-amm,zHGN3Kh1miQSuehUWD1TPYTxkCkUrtT8foNxtASsiKJ,WLFI-USDC,2.23,2.23,0.0,19386,,e001d5df-6851-402d-bc8b-ccdf6a23670c,0.0,0.86,-8.38,https://icons.llamao.fi/icons/protocols/raydium,https://raydium.io
orca-dex,4kKFykZkVqE5wbBgj6o8ddnj5TmA6UQgXJLYzAasgKdD,SOL-GOAT,5.87024,5.87024,0.0,19383,,2347a90e-1a52-4684-bb49-6f7d5321ad48,1.12546,2.46814,1.30783,https://icons.llamao.fi/icons/protocols/orca-dex,https://www.orca.so
orca-dex,HwCngan6JmSxeYdizHxDLXUUi21ggoQgVPVSp9rP2Hk1,RLB-SOL,0.0,0.0,0.0,19367,,748439d2-932d-49c8-8c8d-a976459684b8,0.0,0.0,0.0,https://icons.llamao.fi/icons/protocols/orca-dex,https://www.orca.so
raydium-amm,7ZYA6CbhSBqpUaHD1aQD2DRpc9RWEEuR5bFXfBiSeHwz,WSOL-CONTRA,1799.35,1799.35,0.0,19365,,63ae5007-9a0a-5204-beb5-0972e319c452,0.0,0.0,0.0,https://icons.llamao.fi/icons/protocols/raydium,https://raydium.io
raydium-amm,52vd17GUmhMXwkpt1RP6UHhnD2Yxc8x6Zjk7vQgyiB7k,WSOL-APU,3.28,3.28,0.0,19361,,34bf1562-4d7b-4250-9c85-e091fb5cbb26,0.0,0.0,-4.06,https://icons.llamao.fi/icons/protocols/raydium,https://raydium.io
orca-dex,,-USDT,3.54762,3.54762,0.0,19339,,c80e0afb-e1c8-57c6-bba2-0d92a663fc42,0.0,0.0,0.0,https://icons.llamao.fi/icons/protocols/orca-dex,https://www.orca.so
raydium-amm,81kFmWDGhtKequR6XnPsjHcyWmRkDfdmuCgCxkqFEjVv,WSOL-$SORANA,2.62,2.62,0.0,19318,,ede95c54-8e2d-48e1-baca-6c7ba72562ca,-6.18,0.0,-10.04,https://icons.llamao.fi/icons/protocols/raydium,https://raydium.io
raydium-amm,CjT2i3wbnwZMZjWhjDoURHmji5ksj7AEi3muim2BMuHw,WSOL-VFI,0.58,0.58,0.0,19278,,6016dafb-e13e-5055-a282-921e12615a8f,0.0,0.0,0.0,https://icons.llamao.fi/icons/protocols/raydium,https://raydium.io
orca-dex,B5EwJVDuAauzUEEdwvbuXzbFFgEYnUqqS37TUM1c4PQA,SOL-WBTC,3.01793,3.01793,0.0,19272,,7331c619-dd89-49fa-9080-3c3c6f81bbe1,1.04104,2.44838,-6.99202,https://icons.llamao.fi/icons/protocols/orca-dex,https://www.orca.so
raydium-amm,AZaaQaRhp1ys9VaJBRZYbmPz3JSBSp7m8cSSrLBn4BP9,WSOL-EPIK,205.21,205.21,0.0,19216,,5ac7482f-ebfa-556d-90d3-39016e1b7ced,0.0,0.0,0.0,https://icons.llamao.fi/icons/protocols/raydium,https://raydium.io
raydium-amm,3UKgZaLEbcjpHYGJ2UDaAFriMdMbDyrFd6XuwQjoBhdm,WSOL-$INA,2.77,2.77,0.0,19215,,513055d0-99d6-436b-8b0c-ce278f11666f,0.0,-4.88,0.0,https://icons.llamao.fi/icons/protocols/raydium,https://raydium.io
orca-dex,EnpMy3FceFndMsoddYx3Y3kB8JxnkEEJN2uqAgb5uizp,TROLL-COINOMI,27.02318,27.02318,0.0,19189,,bb71130b-783a-4e4c-bc5a-9f9ef560e5f2,14.69492,1.82394,1.14763,https://icons.llamao.fi/icons/protocols/orca-dex,https://www.orca.so
raydium-amm,7wrwbcWw9tMWt7YGv16jkbvWdLQ5bXGQDa8wDqoXFNqg,WSOL-WWB,4.67,4.67,0.0,19145,,510359a7-9a24-4e90-8fcf-2b891dea0ce6,-8.06,2.31,-2.84,https://icons.llamao.fi/icons/protocols/raydium,https://raydium.io
omnipair,,ORE-STORE,0.20027,0.20027,0.0,19083,,82d70c24-5418-4a65-bcc8-04ea3c2c1f44,-0.00651,-0.51047,-0.80592,https://icons.llamao.fi/icons/protocols/omnipair,https://www.omnipair.fi/
raydium-amm,GWjPMHYsmdosbMCPx14N627qf5WhpaxAwNBRCfqP9CM9,ORCLX-USDC,9.9,9.9,0.0,19082,,6138c88a-8b18-4653-a255-346a74394b6a,-14.02,0.0,0.0,https://icons.llamao.fi/icons/protocols/raydium,https://raydium.io
gmtrade,7HPU75j2rNV5RPRQPVN6mQ7sfgWgszBzmVYmAohf7PKN,WSOL-USDC,3.04207,3.04207,0.0,19079,,2b37808d-ab5c-4070-960d-5bce69c675d8,0.35724,2.27096,3.04181,https://icons.llamao.fi/icons/protocols/gmtrade,https://gmtrade.xyz
raydium-amm,AQydZCnLrNBZBt3n2WM43Mhf26RxGn6BevumCkmpcmWz,UGG-XCAD,3.04,3.04,0.0,18948,,a206bdcb-2cd9-427e-9606-14b3fe2e77f2,0.0,0.0,0.0,https://icons.llamao.fi/icons/protocols/raydium,https://raydium.io
raydium-amm,FDGTcewAmNmW5ZnhjJ8yCnYgbnZudqSUZ8EH9ufr2BFY,WSOL-WTFO,2.68,2.68,0.0,18892,,228387d4-92f4-4617-bf8b-d7bf3e1668e1,0.0,0.0,-3.28,https://icons.llamao.fi/icons/protocols/raydium,https://raydium.io
raydium-amm,EpUB3i6iDYQ9FtQ8AwHYtUH7JoMFZyM3aeYC5etsjdQs,WSOL-XIN,3.8,3.8,0.0,18885,,a1c44b38-5f5e-47db-9c0d-945651699ecb,0.0,0.0,0.0,https://icons.llamao.fi/icons/protocols/raydium,https://raydium.io
orca-dex,FMXnCwP6Yv8WWeCahzMQmBxraSZbvzPegqRaMME7EX8w,ALON-COINOMI,2.90541,2.90541,0.0,18883,,6ed82ead-b8f9-4d09-ba60-d545c26cc4e9,-8.57626,-3.9116,-28.70578,https://icons.llamao.fi/icons/protocols/orca-dex,https://www.orca.so
raydium-amm,6cefYvxYr78UdiChTYYFtoiG1R7WXiguCqguMKVirQ1F,WSOL-SOLLE,2.47,2.47,0.0,18813,,d8912770-7fae-473b-b9c3-ff6c0c52d21f,0.0,0.0,0.0,https://icons.llamao.fi/icons/protocols/raydium,https://raydium.io
raydium-amm,6wUEx6mQa8WN3xSNbCwZYqY9osoixsF3M9Y5UdV4soMZ,DUK-WSOL,3.03,3.03,0.0,18793,,bb39aae6-d242-4d3b-935f-168a5242a442,0.0,0.0,0.0,https://icons.llamao.fi/icons/protocols/raydium,https://raydium.io
gmtrade,59uFARJWg7B8wcEuXzvkafiT4DuKemdNCN5bshDbwun9,ENA-USDC,24.03014,24.03014,0.0,18767,,a15f3f6b-ea29-4b21-9bf6-d2b43b7b6828,-1.50784,-47.11216,-41.87993,https://icons.llamao.fi/icons/protocols/gmtrade,https://gmtrade.xyz
orca-dex,8JwS5zosnLFT84S1NebSp1HS6aeaxviXYS7jBh9PQ8vp,HNT-USDC,0.19203,0.19203,0.0,18752,,5a211b8f-4492-40b2-875e-f56eb5b204cf,-0.15095,0.06933,-1.13776,https://icons.llamao.fi/icons/protocols/orca-dex,https://www.orca.so
raydium-amm,H4m2D1PwNFWY5R25jAyHMAQuN1DeRATXttHwUq5kfiPA,WSOL-$SOLIS,190.99,190.99,0.0,18730,,c4b00a5f-d90c-506b-8f94-98039422baaf,-63.28,0.0,0.0,https://icons.llamao.fi/icons/protocols/raydium,https://raydium.io
raydium-amm,48hfMdNYYnUAT6r2tdtP2LjAN3rcPoypai3paKvZEfte,USD1-RARECOIN,3.24,3.24,0.0,18727,,353c8f1f-398f-4170-a10d-645fb4c1bf45,0.0,0.0,0.0,https://icons.llamao.fi/icons/protocols/raydium,https://raydium.io
raydium-amm,3Cs7o8MfS6QfbS4RHZ6tT5sJuzA2xeobQPqD19jmzvAr,WSOL-MANLET,3.06,3.06,0.0,18725,,8a9659a8-bf17-46d3-962f-b33c1ad64a98,0.0,0.0,-18.38,https://icons.llamao.fi/icons/protocols/raydium,https://raydium.io
raydium-amm,GoPr9nWYyuXtyLSnwsFqbmbCPvEtrT3hXw1tLDUY5egZ,JAIL-WSOL,3.29,3.29,0.0,18716,,8932472e-bc7b-4ada-a4ca-524d9575320a,-12.56,0.0,0.0,https://icons.llamao.fi/icons/protocols/raydium,https://raydium.io
raydium-amm,ALkirMmsqwuEMQU3rMDtKPuXruoPdfSKQkYnep8oLiP9,WSOL-USEDVAGINA,2.39,2.39,0.0,18713,,4a9e50a9-9096-51a8-8b5d-c82e36738212,0.0,-3.92,0.0,https://icons.llamao.fi/icons/protocols/raydium,https://raydium.io
save,BJfY2E6TVEQe896kfR1AhhYCECVKfbceGg2ASU2LXdiA,USDC,4.15,4.15,0.0,18690,,e6ddd0b2-00f3-48eb-b1e2-aabaada6bb6f,0.0,-0.14,0.39,https://icons.llamao.fi/icons/protocols/save,https://www.save.finance/
raydium-amm,4kNWhaFf3RHL4fz3nmUW24rmzmHVD8p3SHrJQAmmSg8C,WSOL-PETUNIA,2.13,2.13,0.0,18686,,1d40eb5c-f067-4882-a3c6-06cf86443249,0.0,0.0,0.0,https://icons.llamao.fi/icons/protocols/raydium,https://raydium.io
kamino-lend,75WrtSz7rLCdBvAQhtHi8M2jC8HnpT8iUxcYkdeawr37,KSOLJITOSOLRAYDIUM,0.0,0.0,0.0,18644,,d0d84008-3982-43d0-ab16-d7a6bb6cbfb8,0.0,0.0,0.0,https://icons.llamao.fi/icons/protocols/kamino-lend,https://kamino.com/
raydium-amm,9Hpj2afcN8WFDTu34hPbDf9c3FJxvyh7YvYLaMDXJx92,USD1-OIL,2.98,2.98,0.0,18629,,5c47b8a9-9ccc-4e73-8659-7518768834a9,0.0,0.0,0.0,https://icons.llamao.fi/icons/protocols/raydium,https://raydium.io
raydium-amm,4EBQ8UF6J48yVggp3Tig5oGPg8chAjssq7CxjCV6St6N,SDOGE-WSOL,2.61,2.61,0.0,18619,,bdd3cb4a-68cd-44f6-8089-223b0427aff3,0.0,0.0,0.0,https://icons.llamao.fi/icons/protocols/raydium,https://raydium.io
gmtrade,59uFARJWg7B8wcEuXzvkafiT4DuKemdNCN5bshDbwun9,META-USDC,47.55753,47.55753,0.0,18599,,15e17b12-0271-4066-be24-32c813e3f1f9,-0.00063,11.76895,15.74325,https://icons.llamao.fi/icons/protocols/gmtrade,https://gmtrade.xyz
raydium-amm,C7saQrX3feJRESyC3ggSkCDPAKLPYrwcFuFNRcPk9wUo,WSOL-MOMS,10.54,10.54,0.0,18556,,9dc986a1-d86c-58fd-bd7c-f36c626a94e2,-11.25,7.1,0.0,https://icons.llamao.fi/icons/protocols/raydium,https://raydium.io
save,CKqi88U4nuuU5THsELnc4vtycLLc3W3rdCWZg7VCi88T,USDS,1.47,1.47,0.0,18499,,9541ffa9-714a-4b8a-a362-c25e4eeeee18,0.0,-0.02,-0.07,https://icons.llamao.fi/icons/protocols/save,https://www.save.finance/
raydium-amm,7U2apS8QLnKpi1GSBKB7iNBDSem36z58ptdtdKeeWpkF,USDC-BOO!,17.1243,2.52,14.6043,18468,FnVo7TU1hZP5hYznymxSVUWXN8SLeX9MK92MRa1CPXfq,ce1c24f9-5da9-55cf-a65d-8865ff6c6efe,0.0,0.0,0.0,https://icons.llamao.fi/icons/protocols/raydium,https://raydium.io
project-0,EYp4j7oHV2SfEGSE3GJ4MjsCL33CzmqLTdvTCdacQ9uG,W,0.00108,0.00108,0.0,18441,,062d5378-820b-4e8a-92fb-c83b29762e0e,2e-05,0.00099,0.0,https://icons.llamao.fi/icons/protocols/project-0,https://app.0.xyz
raydium-amm,4j1uQuVTZYSDEuK3yKM113CYo1oo7FVDZfR96iZVRmja,WSOL-STOIC,1.84,1.84,0.0,18417,,c1f035f5-c45f-4383-8bad-9d88a3835845,0.0,-0.69,0.0,https://icons.llamao.fi/icons/protocols/raydium,https://raydium.io
orca-dex,CSP4RmB6kBHkKGkyTnzt9zYYXDA8SbZ5Do5WfZcjqjE4,SOL-HNT,1.21574,1.21574,0.0,18407,,75dbdb23-9653-413b-9ff2-41f7971a5941,-0.28669,0.25682,-0.78365,https://icons.llamao.fi/icons/protocols/orca-dex,https://www.orca.so
orca-dex,7fqohXEWP41Rjwr7Nbo4UQFeDZxJQEmZVup81iFhfMgy,ZEC-XAUT0,26.27594,26.27594,0.0,18401,,87c842d8-7eaa-4352-88bc-00b7cbd0b79d,-4.32013,8.67254,-23.43775,https://icons.llamao.fi/icons/protocols/orca-dex,https://www.orca.so
raydium-amm,7rhUbTbunhohLoxQs1powsr7hs4jKJVbuwgb3erzZ6HH,WSOL-BASED,14.35,14.35,0.0,18391,,6e6d5af2-9b85-4697-9544-cf5a55ba4d8e,0.0,0.0,0.0,https://icons.llamao.fi/icons/protocols/raydium,https://raydium.io
orca-dex,4SsFy3qti2Srbz2zSpkNDGo3PMV1NZS6szt2U1eRZmnF,GME-COINOMI,30.92325,30.92325,0.0,18355,,2aef2995-9d5c-4116-a4e1-77446a346708,25.58236,29.31557,28.21405,https://icons.llamao.fi/icons/protocols/orca-dex,https://www.orca.so
raydium-amm,9o79w1hQNM1vq8uDG31RyGwjQxkgH88wFVMPX3yeJCMH,CROX-WSOL,2.53,2.53,0.0,18344,,1643b168-e143-4d2a-bcdb-be2f016a6a65,0.0,0.0,0.0,https://icons.llamao.fi/icons/protocols/raydium,https://raydium.io
orca-dex,,PEMUS-USDT,0.00082,0.00082,0.0,18342,,6feff928-775c-5061-9478-883a78f4c51c,0.0,0.0,0.0,https://icons.llamao.fi/icons/protocols/orca-dex,https://www.orca.so
raydium-amm,9xyCzsHi1wUWva7t5Z8eAvZDRmUCVhRrbaFfm3VbU4Mf,POLIS-USDC,2.57,2.57,0.0,18319,,3111d13d-4fad-4f15-b971-99f9c6008907,-4.96,-6.18,-8.13,https://icons.llamao.fi/icons/protocols/raydium,https://raydium.io
raydium-amm,wcVN4wVLQQUZvy4yn7d3KiyAqnqNxhRByKyRRs7kY33,WSOL-BRIDGE,6345.98,6345.98,0.0,18318,,ab338d9d-65dc-5274-9861-a81fdff68b33,0.0,0.0,0.0,https://icons.llamao.fi/icons/protocols/raydium,https://raydium.io
raydium-amm,BGSRkgJ1uFBJNiagRLyw8iDTKZ2EryZYC983E1wEkVEE,WSOL-BAOBAO,3.36,3.36,0.0,18285,,d51f0d9e-83aa-4737-b30b-993bd5b39a44,-6.17,0.0,0.0,https://icons.llamao.fi/icons/protocols/raydium,https://raydium.io
raydium-amm,5vxw75PuckPLLkhfgUggLbAugj6LubgxjiYU7wc7gQLP,ZBCN-DOBBY,22.36,22.36,0.0,18264,,916b9d9e-c81a-41a1-8f29-a0083d76cac1,0.0,0.0,0.0,https://icons.llamao.fi/icons/protocols/raydium,https://raydium.io
raydium-amm,CBCCQ7KNCiJLY3ibXs3VAm73WsWuqzbKv15hTQVaQzqR,WSOL-JEWS,2.76,2.76,0.0,18259,,f4a3d26c-4d33-46f9-8d30-85bcfd139064,0.0,-2.03,0.0,https://icons.llamao.fi/icons/protocols/raydium,https://raydium.io
raydium-amm,A33ezjatz1KHFtB271xXJGxcuiQo5m42Cfj7ihDdLsSm,WSOL-MVRS,2.77,2.77,0.0,18254,,900b21eb-67f2-47b0-a374-69ab90a22a4d,0.0,0.0,0.0,https://icons.llamao.fi/icons/protocols/raydium,https://raydium.io
raydium-amm,5JtbDjPqfN6K4mDF2c5rvJZXXryQbihjViSP2XoMohSV,WSOL-AFITR,2.41,2.41,0.0,18251,,0313057e-5b48-4249-96b4-2e6bef46c209,0.0,0.0,0.0,https://icons.llamao.fi/icons/protocols/raydium,https://raydium.io
raydium-amm,2ENQq2XQ4oVx9k7wEzZ9PyfN7yHnmtKyxyzEU4PusKwA,RACCOOE-WSOL,11.61,11.61,0.0,18251,,35e7de02-0576-5def-b4c3-8749d1cafc64,0.0,0.0,0.0,https://icons.llamao.fi/icons/protocols/raydium,https://raydium.io
orca-dex,,BOSS-USDC,0.00116,0.00116,0.0,18191,,1c676684-2724-580a-b8be-a84313d15a19,0.0,0.0,0.0,https://icons.llamao.fi/icons/protocols/orca-dex,https://www.orca.so
raydium-amm,4tZULo9agMCw94SkfpgtezwxXmtoCvS6ZTYdhNtAPe25,WSOL-KUROMI,4.58,4.58,0.0,18168,,b24fc1e6-170b-42bb-8938-6745f50b9b93,-9.87,-2.76,-9.3,https://icons.llamao.fi/icons/protocols/raydium,https://raydium.io
project-0,4ecRL7M2fdmWjZd81PTZ9Sqg1e47ZpiwhkeDbsBJtqax,CORVUSSOL,17.4095,17.4095,0.0,18158,,1b211b86-a553-43e1-82f7-bb6e1f213d9e,17.39302,17.4095,0.0,https://icons.llamao.fi/icons/protocols/project-0,https://app.0.xyz
raydium-amm,DDPNGS9UkdgNbdT2v6X1NwyWwhF4CdtVzuKVKXHSWCdY,WSOL-$WOODENG,3.66,3.66,0.0,18101,,419cfbc2-1aa2-4a33-ae42-3312cc4da31d,0.0,0.0,0.0,https://icons.llamao.fi/icons/protocols/raydium,https://raydium.io
raydium-amm,B6dPUymetoSVKJ4ZbPtyUUPiMybYiYntGyHKd77nwr9b,WSOL-HELIA,2.95,2.95,0.0,18097,,9593cbd6-a831-4f33-b6e7-0826c9e0f735,0.0,0.0,0.0,https://icons.llamao.fi/icons/protocols/raydium,https://raydium.io
raydium-amm,CGnNSLfS5bW1NwGgNYDRsQr58wZ3bnQ2rfZZfGDD7DBy,GOOGLX-IDLE,20.05,20.05,0.0,18066,,c310b01e-a228-4330-91d5-66fe231bc4a7,-61.57,-15.21,-65.31,https://icons.llamao.fi/icons/protocols/raydium,https://raydium.io
raydium-amm,CuQAoDaZMqKxr4uaRXpkEWcHxouiJi3iJH22jwkWpkCF,WSOL-MDUDAS,2.8,2.8,0.0,17992,,602fa189-86bb-4684-b2d1-981017ee6e3a,-0.57,0.0,-21.33,https://icons.llamao.fi/icons/protocols/raydium,https://raydium.io
raydium-amm,EFZVSVob9uMDS4nxeqWLQmPGVR79uA2hoQKXNAaemh1v,WSOL-SAAD,2.61,2.61,0.0,17960,,b8a0e3cd-2ebf-44f5-a903-7d7a23fe2a9f,0.0,-0.54,0.0,https://icons.llamao.fi/icons/protocols/raydium,https://raydium.io
raydium-amm,R8kBNPWrBfTpQLD1sQb36m7SmuNUVNqrvuue4c3G5cv,WSOL-AEON,3.33,3.33,0.0,17936,,6ffbfe94-c9b5-4ff6-afc0-db06beab4cdf,0.0,0.0,0.0,https://icons.llamao.fi/icons/protocols/raydium,https://raydium.io
raydium-amm,4Tj3D4m7e45TnC1rqsH2F8Q7C9i9a6rspf1djgEjtu2A,WSOL-BABYSHARK,3.4,3.4,0.0,17920,,e1364f30-87a8-4819-afe0-ae164a969418,0.0,0.97,0.0,https://icons.llamao.fi/icons/protocols/raydium,https://raydium.io
raydium-amm,D1tJ6s1KSHAEDfChYXkhsLFFqUDbn1UBrPj23qfa2Mvh,KAS-USDC,49.8,49.8,0.0,17866,,933b22c0-836a-546b-8682-1d5b21fce36a,0.0,0.0,0.0,https://icons.llamao.fi/icons/protocols/raydium,https://raydium.io
raydium-amm,2t5LnaBVXXmhGUae6KALxnchCjHSJTn5kyZ72FZGZ5Pv,VELO-USDC,43.1,43.1,0.0,17864,,31abe7c4-82b9-53fa-ac68-627aed634f38,0.0,42.89,0.0,https://icons.llamao.fi/icons/protocols/raydium,https://raydium.io
raydium-amm,79LauSbgoxT2gepcusQQV2heAofaTonqZNAwbqe459Nx,WSOL-VOID,60.33,60.33,0.0,17857,,d8dcc101-54cf-4f95-a601-f11ad0ede87e,-11.69,33.43,9.75,https://icons.llamao.fi/icons/protocols/raydium,https://raydium.io
gmtrade,59uFARJWg7B8wcEuXzvkafiT4DuKemdNCN5bshDbwun9,GOOGL-USDC,56.05837,56.05837,0.0,17836,,30db15f7-b57b-42b7-9261-629ab56e6632,-0.00075,16.16982,24.27001,https://icons.llamao.fi/icons/protocols/gmtrade,https://gmtrade.xyz
raydium-amm,27FB4Sjy2hqo5ydGzK1dwFWwn6JiFcwkwvsJaL8926aQ,WSOL-BABYGROK,2.36,2.36,0.0,17810,,2bb12174-975d-4e02-8cc6-3205caba109f,0.0,0.0,0.0,https://icons.llamao.fi/icons/protocols/raydium,https://raydium.io
raydium-amm,FfCp4DCtcXiJ73qqEHFE9mGbsFratMBcQNq3KxAMiXU4,WSOL-KAV,2.5,2.5,0.0,17795,,9cad5ab2-1c78-41b2-bbfa-07d958b8bf95,0.0,0.0,0.0,https://icons.llamao.fi/icons/protocols/raydium,https://raydium.io
save,Duwgx5cLg5htp3ujTTf8n1KJYFfubqpQSekX81EUtrhL,SOL,0.27,0.27,0.0,17786,,c59093e8-bcb0-4983-858e-9ff71ac96bd3,0.0,0.0,-0.01,https://icons.llamao.fi/icons/protocols/save,https://www.save.finance/
raydium-amm,GH3pTFMmX8EApGjn2qBHU6534eoBcCvFJHg9pDZ7cpFv,RXT-USDT,47.43,47.43,0.0,17778,,ddab3695-cf81-4b67-95ce-971c80071b5b,-5.61,13.77,-69.22,https://icons.llamao.fi/icons/protocols/raydium,https://raydium.io
raydium-amm,GcUxbEb55Uqr3hw5kBBcNzP48Rb4tZUk4U3uy1fSTFd7,WSOL-MAO,2.68,2.68,0.0,17766,,5301908f-844c-4c35-8d5d-e24e6d6d1812,0.0,0.0,0.0,https://icons.llamao.fi/icons/protocols/raydium,https://raydium.io
raydium-amm,CmmFgqUGaNRKRKmWU9b259GqGCmC6n1RSJqN9nuY39hr,WSOL-MARSCOIN,8.98,8.98,0.0,17757,,ba733bf5-0be7-4c30-a0b6-1f926a4ba299,-8.69,0.23,0.0,https://icons.llamao.fi/icons/protocols/raydium,https://raydium.io
raydium-amm,DBY5ybagyefFTQ6DS3PiGLVL7ock6imLsDf5Hvc6Trem,WSOL-GCATS,15.3,15.3,0.0,17756,,d04444d8-d480-4f45-8057-674c505810aa,-0.73,6.46,0.0,https://icons.llamao.fi/icons/protocols/raydium,https://raydium.io
raydium-amm,PwfpEsWfeeDny9rVo5SykESsehQpjNhbvUaTAwBAwu4,WSOL-IQD,19.49,19.49,0.0,17750,,4cc08dc0-1977-42a0-8b51-94c1fa7cc769,8.6,-4.83,0.0,https://icons.llamao.fi/icons/protocols/raydium,https://raydium.io
raydium-amm,58Sk9oHRr4HjJvv3niVffc1UVpkMEyqEGUQJinV3b9FH,WSOL-DGPU,3.66,3.66,0.0,17732,,e8af70e4-7663-497e-ae26-446be225c325,0.0,0.0,0.0,https://icons.llamao.fi/icons/protocols/raydium,https://raydium.io
raydium-amm,BZ24oRW27D2CAxsAgp2SzZixhwVSRJp2d1SsrYpsHWQ7,USD1-SHITCOIN,3.08,3.08,0.0,17705,,96336400-a41c-4067-a3b1-10cc145b8fde,0.0,0.0,0.0,https://icons.llamao.fi/icons/protocols/raydium,https://raydium.io
orca-dex,E1H6ojTLruSHXPCosnTCUGFd6NVkHKauG1vCGjAPjiEW,SOL-YSOL,0.0,0.0,0.0,17692,,05cc188d-9d15-40e0-a993-89fccb4569d4,-0.00018,0.0,0.0,https://icons.llamao.fi/icons/protocols/orca-dex,https://www.orca.so
raydium-amm,2ZWvbLx1UVRE4xdpSmcGBjZ6vsJQnEXHHaAcgiqd6eTF,HYPE-USDC,38.27,38.27,0.0,17643,,e7d71295-7abb-4ce1-a68a-d715a8e7a41a,0.0,0.0,0.0,https://icons.llamao.fi/icons/protocols/raydium,https://raydium.io
raydium-amm,34qhkhrhyNinGwRUfTQJNB2VFv8oQYqd5TvDwWDE1MaN,WSOL-COM,8.8,8.8,0.0,17641,,fad53a63-6087-4971-adc4-cf1e4d4b2310,0.46,0.0,0.0,https://icons.llamao.fi/icons/protocols/raydium,https://raydium.io
raydium-amm,2wKAKWKrAnUcf6dCa6H7beAQSznXhVVpvWPidpSbfRLz,GUAC-ESF,8.0,8.0,0.0,17637,,e69c52c0-82ab-4252-a228-02685b86dd82,-1.24,0.0,1.19,https://icons.llamao.fi/icons/protocols/raydium,https://raydium.io
orca-dex,5JbsKip8w7LGJ8smyvepRWkPSz2pABuXJm6aP99R8gPT,SOL-JELLYJELLY,6.52765,6.52765,0.0,17630,,388e2724-4089-4a45-a2bd-50e9197a512d,-27.15522,6.52765,-53.24015,https://icons.llamao.fi/icons/protocols/orca-dex,https://www.orca.so
orca-dex,AHTTzwf3GmVMJdxWM8v2MSxyjZj8rQR6hyAC3g9477Yj,SOL-POPCAT,6.05825,6.05825,0.0,17623,,7b5069e3-2d45-4e40-912d-18a117764156,-12.21182,-9.75498,-50.60336,https://icons.llamao.fi/icons/protocols/orca-dex,https://www.orca.so
raydium-amm,EgBukZT2LV1VoKFefXPnpTHEsbzLi1vWtmAo5ZamXKxF,WSOL-COAL,13.6,13.6,0.0,17572,,990a5107-a1e8-4a18-b32f-1c74403b9e61,0.0,4.43,0.0,https://icons.llamao.fi/icons/protocols/raydium,https://raydium.io
raydium-amm,JDqdq2BZ8tUTMVnbGYHv6Y5SciFjgAY83ASx4DAjUXrR,WSOL-PEPE,3.46,3.46,0.0,17542,,fecd1962-8ffd-40ef-b2db-30fec9d57e04,0.0,-17.79,-2.73,https://icons.llamao.fi/icons/protocols/raydium,https://raydium.io
raydium-amm,52DWyhjQX1FxhXe3xQXD8Lix5ZPkLNkALQFoLknnDcx6,WSOL-BNB,2.67,2.67,0.0,17520,,0d85f7a7-a170-4f72-b31d-ec826fde852c,0.0,0.0,0.0,https://icons.llamao.fi/icons/protocols/raydium,https://raydium.io
orca-dex,CpL5mq3j8EoKfE9q3J3Ag3amgY9wfvacCPCWut1KwX7M,PVE-USDC,0.0,0.0,0.0,17501,,093645b5-bf51-52a2-bce9-f11a7dcdd6f7,0.0,0.0,0.0,https://icons.llamao.fi/icons/protocols/orca-dex,https://www.orca.so
gmtrade,59uFARJWg7B8wcEuXzvkafiT4DuKemdNCN5bshDbwun9,MSTR-USDC,48.2807,48.2807,0.0,17482,,2eb19c65-4717-4d17-9adb-94264d19b281,-0.00064,12.17637,47.90307,https://icons.llamao.fi/icons/protocols/gmtrade,https://gmtrade.xyz
orca-dex,6jkggsbjDiEhnMF2Gp2cWKoL4N7zsSbSRCtTSDtzdwzZ,SOL-SAC,0.00379,0.00379,0.0,17480,,825e0293-1922-4c91-b378-fea105a73813,-6.62712,-0.04502,0.00379,https://icons.llamao.fi/icons/protocols/orca-dex,https://www.orca.so
raydium-amm,canP3bBi4tiRLkyU4xGWHT7wxQq1Fmc7WrRr7Wv6Uts,SPCX-USDC,51.15,51.15,0.0,17469,,c8a94d1e-7871-4cfc-94f0-7c2ec15b19cd,0.0,0.0,0.0,https://icons.llamao.fi/icons/protocols/raydium,https://raydium.io
raydium-amm,3pHwEbKpS9neSfWYUbESVb3NwbJDRkwLMzhP3dFTnt2m,WSOL-NOOSUM,1.9,1.9,0.0,17455,,d2aaadb7-431d-42eb-893d-bf9305dadb86,0.0,-0.11,0.0,https://icons.llamao.fi/icons/protocols/raydium,https://raydium.io
raydium-amm,DLx8SQezCiVkBLqPthR1gZCF9pXRwN8hnx7mBpz6PpEM,RACCFUN-WSOL,21.61,21.61,0.0,17426,,bdc84a95-a675-5d57-8466-e5e68d45c77f,0.0,0.0,0.0,https://icons.llamao.fi/icons/protocols/raydium,https://raydium.io
raydium-amm,7LMkNLTmesbrZujGCtERNgjZYReiGKh142i9JBPxWpjb,WSOL-WILDNOUT,3.47,3.47,0.0,17387,,27e07ef1-4ff4-4bbf-a47c-58af23442d46,0.0,0.0,0.0,https://icons.llamao.fi/icons/protocols/raydium,https://raydium.io
orca-dex,8QJnYGK2bwZz7iCY94gMdchY9gSBA8s6Z7wGdAzfKZ6o,USDC-FBX,1.63678,1.63678,0.0,17316,,d30bc894-f5b5-431d-9b85-c2a454544c5b,0.84984,1.27989,-1.03233,https://icons.llamao.fi/icons/protocols/orca-dex,https://www.orca.so
orca-dex,CeaZcxBNLpJWtxzt58qQmfMBtJY8pQLvursXTJYGQpbN,SOL-CBBTC,0.46209,0.46209,0.0,17283,,d56f775b-e1da-40cd-a74e-ac32de78a881,-0.10909,0.19229,-56.68456,https://icons.llamao.fi/icons/protocols/orca-dex,https://www.orca.so
orca-dex,5btphHns8XMErW4YFigz4XJBreBrEZnYd4wT2fQED2f9,-SOL,5.79547,5.79547,0.0,17263,,23960225-813f-474f-b546-28a8354a6655,-1171.28942,5.74468,5.79547,https://icons.llamao.fi/icons/protocols/orca-dex,https://www.orca.so
raydium-amm,5S6oAEZBvFmtjZ5UmGjc6DNJWTTyCnwdRHrorzVaJhz,WSOL-KABOSU,3.17,3.17,0.0,17259,,e273ed7d-81ea-4672-9761-3331fd996d83,0.0,0.0,0.0,https://icons.llamao.fi/icons/protocols/raydium,https://raydium.io
raydium-amm,CynCsecWZyLwrX8zWq6iVj7ca6PL2csfATfi238wcQu5,CROC-WSOL,2.99,2.99,0.0,17199,,15c4677d-7731-46e4-8ddc-15aad1c11dbd,0.0,0.0,-21.07,https://icons.llamao.fi/icons/protocols/raydium,https://raydium.io
raydium-amm,EHzHnz5f1VTLaLC5nE6QhgqMggnGzSZonQ6Sin67nQeL,WSOL-MEFAI,3.7,3.7,0.0,17172,,3f62d9d7-9cf5-4f58-b99f-66797d917d9c,0.0,-0.83,-2.4,https://icons.llamao.fi/icons/protocols/raydium,https://raydium.io
kamino-liquidity,8Tz2BWuhgTAnWzBEAPsN2gqZRY8MfSnWB1gBYseu8WHQ,SOL-USDS,0.0,0.0,0.0,17165,,281647d6-e006-49e4-80fa-53a3ba1f3d26,0.0,-9.27423,-12.38152,https://icons.llamao.fi/icons/protocols/kamino-liquidity,https://kamino.com/liquidity
raydium-amm,i4yrymfNDBp2YPFCKx8YdW2pX1mXCtG9ZXqx7yyvzDM,WSOL-HAGGIS,2.91,2.91,0.0,17161,,4a699fea-f7aa-452e-87bd-520d9ccf3a78,-1.45,0.0,0.0,https://icons.llamao.fi/icons/protocols/raydium,https://raydium.io
orca-dex,HRdHaHEEVhbeLD49qJF2QfkvPmm5DQsBSH5JdghXDmqZ,LIKE-USDC,1.43349,1.43349,0.0,17151,,b20417aa-88d9-42b6-87cc-c792dab97e3a,0.39383,1.05812,0.78916,https://icons.llamao.fi/icons/protocols/orca-dex,https://www.orca.so
orca-dex,Czfq3xZZDmsdGdUyrNLtRhGc47cXcZtLG4crryfu44zE,SOL-USDC,4.17695,4.17695,0.0,17119,,d72a41d9-92b8-43d7-9628-d897fb2a14ea,2.79883,3.81181,-1.46197,https://icons.llamao.fi/icons/protocols/orca-dex,https://www.orca.so
raydium-amm,oKChm2SKuApGGya1C7YwUacJDtnBQwboAP2HGGVD3Wf,WSOL-IF,82.54,82.54,0.0,17115,,f2720a54-5983-580b-80eb-a7398cf7ab21,-120.33,-155.27,0.0,https://icons.llamao.fi/icons/protocols/raydium,https://raydium.io
raydium-amm,tqCiSbcbr1QKCv7fNA3gaEgCzTgy8acoghebPhN9XzU,WSOL-USDS,2.08,2.08,0.0,17113,,0b3bb0bb-5de0-4966-86bd-246c5bcacfb6,-0.85,0.68,-4.44,https://icons.llamao.fi/icons/protocols/raydium,https://raydium.io
raydium-amm,D7Qxt12TvsFcaB1PDTaqSA2X3qsmwN78ZfTzkkdqtLUr,AKE-USDC,52.4,52.4,0.0,17072,,d0365782-6227-50f0-849e-08b51959590f,0.0,0.0,0.0,https://icons.llamao.fi/icons/protocols/raydium,https://raydium.io
raydium-amm,5zwLxpkcHeRNYpPS8WJuX6WDLop1SseBmhuJSzcheB7f,WSOL-RKC,75.58,75.58,0.0,17070,,4130a9f6-71b3-5245-b0c7-788a75bccd99,34.64,40.22,0.0,https://icons.llamao.fi/icons/protocols/raydium,https://raydium.io
orca-dex,Czfq3xZZDmsdGdUyrNLtRhGc47cXcZtLG4crryfu44zE,SOL-USDC,3.39127,3.39127,0.0,17048,,08e71b9b-f6bc-406b-86a8-69c48131071b,0.69031,1.98505,-6.52905,https://icons.llamao.fi/icons/protocols/orca-dex,https://www.orca.so
orca-dex,6XDUav9p3XiGRRZMQZcQmYvinCrax26EdqVCMHR9x43M,USDC-GRASS,0.61343,0.61343,0.0,17034,,56ea74d8-3927-4744-b369-c65d43db7f04,0.35231,0.2945,0.0,https://icons.llamao.fi/icons/protocols/orca-dex,https://www.orca.so
raydium-amm,6qkLvjhdLyY3UFE4eh9gEQHLjdmcqfMwjfXoPVkK2dUk,OGI-WSOL,22.32,22.32,0.0,16995,,fd3d3bc1-d528-4a18-834e-855351a66424,-34.9,0.0,-31.94,https://icons.llamao.fi/icons/protocols/raydium,https://raydium.io
raydium-amm,Cv8iUHVG15a9juFbmJqZNXHLvWYKnvXQygEoCiL88Z74,TURBO-WSOL,22.03,22.03,0.0,16969,,8b5b73e0-3b1a-47fb-89fc-499be1065854,15.53,11.69,15.23,https://icons.llamao.fi/icons/protocols/raydium,https://raydium.io
gmtrade,59uFARJWg7B8wcEuXzvkafiT4DuKemdNCN5bshDbwun9,SUI-USDC,44.70007,44.70007,0.0,16956,,dd259942-718d-43d9-9aa4-dd8bbea5c09b,-3.96936,16.96674,40.81743,https://icons.llamao.fi/icons/protocols/gmtrade,https://gmtrade.xyz
orca-dex,,ENIGMA-USDC,0.0,0.0,0.0,16956,,953f977f-64ba-5686-9cb4-474bc7699b17,0.0,0.0,0.0,https://icons.llamao.fi/icons/protocols/orca-dex,https://www.orca.so
raydium-amm,G4oKGLV3jpTedszRJ9AZ9xwfsgBkLf4Kz9HR9JTatdU9,ETH-USDC,43.45,43.45,0.0,16859,,e691ac67-2a83-5f40-a627-0ffd40b509d2,0.0,0.0,0.0,https://icons.llamao.fi/icons/protocols/raydium,https://raydium.io
raydium-amm,85t45uvRgmQthW4rFEgArDdJYWaPv12J7gSKgf3Nx43,RENDER-USDC,7.19,7.19,0.0,16854,,9816fd3a-4978-4c9f-bbd6-da71a1bdba48,-4.44,2.02,-23.33,https://icons.llamao.fi/icons/protocols/raydium,https://raydium.io
kamino-liquidity,Cvb5fYPrBXGyCfd19UQQrmEZJYS1y2qk2fc4Gyczmexb,KMNO-SOL,0.0,0.0,0.0,16849,,074d6f4e-ccd8-429c-bc49-ab3ecbeb43e4,0.0,0.0,0.0,https://icons.llamao.fi/icons/protocols/kamino-liquidity,https://kamino.com/liquidity
raydium-amm,FLkF8WbP2WpzVT9CVGvrJs18Jc5dBoaP3yMj3jxdNhJj,WSOL-BLU,2.92,2.92,0.0,16781,,e1aac77e-7ac7-4f76-85bf-9e97cf0f9502,0.0,-0.73,0.0,https://icons.llamao.fi/icons/protocols/raydium,https://raydium.io
kamino-lend,FSMWJh3geL7dgeMauFWkjCpU2pvXocGpXcUpVsMQULki,CASH,3.66298,3.66298,0.0,16762,,332f4631-4127-4022-894f-616e00d5348d,0.00182,0.17106,-1.64929,https://icons.llamao.fi/icons/protocols/kamino-lend,https://kamino.com/
raydium-amm,dwUvmnxQaeALpn4RToVCrH6kygG3R1y8SwkaBNkYTbw,A250-USDC,43.02,43.02,0.0,16744,,30f2c3aa-73e2-5f1c-9e05-082c615291e2,0.0,0.0,0.0,https://icons.llamao.fi/icons/protocols/raydium,https://raydium.io
gmtrade,59uFARJWg7B8wcEuXzvkafiT4DuKemdNCN5bshDbwun9,MSFT-USDC,48.76685,48.76685,0.0,16708,,50bedb63-c406-4c0a-9100-f3c14f9cc519,-0.00065,9.65221,18.78026,https://icons.llamao.fi/icons/protocols/gmtrade,https://gmtrade.xyz
raydium-amm,AnvbmeB5tgM6bzLp482obekiTjazicmL2Ar8TZAajNRG,SCS-WSOL,2.7,2.7,0.0,16698,,c61aae39-396f-4254-8359-38f56f202ee0,0.0,-3.3,0.0,https://icons.llamao.fi/icons/protocols/raydium,https://raydium.io
raydium-amm,4ZqcLAsHKpiQFGmKsJabYTYkZkDKZ3s73c6H6N7giSjr,WSOL-CATH,3.38,3.38,0.0,16698,,536cbafd-bc6a-4e51-85e8-adf51f2e55e9,-9.41,-16.18,0.0,https://icons.llamao.fi/icons/protocols/raydium,https://raydium.io
raydium-amm,8meJ5VWWiPDjrqTu1dARzKwpc7D82o9G7FBVBhV6t8WY,WBTC-USDC,6.35,6.35,0.0,16694,,5b5493a6-d654-4ab1-873e-ba53e0104fcd,0.0,0.0,0.0,https://icons.llamao.fi/icons/protocols/raydium,https://raydium.io
raydium-amm,DCNWwwSHSLYRR9WbBunkRaPEC73ba68yQNhytap3qRJZ,BIO-QBIO,5.37,5.37,0.0,16641,,c7303b4a-c8b6-452f-8d8c-f701a954e922,-1.64,3.47,-3.07,https://icons.llamao.fi/icons/protocols/raydium,https://raydium.io
raydium-amm,H4H6NpquSJG43i5pCmeqWkHr62yKGNKXUW2X6wSgWJJb,WSOL-Y2K,2.99,2.99,0.0,16560,,2098dfad-acdb-4582-9966-9f5b845aa383,0.0,0.3,0.0,https://icons.llamao.fi/icons/protocols/raydium,https://raydium.io
save,8xogd14bBxBdGKDfkDciPPp6pZ3Cw4Yj5USRbGJDbZpA,SOL,0.0,0.0,0.0,16541,,dcb8eaef-49df-42c6-9d2c-166b243c1c3f,0.0,0.0,0.0,https://icons.llamao.fi/icons/protocols/save,https://www.save.finance/
kamino-liquidity,4mtuHtJ4kbtXECw2WMVsh7cYmryUCU6PR699aEzT7HCj,JUP-USDC,0.0,0.0,0.0,16539,,c6f4de78-0efc-472f-b867-c3d37f3b2e25,0.0,-21.73334,-22.11804,https://icons.llamao.fi/icons/protocols/kamino-liquidity,https://kamino.com/liquidity
raydium-amm,Co8oMf84PomHNA45pA3AePSzbRTSUrprsJg2Y7GtURVz,WSOL-FIRECAT,17.84,17.84,0.0,16533,,b0fe4ca2-1346-5c40-b2ba-00066edd4e95,-3.61,0.0,0.0,https://icons.llamao.fi/icons/protocols/raydium,https://raydium.io
raydium-amm,Aqz3LGcEMA9BXGTzDYgGyXjZUxLEsTKsHS1x5QG3p9CC,WSOL-WOOV,31.21,31.21,0.0,16533,,e87ea681-d84a-5f8d-96f2-bc0bc0b92c1f,-49.3,-60.88,0.0,https://icons.llamao.fi/icons/protocols/raydium,https://raydium.io
raydium-amm,5zwLxpkcHeRNYpPS8WJuX6WDLop1SseBmhuJSzcheB7f,WSOL-RKC,25.87,25.87,0.0,16508,,a982a8e1-40c7-40ae-9a0e-8441df0db198,0.0,0.0,0.0,https://icons.llamao.fi/icons/protocols/raydium,https://raydium.io
raydium-amm,FiJVDNJ9x6DqESqaQidEJHU1yqw8TJb9B9h7QocQH6CW,WSOL-EFM,5.25,5.25,0.0,16483,,eb426420-993f-4607-8a01-b773a4babc3e,0.0,0.0,0.0,https://icons.llamao.fi/icons/protocols/raydium,https://raydium.io
raydium-amm,CMJ5yVivw5utcLytnYDFwhB4MmdTiDxKayA75nfJdBrZ,USDC-BNB,50.42,50.42,0.0,16466,,7e3fc5d7-c494-5834-b98a-364c9f785270,0.0,0.0,0.0,https://icons.llamao.fi/icons/protocols/raydium,https://raydium.io
raydium-amm,CT4eAfwgNoeZn8pFgcWp5GUVpjyyXpYdaYnyU6YiUfkY,MEOW-USDC,4.17,4.17,0.0,16450,,99661d49-c1fb-4aa3-941d-95d0002a31ee,0.0,0.0,0.0,https://icons.llamao.fi/icons/protocols/raydium,https://raydium.io
orca-dex,5wZoi4gUp8PxZHMgCTDSyDDQDoem5t2vFKh4p4oTPNaH,SOL-CRCLX,0.10858,0.10858,0.0,16447,,1f4b8cc8-f6db-5d1c-8cbd-de39247cc3ed,-65.75082,-3.66317,0.0,https://icons.llamao.fi/icons/protocols/orca-dex,https://www.orca.so
raydium-amm,5oNt9wf2E2AUMHGu3UWD5p58uXpjx5caLNXuwYj2L4NQ,WSOL-UPVEMBER,5.17,5.17,0.0,16427,,cc759612-7b13-44ba-ac15-48df9ba072ed,-2.13,0.0,0.0,https://icons.llamao.fi/icons/protocols/raydium,https://raydium.io
raydium-amm,2qagURk5JQwT2kanmtoXfCLPgB2uE4Bp2WSFcBaTizUk,WSOL-PVRSE,3.42,3.42,0.0,16424,,f66a96bd-7058-480d-8176-f7894016f76a,0.0,0.0,0.0,https://icons.llamao.fi/icons/protocols/raydium,https://raydium.io
raydium-amm,5noGX2fGNZDMkYcLa3iWmt9k5fMtzZ3DJWsoEhuk2z6x,WSOL-TUTC,3.04,3.04,0.0,16423,,d28b86f3-95e7-414a-a1bd-d0d86d609842,0.0,0.0,0.0,https://icons.llamao.fi/icons/protocols/raydium,https://raydium.io
raydium-amm,7UXHg2dsyn2yA1KT3AdYkHrJxZVCszfbgWpscjouVeXq,AKE-USDC,42.94,42.94,0.0,16373,,1dc1abbe-2e09-546d-ab21-55827ceaeb5b,0.0,0.0,0.0,https://icons.llamao.fi/icons/protocols/raydium,https://raydium.io
raydium-amm,FN27PwZpDnSBNZR5vzx6B7waxowV84ZNFQrzgr6XeYbf,QQQX-SPYX,2.94,2.94,0.0,16372,,92671e15-aeaf-44d1-934f-29f2d28376ed,-2.65,0.0,-8.86,https://icons.llamao.fi/icons/protocols/raydium,https://raydium.io
orca-dex,6a3m2EgFFKfsFuQtP4LJJXPcAe3TQYXNyHUjjZpUxYgd,SOL-JLP,0.07679,0.07679,0.0,16368,,6655fb55-1dac-435e-a854-cd7ef23ad9d2,0.04757,0.05675,-0.24252,https://icons.llamao.fi/icons/protocols/orca-dex,https://www.orca.so
project-0,4kNXetv8hSv9PzvzPZzEs1CTH6ARRRi2b8h6jk1ad1nP,CLOUD,6e-05,6e-05,0.0,16358,,cb5935a3-9e43-439d-a315-110a3154e121,0.0,0.0,0.0,https://icons.llamao.fi/icons/protocols/project-0,https://app.0.xyz
orca-dex,3vcDiySSmkpjjLqTnJ7gT9U9KXfcfNahwRszYtqhUopm,SOL-SANTA,0.0,0.0,0.0,16354,,29b5e7da-7a4b-45f0-99f3-d8eda3b01bbc,0.0,0.0,0.0,https://icons.llamao.fi/icons/protocols/orca-dex,https://www.orca.so
kamino-lend,Bpc4kAh29J3YDQUMJJdGdr1zBAhTQjC48R1B8YTWudsi,FDUSD,3.28194,3.28194,0.0,16325,,c7704352-eb71-47dd-9a81-d57f7cd60c7e,0.00078,0.00578,1.631,https://icons.llamao.fi/icons/protocols/kamino-lend,https://kamino.com/
raydium-amm,GJFaK88pqTfAkY7LtygL2X19GM4J9yaPikd5kgL8BTbp,WSOL-PAC,16.06,16.06,0.0,16304,,9ebf90ac-07d2-40f4-be44-7a093909cefe,-17.14,0.0,0.0,https://icons.llamao.fi/icons/protocols/raydium,https://raydium.io
raydium-amm,7DkcZR6RCFFxqasXXwB4P4Z31gGTAedQ7wgQY4dLnHo4,SOLCAT-WSOL,3.49,3.49,0.0,16296,,adf30089-8a95-476f-8f6e-01236a55a5e6,0.0,0.0,0.0,https://icons.llamao.fi/icons/protocols/raydium,https://raydium.io
raydium-amm,HxhdKrB1UpSwfuMoZMVzPVELzbPWHdyN6PHU9CBFium9,WSOL-GEMINI,2.79,2.79,0.0,16282,,7125e27d-fe95-4563-b30b-e2f6c481a650,0.0,0.0,0.0,https://icons.llamao.fi/icons/protocols/raydium,https://raydium.io
raydium-amm,E2j92DEndgGMryVC1zfi7yA8HdDRSrTxrQt4nq8vf33E,USD1-DICKBUTT,3.67,3.67,0.0,16274,,96e15c23-4574-42d1-a45e-65ad1124752d,0.0,0.0,0.0,https://icons.llamao.fi/icons/protocols/raydium,https://raydium.io
raydium-amm,Hnn9cN1E6JX9eRc5pFaS9b4f5iFHpHGrxyVYZ9h4w5JE,WSOL-JASON,3.06,3.06,0.0,16273,,2567ef1e-d00f-4b4b-a55d-af2f3b3efb74,-1.91,0.0,0.0,https://icons.llamao.fi/icons/protocols/raydium,https://raydium.io
raydium-amm,EXihVUDp7AsZsHZbekPka8JNBxnctHXUbrmjgxSieX61,WSOL-VCT,6.03,6.03,0.0,16257,,58284b98-fddc-4ea6-8747-c4c9c1b8f74f,-61.41,0.0,0.0,https://icons.llamao.fi/icons/protocols/raydium,https://raydium.io
raydium-amm,GfApkU62yAmUXc6FNsZrBLgcUn8vXdhW6WzSbA5ETtDa,WSOL-RAZZ,2.84,2.84,0.0,16169,,64af0705-4303-4858-8cb8-455572cd2785,-0.69,0.0,-8.09,https://icons.llamao.fi/icons/protocols/raydium,https://raydium.io
raydium-amm,Dg91beFDbhSibYffMS35aPX9ZxiEt7dq26WNJDWw46wA,WSOL-CREC,0.4,0.4,0.0,16145,,35bb2483-074a-4278-b938-d527eccbef8a,-0.87,0.0,0.0,https://icons.llamao.fi/icons/protocols/raydium,https://raydium.io
kamino-lend,8trJaNUfkP9pNgrwzByfsuwVtZ5TmZpq568UkCpjFWbi,USDC,7.07669,7.07669,0.0,16142,,73165bfe-bfc2-47e3-9fbf-d5d5941bf906,0.17727,-0.06913,3.58434,https://icons.llamao.fi/icons/protocols/kamino-lend,https://kamino.com/
gmtrade,8xZ95KnnLdy2aZ6zgEbKVg2yJkyqiNhsUbY8G6vFJbxW,WBTC-USDC,24.90785,24.90785,0.0,16124,,f9dbc3b7-6bda-4cd4-9a1f-83cae4256efb,0.58632,-67.90198,24.49365,https://icons.llamao.fi/icons/protocols/gmtrade,https://gmtrade.xyz
orca-dex,C5EPWsBERhrnZsdzQJdDkSdJoTPNR2cZUN18FZdFTZfj,COINOMI-JELLYJELLY,1.3564,1.3564,0.0,16101,,1173066e-b4db-4fdd-87e8-00e54cdbb396,-2.05067,-0.23106,-4.13332,https://icons.llamao.fi/icons/protocols/orca-dex,https://www.orca.so
orca-dex,,UBDHK-USDT,0.00901,0.00901,0.0,16043,,0fbcebfe-3206-58fe-bf6e-c5deb6cdc9b7,0.0,0.00332,0.0,https://icons.llamao.fi/icons/protocols/orca-dex,https://www.orca.so
raydium-amm,FoGiZn3nbveHV9z9Q7eLfWNnZ6HCLgrVnZ2ejyFmz2YP,SPL-USDT-USDC,33.6,33.6,0.0,16032,,ed7551f8-e0b4-5d61-bf30-fbd1e7a8b040,9.16,0.0,0.0,https://icons.llamao.fi/icons/protocols/raydium,https://raydium.io
orca-dex,,BRLE-USDT,0.0,0.0,0.0,16025,,857be903-6e97-50b2-90f5-8984de41e70c,0.0,0.0,0.0,https://icons.llamao.fi/icons/protocols/orca-dex,https://www.orca.so
raydium-amm,HdPYzaPDBvKVShuHTuWYGNMhJQkiAs9rrLkNjPnbh2ay,HODL-USD1,4.13,4.13,0.0,16020,,eb17820c-7384-4aae-9ab1-052fa472543f,0.0,0.0,0.0,https://icons.llamao.fi/icons/protocols/raydium,https://raydium.io
raydium-amm,CUNvtQonaVH5unRQNpcaxRL3mH4pCBXwq6DEUJVGpxKx,WSOL-DERP,3.11,3.11,0.0,16015,,5413b361-89b0-4bd7-b2d8-f7afd03c85d3,-1.5,0.0,-12.75,https://icons.llamao.fi/icons/protocols/raydium,https://raydium.io
orca-dex,5d9KJ9Bbc4vw1k4b7CA6wtvVJg7tYKCZZr2M767UR2j8,SOL-FBX,2.02851,2.02851,0.0,16006,,27715c5d-28ac-45ea-8f53-cde1e1e55a0f,1.40603,1.62974,-1.04831,https://icons.llamao.fi/icons/protocols/orca-dex,https://www.orca.so
orca-dex,,DOGE.S-USDT,0.0,0.0,0.0,15983,,2b5b9e59-1ff4-5857-a95a-969e8b4d8705,0.0,0.0,0.0,https://icons.llamao.fi/icons/protocols/orca-dex,https://www.orca.so
raydium-amm,8UibeRKvFVTNPPVXsXjn1EKLXd8SjLc7AhfK2oabUYgP,WSOL-LEO,10.39,10.39,0.0,15959,,5cba21a0-718d-41fe-b1dc-4a3bb6d20497,-3.99,-5.92,-8.52,https://icons.llamao.fi/icons/protocols/raydium,https://raydium.io
kamino-lend,EwBTjwCXJ3TsKP8dNTYnzRmBWRd6h48FdLFSAGJ3sCtx,SUSDE,0.0,0.0,0.0,15953,,f9ac95dd-31c1-4f97-854e-6796c9db35d3,0.0,0.0,0.0,https://icons.llamao.fi/icons/protocols/kamino-lend,https://kamino.com/
raydium-amm,5vKL2WQrWXXVu1EXsWaphNkTKmmS8HUTDXes8dXKk6HP,WSOL-HALLOWEEN,3.42,3.42,0.0,15930,,5638804b-5221-4a7c-8fda-43cb3b25fa5a,0.0,0.0,0.0,https://icons.llamao.fi/icons/protocols/raydium,https://raydium.io
raydium-amm,8tgKxRua2ea4W9QyqyzDvEWwTYRQivvqdjZgcaAVUuto,WSOL-DOLLARDOG,74.71,74.71,0.0,15868,,84edc173-7340-5f5d-b647-a1cc4f8261e2,0.0,0.0,0.0,https://icons.llamao.fi/icons/protocols/raydium,https://raydium.io
raydium-amm,HWueavE5TyPpV2JaALMX2Qg7HxTtfKSXRpfoW9sDMGm6,WSOL-HIMA,2.84,2.84,0.0,15864,,832edcf1-5849-4728-83ba-1a13a359cf6b,0.0,0.0,0.0,https://icons.llamao.fi/icons/protocols/raydium,https://raydium.io
raydium-amm,9o3gv2zNfhRGtaw8kdRS5cei3xoXWGPcdr3FQyfpXmxD,WSOL-DOGE-1,6.28,6.28,0.0,15845,,bdadb19e-6444-411e-b03b-2d62523827c5,0.0,0.6,0.0,https://icons.llamao.fi/icons/protocols/raydium,https://raydium.io
orca-dex,Es6wkBKmASnbpsk1eg49bofwU2S7AFH5SJejevUVwjd7,SOL-ROCKET,0.0,0.0,0.0,15822,,dea375cb-b528-472f-8eb6-83cec1a30107,0.0,0.0,0.0,https://icons.llamao.fi/icons/protocols/orca-dex,https://www.orca.so
orca-dex,4nBfKXRfgK6NME84y65nm3e1TBnodZrT24pW5JkdTyK9,SOL-SPIRIT,0.03153,0.03153,0.0,15808,,a6d5f376-75a9-4836-b7a7-3037ff344fc1,-0.0111,0.00761,-0.10106,https://icons.llamao.fi/icons/protocols/orca-dex,https://www.orca.so
orca-dex,,JUAN-USDC,0.05387,0.05387,0.0,15807,,66a3e279-4e92-40e1-bb5e-88257819b748,0.0,0.0,0.0,https://icons.llamao.fi/icons/protocols/orca-dex,https://www.orca.so
raydium-amm,87xMPYkJB4LfvxeR1xMm2QhD3kDb4kRv7azXpydEfyCq,$1-USD1,2.95,2.95,0.0,15801,,ece89373-769a-4107-9669-30c1f492a5dc,0.0,0.0,0.0,https://icons.llamao.fi/icons/protocols/raydium,https://raydium.io
raydium-amm,C7nASEzjvNGbXBvsixuNfhisLpBcQ7vmRemepn299U4c,WSOL-SEX,2.08,2.08,0.0,15790,,ff02e366-efdc-450f-9e82-f86851846f61,0.0,-0.21,0.0,https://icons.llamao.fi/icons/protocols/raydium,https://raydium.io
raydium-amm,HVTX1KcdNyo2cu8m8iZZaoycrTrnxEumEAvwTTFvMpqG,WSOL-MILLY,3.92,3.92,0.0,15782,,a490a2b2-e6ff-43cb-82ad-fc6b2ffba5d6,0.0,0.0,0.0,https://icons.llamao.fi/icons/protocols/raydium,https://raydium.io
raydium-amm,7rBnyeWbbQLcXd3zpgKz7FR3aRNrcp4rCrxfXYHzDFUn,PWM-WSOL,1.55,1.55,0.0,15782,,e5e9803c-08b7-577a-923f-c7ec821ef293,0.0,0.0,0.0,https://icons.llamao.fi/icons/protocols/raydium,https://raydium.io
raydium-amm,8oJJYn1Vcp2TYvpmiTBCW5qm49ePw6FCR5ncgS3wJjAt,WSOL-UPTOBER,8.29,8.29,0.0,15734,,e2831b0b-228a-4998-9563-9a210bd6ec46,-24.72,0.0,0.0,https://icons.llamao.fi/icons/protocols/raydium,https://raydium.io
raydium-amm,CeNr2bX9k3hgCJiJY5Qm5rqCs5rsfDwYy2coNuMmWCTF,USDC-HBAR,54.58,54.58,0.0,15712,,f326a6a5-4bd1-4398-89d6-20ee017b8978,0.0,0.0,0.0,https://icons.llamao.fi/icons/protocols/raydium,https://raydium.io
raydium-amm,C1KiEe4M4KC3YESUXcGhmgQVsJBrh6fhn4CzptwwZsb9,WSOL-VUNCE,2.14,2.14,0.0,15711,,f7bf8a68-6218-45e1-9d9a-b11510a086f0,0.0,-0.42,0.0,https://icons.llamao.fi/icons/protocols/raydium,https://raydium.io
raydium-amm,CFA8PgRFZ7ExMJL93BTdiYjWuTSQAn4snKqqwLTVTdGg,W3F-WSOL,2.1,2.1,0.0,15699,,3659211f-ed5d-55d8-92ca-1d57137a3eab,0.0,-1.65,0.0,https://icons.llamao.fi/icons/protocols/raydium,https://raydium.io
raydium-amm,4K754Ja8bkyDGkw7ioiRbKeYvwcS7dS6k4kPYNUGSQDP,WSOL-WLF,3.27,3.27,0.0,15690,,f5e17f9e-4cfe-4315-bf31-83e3044b85c6,-2.78,-0.12,0.0,https://icons.llamao.fi/icons/protocols/raydium,https://raydium.io
raydium-amm,HhUeXjQViqUcYodKqcP9E5pA8QPpx4j7ex5NWME5oeSq,WSOL-DRONES,3.86,3.86,0.0,15689,,ca9f8811-6517-48b4-8665-e9e000472c16,0.0,0.0,0.0,https://icons.llamao.fi/icons/protocols/raydium,https://raydium.io
raydium-amm,6MC4ajhuyE1wtpPtxcoXKFVahRjapBE9ahKbTvTkeWDk,MSOL-JSOL,0.23,0.23,0.0,15680,,56ed9418-f6f2-4195-9143-0dca51833a90,0.0,0.0,0.0,https://icons.llamao.fi/icons/protocols/raydium,https://raydium.io
raydium-amm,G7ukBE2Hn1LNHVmneJfjRTXYo3KkuE8WjDH1uTduwdTw,WSOL-BWED,3.25,3.25,0.0,15640,,a4d584ac-a7bf-5ddc-b426-a79c6497009d,-0.94,-0.49,0.0,https://icons.llamao.fi/icons/protocols/raydium,https://raydium.io
kamino-lend,F22tnLsbv66vEU2GZRc7coaqZsr8UcBbyp9V2kqWAiWK,USDC,0.89613,0.89613,0.0,15640,,0e8be302-589e-451c-8a94-1e4b85b9e70b,0.2338,0.23122,0.20646,https://icons.llamao.fi/icons/protocols/kamino-lend,https://kamino.com/
raydium-amm,AQvd55ddq6sVcxzcLXbg85FjdZP9kzNPY55WNWyqZRnc,WSOL-AKA,3.1,3.1,0.0,15631,,843d69e7-522c-4b6d-abbb-ea69d1d65e11,-0.24,0.0,0.0,https://icons.llamao.fi/icons/protocols/raydium,https://raydium.io
raydium-amm,3Q4FD7B6ZHJcnBdwuAFfcm2TPbevMFVyrt3DeEmXVt3X,WHALE-WSOL,3.5,3.5,0.0,15624,,a10022d1-5bb8-4bfd-8d82-8f0580732bc1,0.0,0.0,0.0,https://icons.llamao.fi/icons/protocols/raydium,https://raydium.io
raydium-amm,36VvCtRNz4fnQiD8QMPq2zBhtpSJuz5Yh25EvNWPFqvD,HORSEMEAT-WSOL,27.63,27.63,0.0,15615,,dd8e9d02-e03e-4fe1-911b-5f62a1f97a18,14.66,12.24,19.35,https://icons.llamao.fi/icons/protocols/raydium,https://raydium.io
raydium-amm,FS9xXjLcmKK7w72QTwgWMZSa2N86R9EdQNETcWBrxs9e,WSOL-URKO,0.56,0.56,0.0,15577,,c15f1b43-57ef-4390-b065-ad9d6aebae05,0.0,0.0,0.0,https://icons.llamao.fi/icons/protocols/raydium,https://raydium.io
raydium-amm,8m1LUe3kmaGTDkHwagJ1ap2muWFpWXAzdvmCCK8KxfzV,WSOL-$ASTR,3.15,3.15,0.0,15561,,6dd01890-5f8e-4bf4-a7f7-c7e596f36a63,-10.25,-0.96,-6.64,https://icons.llamao.fi/icons/protocols/raydium,https://raydium.io
raydium-amm,FXHdgJbseHcaB6DPotRwKYnXm3DLxshRtRoinSjDq7i2,WSOL-DREMT,3.58,3.58,0.0,15559,,b8d52d34-0e78-4899-ac93-a4e2f2324752,0.18,0.1,0.0,https://icons.llamao.fi/icons/protocols/raydium,https://raydium.io
raydium-amm,75yNRCecbEoiMhydAFjyRp1q83ndncKRQfpQw65GsXKG,WSOL-STONES,3.59,3.59,0.0,15559,,e120647a-8a34-4633-bc7d-674a4c5bd154,0.0,0.0,0.0,https://icons.llamao.fi/icons/protocols/raydium,https://raydium.io
raydium-amm,95rmduT3gfs3Mv3Lco9pPycmGU6nZxP91M3LDKpvcJfs,ERC20-USDT-USDC,39.39,39.39,0.0,15503,,7d61df64-f468-43d2-beb8-0458991f5276,0.0,0.0,0.0,https://icons.llamao.fi/icons/protocols/raydium,https://raydium.io
orca-dex,,SOL-ZFYN,0.39316,0.39316,0.0,15486,,2fb07a51-88ad-56ec-8f16-bc6b773cd502,0.0,0.0,0.0,https://icons.llamao.fi/icons/protocols/orca-dex,https://www.orca.so
save,E6xPJa8n98PQMkjCfBW6uxg88FiUHAptLzjTCkrTjKtt,BSOL,0.07,0.07,0.0,15472,,a6451faa-bce3-4de4-b0d5-7cc7503daecc,0.0,0.0,0.0,https://icons.llamao.fi/icons/protocols/save,https://www.save.finance/
raydium-amm,GVmfWskwEi5AvyULvhLgDmo1mVqrdNAk2qFMfzyTafNo,BRETTA-WSOL,2.43,2.43,0.0,15451,,d975b592-18db-475b-80a9-62c7583fb0dd,0.0,-3.55,0.0,https://icons.llamao.fi/icons/protocols/raydium,https://raydium.io
raydium-amm,EK8zZWk9qQHjLkzaySgM5igihRrHWd9Pyv6m5r4fjvXa,WSOL-PUMPCYCLE,3.47,3.47,0.0,15449,,710e591d-022a-47d8-b0f5-8b723254c685,0.0,0.0,0.0,https://icons.llamao.fi/icons/protocols/raydium,https://raydium.io
kamino-lend,GhGPbkWmPjSkbkgZbhNGBTxzwQKjqDpZwNfaf2gQKgdG,UXD,0.0,0.0,0.0,15448,,685148da-b97e-4a72-846f-ece3e493bc12,0.0,0.0,0.0,https://icons.llamao.fi/icons/protocols/kamino-lend,https://kamino.com/
raydium-amm,8VR6WvCTSpm8oM8Htdsz86rqwVs9J3oKfLurS6Gbf4Ax,HOWDY-WSOL,5.45,5.45,0.0,15430,,bb088103-8861-5374-8754-801ec2d47e17,0.0,0.0,0.0,https://icons.llamao.fi/icons/protocols/raydium,https://raydium.io
raydium-amm,2UnSM3NaWu2XK1c7WfpJ9YtBWJqBajkGtK8G1mM4UPv8,WSOL-CNC,4.02,4.02,0.0,15421,,5be48381-285e-4d54-a158-21391664f6bc,0.0,0.0,0.0,https://icons.llamao.fi/icons/protocols/raydium,https://raydium.io
orca-dex,7XFiNgEcwiUUKw4GadjHv87kGSef3RKqh4TYmnkErtmB,CBBTC-JLP,0.00149,0.00149,0.0,15413,,54cdb5c6-2507-4747-8691-d85b5a886c63,-3e-05,-0.00325,-0.00302,https://icons.llamao.fi/icons/protocols/orca-dex,https://www.orca.so
raydium-amm,7BbZ9gu8ks5yAwRNx7oMc4otpZVunvyJqCS4rywpD7L6,CSW-WSOL,4.02,4.02,0.0,15405,,8c1a2968-7cc2-4a22-96f2-2a85e82913b4,0.0,0.0,0.0,https://icons.llamao.fi/icons/protocols/raydium,https://raydium.io
orca-dex,FQ8VgCiwQE86JNtuboY5HtVahYu9ALm8XF41hDNe15Uk,SNS-SOL,0.00875,0.00875,0.0,15391,,69da05e3-840c-4e08-b2be-2708e52308aa,-0.26654,-0.01989,-0.00435,https://icons.llamao.fi/icons/protocols/orca-dex,https://www.orca.so
raydium-amm,5poNVnqpjDVDAyo31soAee5gqv1ZbbbthYpfAEheC8kf,WSOL-MEGA,19.33,19.33,0.0,15390,,88d60d16-7e33-4d70-9e15-57afdfc5bcb3,-0.95,0.0,0.0,https://icons.llamao.fi/icons/protocols/raydium,https://raydium.io
raydium-amm,8tkcPedWhTh3uASWCniLR5Qoqia76p4FYGN13dyJWuSR,WEMIX-USDC,44.28,44.28,0.0,15359,,21c2a0cd-75a2-5499-8e26-92edca5f5c17,0.0,0.0,0.0,https://icons.llamao.fi/icons/protocols/raydium,https://raydium.io
raydium-amm,GLfEiK21UZus4G5BeyUa9PMZZac1DzbyBx99K1d6enYy,USDC-BMT,9.7,9.7,0.0,15347,,b9842766-88b0-4f4c-84b6-d84849f8e0b3,2.56,6.38,0.0,https://icons.llamao.fi/icons/protocols/raydium,https://raydium.io
raydium-amm,68qjXgdWrgERGCzArxZXKHcLPK5eKEU5b7DdtarREKgb,WSOL-CLAUDE,2.63,2.63,0.0,15334,,8d0dc34a-e0a3-45be-b8b0-3878dd3e60d6,0.0,0.0,0.0,https://icons.llamao.fi/icons/protocols/raydium,https://raydium.io
raydium-amm,6xSa4uFj2GaF8QMNaK6viRV1DsPXJBmNZgCedgjkUNjd,WSOL-BTCAT,6.98,6.98,0.0,15299,,3364e9a2-c999-41eb-8b40-62958ff1d6c9,0.0,0.0,-10.23,https://icons.llamao.fi/icons/protocols/raydium,https://raydium.io
orca-dex,,SOLARIS-IQUID,2.95312,2.95312,0.0,15295,,c875e341-3095-41c4-97a8-6d4b1a647ff1,0.0,0.0,0.0,https://icons.llamao.fi/icons/protocols/orca-dex,https://www.orca.so
raydium-amm,BxGx5K5S23Ch1eBcj37SvsvTZmrX3JZT6EtHJgK2oSWM,WSOL-LEOS,16.54,16.54,0.0,15286,,5ad68984-0189-4877-a243-4de1c02ed628,0.0,0.0,0.0,https://icons.llamao.fi/icons/protocols/raydium,https://raydium.io
raydium-amm,7jEkhQWpGd7fwVpxaZpnux3yM3BWb4dNoNFL8KwCXQop,WSOL-WILD,4.21,4.21,0.0,15257,,53ffc814-7ad8-421c-9577-b6eaaaba134d,0.0,0.0,0.0,https://icons.llamao.fi/icons/protocols/raydium,https://raydium.io
orca-dex,8F5CxCxK9ceC1cSKztHPAQ1ozJeRk1HaToq5XR9DAbZk,SOL-CONTRA,21749.41325,21749.41325,0.0,15250,,fdb51147-553e-548a-8c58-c675d82f0d95,7225.85241,0.0,0.0,https://icons.llamao.fi/icons/protocols/orca-dex,https://www.orca.so
raydium-amm,4RfmvsCvrG2CeidG3QjxNF1SBCAQ6r31SUwJ12NG6Eep,WSOL-MONA,2.69,2.69,0.0,15230,,2679aea5-9308-479c-94a2-f40f827c760b,0.0,-6.96,0.0,https://icons.llamao.fi/icons/protocols/raydium,https://raydium.io
raydium-amm,Bn5jEuwssGrD7xvux8g1NQZyVLwH3dWggmy2sL9hgn5Q,WSOL-GREENLAND,32.25,32.25,0.0,15224,,91662ef5-8ed2-4772-a8c3-48612e82de6e,0.0,0.0,0.0,https://icons.llamao.fi/icons/protocols/raydium,https://raydium.io
raydium-amm,dAVkU4eGCj9qzEV2pDFynpF3nwL97odmbFHfDBKDvLz,PAYAI-WSOL,13.4,13.4,0.0,15214,,97a516d9-04b6-40bb-82ae-ed1c0a363c23,-3.62,0.0,-18.74,https://icons.llamao.fi/icons/protocols/raydium,https://raydium.io
orca-dex,GUWM1arUyDnkMGCHvJu3yt1qomJ988utqC3dFN2AUCDT,NEON-SOL,47.80357,47.80357,0.0,15153,,e7f9827f-4d1e-4c99-a788-2e017b0e292b,-89.04563,25.32562,-139.74107,https://icons.llamao.fi/icons/protocols/orca-dex,https://www.orca.so
kamino-lend,DidQ9f4FQg1snFjEjNUdidSbyz1ixsmRZqBWKfqDzUoS,PT-FRAGSOL-31OCT25,0.0,0.0,0.0,15148,,a85f3ac4-0f1e-43cd-aa2b-3fe1e5115a99,0.0,0.0,0.0,https://icons.llamao.fi/icons/protocols/kamino-lend,https://kamino.com/
raydium-amm,F9MJEtLDppZA9d6Su2HomT1Bay3DjZaKSP8SamcrYDP4,NC-WSOL,3.34,3.34,0.0,15101,,4a60c437-07f9-430e-bc20-b29a02d1405f,0.0,0.0,0.0,https://icons.llamao.fi/icons/protocols/raydium,https://raydium.io
raydium-amm,36zUL75zd3cxuJefrbDfphcycmWRp16rzLhTrapWT8ho,WSOL-BONKGUY,7.58,7.58,0.0,15091,,a7b71457-e681-4f80-bfb6-5858f45ff06f,0.0,0.0,-63.89,https://icons.llamao.fi/icons/protocols/raydium,https://raydium.io
raydium-amm,BjH4Qw3YERB8xWM7Y13sCYQ5y7gRMWphPxZauvaa8XRW,WSOL-DAW,4.31,4.31,0.0,15086,,a6d61095-7abe-4e70-8ba9-31270c0ac722,0.0,0.0,-3.63,https://icons.llamao.fi/icons/protocols/raydium,https://raydium.io
orca-dex,32sdbwjkCNWgKHRMWpM6pBcScVomXrVyvVEx7jsYEUxU,SOL-ETF,0.00088,0.00088,0.0,15059,,e1c1a364-2ec7-422c-a40a-d900fa59b17f,0.00038,-0.42267,-0.03636,https://icons.llamao.fi/icons/protocols/orca-dex,https://www.orca.so
raydium-amm,5KDcPH2SzSP3FMGkSLE6TBkG2D23DZviexGCtX9SFPvN,BSC-USDT-USDC,41.25,41.25,0.0,15055,,e3d041b3-d629-5c6e-a066-c997fd26d966,0.0,0.0,0.0,https://icons.llamao.fi/icons/protocols/raydium,https://raydium.io
raydium-amm,8mQisMDVwYKqjEmNoUbTv9haf4Vas1esPZh9KHLEgPYk,UATF-USDC,40.99,40.99,0.0,15053,,cbc2beb0-ca69-481d-afb4-7e717aac089d,0.0,0.0,0.0,https://icons.llamao.fi/icons/protocols/raydium,https://raydium.io
raydium-amm,BZyD9ceTNp3XTG3GpCVrCozNwbSPkg4AwRyGgNpzFw1j,BSC-USDT-USDC,50.88,50.88,0.0,15051,,04fdcfb3-8413-5f55-92df-b64082884882,0.0,0.0,0.0,https://icons.llamao.fi/icons/protocols/raydium,https://raydium.io
raydium-amm,BTMuQVKmehefMn4Lp9PNRfMZxUDSQijMwP2gSLbY2Pi5,CC-USDC,44.51,44.51,0.0,15032,,aa94e2c2-4cf5-52a6-a21a-381e24bb4e4e,0.0,0.0,0.0,https://icons.llamao.fi/icons/protocols/raydium,https://raydium.io
raydium-amm,9dqsBXD3TVs6wSSpMVwhpA8Fr3hfovryDC9bW87e85Zp,ROI-USD1,3.26,3.26,0.0,15030,,704f689b-8780-4ef1-bfa9-4a8f4827d313,0.0,0.0,0.0,https://icons.llamao.fi/icons/protocols/raydium,https://raydium.io
save,6e72R9KbYrc1RZiXd6ToF7fMyjGLrAf2itqApQyWGWWn,USDH,0.0,0.0,0.0,15030,,e3802349-333e-4e92-8503-1646a337895a,0.0,0.0,0.0,https://icons.llamao.fi/icons/protocols/save,https://www.save.finance/
orca-dex,AYVX89mhvAPCxPaen1PtASQ86oDmzVGvogacoEa1vHuk,HONEY-SJ,6.53884,6.53884,0.0,15022,,c4a4e512-0295-41b4-bc40-8ab727164e74,4.21117,0.0,0.0,https://icons.llamao.fi/icons/protocols/orca-dex,https://www.orca.so
raydium-amm,AWcgUQp6CPjoabYDRwVuy7dgnCXbRS8wNrUTTU8q7Pyn,NKT-WSOL,6.63,6.63,0.0,15017,,10ce14c8-fa2c-4151-890e-5dee5113274d,2.11,4.54,-13.31,https://icons.llamao.fi/icons/protocols/raydium,https://raydium.io
raydium-amm,HfRxNamkcYLQAz6EEu3hHfkQay1jYHqGcazcc7HeX6SX,WSOL-NGU,2.61,2.61,0.0,15009,,9417dade-9e4c-41ed-aede-367df296595c,0.0,-6.77,0.0,https://icons.llamao.fi/icons/protocols/raydium,https://raydium.io
raydium-amm,8QeEK1xNYLFdGzXzngsbRMGqmDqC1P8jPx2BteYE9pYc,WSOL-BAMB,13.02,13.02,0.0,14996,,f75f9f44-550c-4275-a0e5-5cb7563b0f3a,-2.69,0.0,0.0,https://icons.llamao.fi/icons/protocols/raydium,https://raydium.io
orca-dex,DvgSQJyx6JNaPzmhBwzWw6rntGBQCr5fmNnV2AfyEfCg,MSOL-STSOL,0.0,0.0,0.0,14975,,7700969a-ee34-4a23-ad7b-5c7e7ca6f5ec,0.0,0.0,0.0,https://icons.llamao.fi/icons/protocols/orca-dex,https://www.orca.so
orca-dex,9WN28cbDEKjtR1321zjrgSzjMComW1Fow4CzZDNdtYJq,BAN-COINOMI,2.28014,2.28014,0.0,14945,,5bea28c5-3a01-444b-a7e3-18581ffe7f87,-0.99529,-3.10626,-0.21666,https://icons.llamao.fi/icons/protocols/orca-dex,https://www.orca.so
raydium-amm,GcxNEzvGsn3sJ753Ak6mcca43GsjLmNvFHYQva2bsf4k,WSOL-RCON,3.63,3.63,0.0,14933,,81ac8599-c5fd-4ac0-ab3e-2af9853d1264,0.0,-98.69,0.0,https://icons.llamao.fi/icons/protocols/raydium,https://raydium.io
raydium-amm,C6bYjZjUw4mXJniLnAJsjcyApvtS8seT4KatiFNAW3NJ,WSOL-ISAAC,3.34,3.34,0.0,14915,,1f8b4ed7-e6bb-407a-ba69-dcc0094dcaeb,-10.28,0.0,-4.66,https://icons.llamao.fi/icons/protocols/raydium,https://raydium.io
project-0,8UEiPmgZHXXEDrqLS3oiTxQxTbeYTtPbeMBxAd2XGbpu,PYUSD,4.51314,4.51314,0.0,14872,,2467d092-aeb9-4e9e-b0e7-01d8733a890e,-0.54022,-0.88885,0.0,https://icons.llamao.fi/icons/protocols/project-0,https://app.0.xyz
raydium-amm,DrgGbUa6SMEDeY2YbwgfoKKNx5rLRG5kNkNgunxzp4G3,WSOL-TTG,3.65,3.65,0.0,14861,,88a1d4a8-180c-4b89-bb2c-ac2b96ff8e13,0.0,0.0,0.0,https://icons.llamao.fi/icons/protocols/raydium,https://raydium.io
raydium-amm,2fZnZhrgVPSiHeJBNem3nms7ePQ3RWBbASK1tPM4y1dP,USD1-USEFUL,3.86,3.86,0.0,14836,,1afdaa03-8ca4-4aad-858d-0dc52ebae6b7,0.0,0.0,0.0,https://icons.llamao.fi/icons/protocols/raydium,https://raydium.io
raydium-amm,ADwQhgVS41xbMSDeHbd9nDiGnky1y2CtgG4ctVcoUv1R,WSOL-ANSOM,3.6,3.6,0.0,14772,,e6b7e629-b0a0-44c8-b869-d327940312a5,0.0,0.0,-27.56,https://icons.llamao.fi/icons/protocols/raydium,https://raydium.io
raydium-amm,AHXLaA8WeMbNLW7kzdh4k9h51Qi9r5GFqC7QRXw6ENjZ,WSOL-BANKR,22.46,22.46,0.0,14725,,072706b3-7baa-4e5b-b1d1-8e2ddd79517f,0.0,0.0,0.0,https://icons.llamao.fi/icons/protocols/raydium,https://raydium.io
raydium-amm,Fdiz5JYu4ZQ6Em18KtvNJtqSQxury8upsQiypsHP3hy3,WSOL-MAD,3.66,3.66,0.0,14701,,80e10b48-b55c-4064-9c5f-933e998eccdd,0.0,0.0,0.0,https://icons.llamao.fi/icons/protocols/raydium,https://raydium.io
raydium-amm,HchjWhZNqb1RufButo6ppnQUQYgFAs3JgbaFGTPQY98d,WSOL-HOE,3.81,3.81,0.0,14661,,d960fa57-a115-5aa3-bf7f-affe00490c11,0.0,0.0,0.0,https://icons.llamao.fi/icons/protocols/raydium,https://raydium.io
project-0,G46aHuakgStymbE2WsLbja61mH5UXBPdSdpwf6Ci3saG,GRIPTO,0.0,0.0,0.0,14611,,e9d30a1b-03d3-5a3e-a339-297b85700dba,0.0,0.0,0.0,https://icons.llamao.fi/icons/protocols/project-0,https://app.0.xyz
raydium-amm,3u3s3RXXHALxDw3cGP98yjD3dbQbQrQaXftZGPnb4cT5,WSOL-GTAVI,3.41,3.41,0.0,14604,,ad1e4e82-8f30-416a-bb96-6e1047d4d3b2,0.0,0.0,0.0,https://icons.llamao.fi/icons/protocols/raydium,https://raydium.io
kamino-liquidity,8Fg6sNkYrPXfVuyWDj8u19ih6Yoq2gcpKq8XCoremLQq,BONKSOL-INF,0.0,0.0,0.0,14590,,3119496e-872a-42ee-8602-a3c2807627a6,0.0,0.0,0.0,https://icons.llamao.fi/icons/protocols/kamino-liquidity,https://kamino.com/liquidity
raydium-amm,FykghU1tVqHTmWYh5YwJ8DXfvfvfxPhieJNQsuPUHFfR,WSOL-ELIJAH,4.06,4.06,0.0,14582,,bab15a8a-8395-40b6-8eb3-d5b12344278c,0.0,0.0,0.0,https://icons.llamao.fi/icons/protocols/raydium,https://raydium.io
raydium-amm,5MGvNj9RNKNmzwp1LtZuQkZonEYtKJ3JuiyNQEUU2DsF,MCDX-USDC,12.57,12.57,0.0,14568,,ac16d8a8-a559-4035-a467-02041145a363,0.0,0.0,-17.2,https://icons.llamao.fi/icons/protocols/raydium,https://raydium.io
raydium-amm,CRLE5VW96uWVNEhb5qNZniMecFFJF9H64JacYtLvzUYY,SELLER-USDC,70.26,70.26,0.0,14561,,c0ee09f5-66cf-469c-b79e-a6d4c9260d93,-74.65,0.0,0.0,https://icons.llamao.fi/icons/protocols/raydium,https://raydium.io
raydium-amm,3e5hfyfEMVjwx3LA1L6ZGnViBWR5Cj7GcWojKWjo6Etn,WSOL-PUNCHY,2.33,2.33,0.0,14557,,68c622f9-5941-4a5e-91f8-85d64966477c,0.0,-0.87,0.0,https://icons.llamao.fi/icons/protocols/raydium,https://raydium.io
orca-dex,8fTQVevKVqT5k7wWirsg6dvgxY4ffTdXQbMvZ8cQMBzb,BONKSOL-INF,0.03715,0.03715,0.0,14534,,5e0931ab-df87-4b0f-a051-a5e90246ee6d,0.02692,-0.00369,-0.13339,https://icons.llamao.fi/icons/protocols/orca-dex,https://www.orca.so
orca-dex,,EOUS-USDT,0.04997,0.04997,0.0,14522,,c7b7f5f6-330c-59eb-871d-439891a8fb98,0.0,0.0,0.0,https://icons.llamao.fi/icons/protocols/orca-dex,https://www.orca.so
omnipair,,PWE-USDC,34.79444,34.79444,0.0,14484,,0fdbc063-d9b5-45c0-88a3-b61a16bb9786,0.00131,-173.41605,26.27221,https://icons.llamao.fi/icons/protocols/omnipair,https://www.omnipair.fi/
kamino-lend,AZJAPDubfJuqzSsdeWQS3EG44nQRpwmKDTG1SKHrEMVy,USDG,2.31792,2.31792,0.0,14479,,feb9d7bd-cdbd-4e31-b16c-3fec605e985a,0.05832,-0.17551,0.0,https://icons.llamao.fi/icons/protocols/kamino-lend,https://kamino.com/
orca-dex,3GVB4bXtcrP3MM376mrcJDwfTNThvyorLmVgSTf6kxFt,QQQX-USDC,4.23365,4.23365,0.0,14469,,ccfe9bf2-dac3-4487-95a6-af9b0863ac50,-9.81803,2.32933,-22.11392,https://icons.llamao.fi/icons/protocols/orca-dex,https://www.orca.so
raydium-amm,A6mCmMxYEhjbE6zdxD2ef4TGfsteGm5MrS1PaxSqZ93b,WSOL-ROCKSTAR,3.23,3.23,0.0,14447,,25d68dc4-333f-4e3c-b166-0c2b34008a8e,0.0,0.0,0.0,https://icons.llamao.fi/icons/protocols/raydium,https://raydium.io
raydium-amm,2ayGf7v8nJgogvAgoXDcTAYumsXpqHdqcdHyrKK6J3XX,WSOL-MATH,3.57,3.57,0.0,14437,,60e890d5-d722-4eb5-b58f-0f7032423aad,0.0,0.0,0.0,https://icons.llamao.fi/icons/protocols/raydium,https://raydium.io
raydium-amm,GtKKKs3yaPdHbQd2aZS4SfWhy8zQ988BJGnKNndLxYsN,BONK-WSOL,3.42,3.42,0.0,14437,,bb23aa78-b56b-4328-b746-1fbf97661f26,-1.51,-2.97,0.0,https://icons.llamao.fi/icons/protocols/raydium,https://raydium.io
raydium-amm,FnNPBs1u9RUgx75ve5socKvwCRiVgfxFP2MjQAyZDQTY,JENSEN-WSOL,2.78,2.78,0.0,14419,,b2b57393-b8c2-4c82-9f81-6e4ab77e61f8,0.0,-1.42,0.0,https://icons.llamao.fi/icons/protocols/raydium,https://raydium.io
orca-dex,31KrYUDzgEQhEgr1JSNVfHAknWACcF97CtUaU8enKQsy,SOL-HYPE,21.78103,21.78103,0.0,14401,,65d01978-6b1e-4ca2-a80e-4aa5298c699c,-6.96533,0.0,-7.16585,https://icons.llamao.fi/icons/protocols/orca-dex,https://www.orca.so
raydium-amm,Hehmvwq8aPWLLyfJA3LJiZek1vsd8u1DRE8An5GXDs67,WSOL-DARWIN,90.72,90.72,0.0,14387,,c2600b96-7a20-4703-8d47-db76a5dbe983,0.0,0.0,0.0,https://icons.llamao.fi/icons/protocols/raydium,https://raydium.io
raydium-amm,ESjGjnPmo6wPEvUaggL7pcpBRBVXhGEWTurZ9sS9scW8,SAOS-USDC,53.81,53.81,0.0,14383,,04fa6b47-b934-4055-b889-3e8730a6dd38,0.0,0.0,0.0,https://icons.llamao.fi/icons/protocols/raydium,https://raydium.io
orca-dex,,USDC-AURA,7.84659,7.84659,0.0,14359,,a1ad919e-c4bd-5c0a-a101-4087a4c94774,0.0,0.0,0.0,https://icons.llamao.fi/icons/protocols/orca-dex,https://www.orca.so
gmtrade,62qjjocX1wzKSYBPHfjAKErEWdCcGH2W3sg4Z2vjwjad,APE-USDC,8.97776,8.97776,0.0,14342,,34428983-0a26-43ad-8996-5c16a183a0e6,-0.58173,-2.19753,-12.7165,https://icons.llamao.fi/icons/protocols/gmtrade,https://gmtrade.xyz
raydium-amm,6CUotKyGsWrKDa1wgsZQXCeTwvf29XvZWSw1abFrMBpx,RTP-WSOL,5.99,5.99,0.0,14289,,4a83af69-cb52-40d5-b962-3a806a33cf41,1.65,1.37,0.0,https://icons.llamao.fi/icons/protocols/raydium,https://raydium.io
orca-dex,,GOLDC-USDT,1.46329,1.46329,0.0,14279,,fc174cc9-16de-5731-b820-17205277271e,0.0,1.46329,0.0,https://icons.llamao.fi/icons/protocols/orca-dex,https://www.orca.so
raydium-amm,3qTJY1c63wEy9bBA8xfBGZZcwcgCgHoNbyVVBJ1ThnM1,PEDRO-WSOL,3.38,3.38,0.0,14271,,794f18dc-1263-435b-adb1-c0ede2c775e9,0.0,0.0,0.0,https://icons.llamao.fi/icons/protocols/raydium,https://raydium.io
orca-dex,,JACKET-USDC,0.0,0.0,0.0,14268,,f5fe5064-7224-5707-859f-40743f6c16c4,0.0,-0.00375,0.0,https://icons.llamao.fi/icons/protocols/orca-dex,https://www.orca.so
raydium-amm,8aTQxw2yhrQHhEhcpAUTGz5DE1VnRSGhR58RUXGbNSy2,WF-USDT,69.37,69.37,0.0,14216,,5f16ad4d-546b-4f92-a24d-5c7a305b76d7,-890.17,-201.41,0.0,https://icons.llamao.fi/icons/protocols/raydium,https://raydium.io
raydium-amm,2QN5vbH8MrmAKETMuFvjipc8mtefR56RHVbjAXBuVQZ4,WSOL-$ROGERS,3.12,3.12,0.0,14181,,9318597c-c5fb-495a-ad01-f5a3b7f3f0a3,0.0,0.0,0.0,https://icons.llamao.fi/icons/protocols/raydium,https://raydium.io
orca-dex,B2q3X5QA47NTaVrQKNhGo2ii1Zs8x5h6CZK6qydRdJrA,SOL-XAUT0,16.85851,16.85851,0.0,14174,,633be5d3-1b9f-46cc-9950-5232f5215cdc,5.49896,13.44987,-24.50034,https://icons.llamao.fi/icons/protocols/orca-dex,https://www.orca.so
raydium-amm,J12Ry5iBfWgWeaLLZAnkh6eUEdwr7SHMF5Z9VvHTNpPL,WSOL-CFSM,3.94,3.94,0.0,14146,,551d3635-7eae-455d-92b6-129acb0e480f,0.0,0.0,0.0,https://icons.llamao.fi/icons/protocols/raydium,https://raydium.io
raydium-amm,z4NFhahJSL7sXZpYxAF5PLv92eEUiqJrLxTPjKvXqbK,WSOL-🐈,4.23,4.23,0.0,14140,,7d463b84-9fc8-4041-9842-a83f386316d4,0.0,0.0,0.0,https://icons.llamao.fi/icons/protocols/raydium,https://raydium.io
raydium-amm,6kmMMacvoCKBkBrqssLEdFuEZu2wqtLdNQxh9VjtzfwT,KIN-RAY,5.07,5.07,0.0,14131,,7b4e218f-3f24-4db4-877a-c3020459e290,1.19,0.0,-5.64,https://icons.llamao.fi/icons/protocols/raydium,https://raydium.io
raydium-amm,CHoRix55uSqYARKEzeM5WjcsJWbRRBDXuSshFUZ1rvMk,ODIN-WSOL,3.79,3.79,0.0,14104,,f1ee1caa-5983-46a1-91bf-b22e6c0d9fcc,0.0,0.0,0.0,https://icons.llamao.fi/icons/protocols/raydium,https://raydium.io
orca-dex,82HLsEtRU8AkYHtJ245spD9g2tbuLPJ9Bkr3xn42yDZu,SOL-SAUCE,0.0,0.0,0.0,14104,,6c97361d-afd8-4278-bb8f-14fbf040b7e7,-0.00564,0.0,-0.23398,https://icons.llamao.fi/icons/protocols/orca-dex,https://www.orca.so
orca-dex,ByXmPDEzK68zV2werup4fhhhUPwXDWD1PWBqkXEdbQyi,MNDE-SOL,1.2228,1.2228,0.0,14084,,69f6e48b-bb99-4e96-b091-04d3baf749b0,-10.87189,-4.94797,-9.82607,https://icons.llamao.fi/icons/protocols/orca-dex,https://www.orca.so
gmtrade,7HPU75j2rNV5RPRQPVN6mQ7sfgWgszBzmVYmAohf7PKN,WSOL-USDC,194.61814,194.61814,0.0,14076,,4417b447-9cb6-4689-b59e-ea4460cd2ac6,-11.1815,144.18717,0.0,https://icons.llamao.fi/icons/protocols/gmtrade,https://gmtrade.xyz
raydium-amm,8LCWBRGV8Zieukf8WiTcdQnXNESL41zK74zaASR8gfhe,WSOL-EPSTEIN,3.35,3.35,0.0,14076,,ba5568df-61d4-4fbd-8cf4-bdc976aff70a,0.0,0.0,0.0,https://icons.llamao.fi/icons/protocols/raydium,https://raydium.io
orca-dex,7gD2Liwbzyt2eohH5CT8XoNgS9YezVHxZU8QXQcZkBm3,P4L-USDC,11.12357,11.12357,0.0,14073,,61a73d28-5388-4b08-b6a2-9cd759697053,9.73089,4.99255,9.56748,https://icons.llamao.fi/icons/protocols/orca-dex,https://www.orca.so
orca-dex,Czfq3xZZDmsdGdUyrNLtRhGc47cXcZtLG4crryfu44zE,SOL-USDC,1.38362,1.38362,0.0,14071,,f7ea2ea0-b72d-4d27-ae6d-fa1d3421a0c1,-0.79146,-0.5089,-27.17164,https://icons.llamao.fi/icons/protocols/orca-dex,https://www.orca.so
raydium-amm,Ffn9MJLu1FfCaeAv1f5ageQDTZKXj3pRpFVuYWA98YgA,WSOL-LUX,5.67,5.67,0.0,14071,,816f38aa-02a6-4e02-8337-56f695e1cdbd,-26.72,-128.67,-123.97,https://icons.llamao.fi/icons/protocols/raydium,https://raydium.io
raydium-amm,8gKtaxGxQrMna1rAyVD979V7cVB7tasZnsjr2tCq6dXu,KMNO-BSOL,8.15,8.15,0.0,14065,,9e2af711-c1aa-4228-b257-5771d00dcda9,-8.45,3.55,-22.21,https://icons.llamao.fi/icons/protocols/raydium,https://raydium.io
gmtrade,7HPU75j2rNV5RPRQPVN6mQ7sfgWgszBzmVYmAohf7PKN,WSOL-USDC,10.42284,10.42284,0.0,14027,,33ab51c2-547f-4e6d-93a4-8752e4417b79,1.32087,5.28384,10.39128,https://icons.llamao.fi/icons/protocols/gmtrade,https://gmtrade.xyz
orca-dex,5WrgXzWiz93g4L5XBmr3ggMybW5gfL7drNAKoQMgpDHc,TRUMP-USDC,0.36034,0.36034,0.0,14025,,d050492b-d3cf-4949-b96e-24e23d009af3,-0.07152,0.1006,-0.12435,https://icons.llamao.fi/icons/protocols/orca-dex,https://www.orca.so
raydium-amm,3mDDJtWnu2iZsHs5CDd8eQWWFLTCv4SvoQ3jBDuMZMx5,LTC-USDC,43.82,43.82,0.0,14017,,0671a33c-ff0e-50da-b4e3-8105f494e917,0.0,0.0,0.0,https://icons.llamao.fi/icons/protocols/raydium,https://raydium.io
raydium-amm,GKBwbfU4mo4Gpd8fxvg8ybq6oA81XPP8f2SHvAmZWAjh,WSOL-APU,26.94,26.94,0.0,14010,,0f71e6c7-121a-4bc3-8f0d-1501759a855a,5.26,2.11,-2.8,https://icons.llamao.fi/icons/protocols/raydium,https://raydium.io
omnipair,,JUPUSD-USDC,0.00017,0.00017,0.0,13991,,eff9fea7-49e8-4b7e-aa34-bdc7d08bcd48,1e-05,0.00011,-0.00041,https://icons.llamao.fi/icons/protocols/omnipair,https://www.omnipair.fi/
raydium-amm,71VhkknQFeVam5p7FsCtADD3tZpFtznNzisid9ZXxTPt,WSOL-CIRCUIT,3.45,3.45,0.0,13977,,0fb945cc-7081-4168-950e-80dbf38d6ffb,-0.42,0.02,0.0,https://icons.llamao.fi/icons/protocols/raydium,https://raydium.io
raydium-amm,1c9QcAnYAxmsnwXxCdHPsKLwpDPig35mMp8eAFZL3FB,WSOL-GOG,3.53,3.53,0.0,13977,,6de5e47e-5dbe-4bc7-b56b-08ee75990b19,0.0,0.0,0.0,https://icons.llamao.fi/icons/protocols/raydium,https://raydium.io
raydium-amm,BhvtFxMvGEX9PrqgsR6xR6BNzwUBafeDBSX6RPrZ9Fgo,BUNK-WSOL,4.26,4.26,0.0,13965,,f91f0668-a5c5-464c-89aa-55b8cc32f8d6,0.0,0.0,0.0,https://icons.llamao.fi/icons/protocols/raydium,https://raydium.io
raydium-amm,4WDepwV33Gy1fycYF9TPvqS6nWfCYuAhESGuLXCJKB2r,USDI-USDT,0.49,0.49,0.0,13960,,e2efdc91-0ee3-4d36-b6bb-bf48a455ce38,-0.04,0.0,0.0,https://icons.llamao.fi/icons/protocols/raydium,https://raydium.io
orca-dex,57mP5WoNrg3uiGFUdoeYr2CPUZak1L2ZgFtyFwoT7K6G,SOL-ARC,0.26245,0.26245,0.0,13957,,2aaf799b-5a3e-4252-8ea7-2c41cf1c7c69,0.15004,0.01702,-0.11926,https://icons.llamao.fi/icons/protocols/orca-dex,https://www.orca.so
raydium-amm,CZkNKEwyeVJS2vHriYE3pG8CxRPL34PccTG88T6s5oAk,WSOL-HYPE,22.03,22.03,0.0,13923,,67788b02-0cdc-4e9f-8706-411653e9fd3f,-17.67,6.77,-13.17,https://icons.llamao.fi/icons/protocols/raydium,https://raydium.io
orca-dex,93MjUKNKxazKmgS3GBX2Gj2BttEjJUyi7NYeyDHdHSc2,JTO-USDC,42.59728,42.59728,0.0,13900,,1470b9b7-ee59-4368-983c-9d6ea550204e,-22.94124,24.36459,-205.49269,https://icons.llamao.fi/icons/protocols/orca-dex,https://www.orca.so
orca-dex,2NhvQi7h6qtr7DtLXV9qRz4eustHiDmizqTAnq1sw11J,EAT-USDC,28.42563,28.42563,0.0,13874,,731a2d6f-3347-4578-84d9-4ecd7d8aed39,25.57991,23.35794,4.60539,https://icons.llamao.fi/icons/protocols/orca-dex,https://www.orca.so
raydium-amm,EnSBdP8PirHSChF25AfaBGbiwwi446e972xm33FCaHYA,WSOL-NPC,4.33,4.33,0.0,13852,,9e000614-9848-48e1-87e4-0de8befaf99a,0.0,0.0,0.0,https://icons.llamao.fi/icons/protocols/raydium,https://raydium.io
raydium-amm,FBNKwRG7DgurthvUmStyQVF1J62jNFfBWnFY6skpFYfg,WSOL-KEYDOG,5.82,5.82,0.0,13846,,d8d0f86b-bdc4-485f-9126-5b0f03d0be1a,0.0,3.25,-26.96,https://icons.llamao.fi/icons/protocols/raydium,https://raydium.io
kamino-liquidity,6aukqQwS9m76WLbRySwH71hjoFQNLL5oStL47T1S9W9t,KMNO-BSOL,0.0,0.0,0.0,13842,,8384baf6-7943-4b11-b538-beb05ccbd70c,0.0,0.0,0.0,https://icons.llamao.fi/icons/protocols/kamino-liquidity,https://kamino.com/liquidity
orca-dex,FfQtSPNUSTDZwNBhJLgpVPG95ediXfeFnfZnoGPELKML,SOL-PUPS,7.54246,7.54246,0.0,13830,,168b9be1-4540-4650-8130-99f76ddf7dbb,-40.335,-9.96259,-93.02885,https://icons.llamao.fi/icons/protocols/orca-dex,https://www.orca.so
orca-dex,G6QpBDnhuFqJLfEY3CR9ZmXQTZAE9u2yyQXtCCjZKrq1,TOM-USDC,0.0,0.0,0.0,13819,,5139e75a-6eb1-557d-b962-68ac7a385bb0,-8.15211,0.0,0.0,https://icons.llamao.fi/icons/protocols/orca-dex,https://www.orca.so
orca-dex,Hqz8No8TSxrErGCTaC9KCZWbfyHxzAFiZpFwh5VGiLwn,SWARMS-DRIFT,0.0,0.0,0.0,13787,,0c5ce0f8-be5b-4a1a-84c7-51c30fd81d8e,-3.12719,-2.39953,-203.01401,https://icons.llamao.fi/icons/protocols/orca-dex,https://www.orca.so
kamino-lend,D4c6nsTRjD2Kv7kYEUjtXiw72YKP8a1XHd33g38UpaV8,PYUSD,0.18857,0.18857,0.0,13782,,a71262f6-595d-452c-8ed3-2f829d694e64,2e-05,-0.00073,-0.24981,https://icons.llamao.fi/icons/protocols/kamino-lend,https://kamino.com/
raydium-amm,4NobmLZsFvbtwmSo5yBeBwuFRiWsfrjMyqKtibsWhptV,WSOL-DIT,3.44,3.44,0.0,13718,,ca62d7f1-b423-4bd0-9c99-5753bf9425d9,0.0,-11.75,0.0,https://icons.llamao.fi/icons/protocols/raydium,https://raydium.io
orca-dex,D6NdKrKNQPmRZCCnG1GqXtF7MMoHB7qR6GU5TkG59Qz1,SOL-$WIF,5.76149,5.76149,0.0,13716,,dd1f31c1-c7d0-4801-adde-d1e1d5019c32,-0.67592,-8.48915,1.10246,https://icons.llamao.fi/icons/protocols/orca-dex,https://www.orca.so
orca-dex,,USDT-XRTB,0.00135,0.00135,0.0,13707,,8dbd5833-0f13-5a0d-90cc-61ef610ffda0,0.0,0.0,0.0,https://icons.llamao.fi/icons/protocols/orca-dex,https://www.orca.so
raydium-amm,DMxAbQm2a5XXF4JMjmN1RTyx5o8yGGHScBkjo6AkEbVq,WSOL-DUCKAI,4.84,4.84,0.0,13684,,affaaf6e-8701-4de0-ad40-224db1eef88f,0.0,0.0,0.0,https://icons.llamao.fi/icons/protocols/raydium,https://raydium.io
raydium-amm,CLmWcCJYKQJnx1Z33inZyZFmdfL8Q1jAzSvsHVBRQHVg,WSOL-CATHAT,4.77,4.77,0.0,13665,,96e0fcea-ad27-4504-8b38-5aa395c731bb,0.0,0.0,0.0,https://icons.llamao.fi/icons/protocols/raydium,https://raydium.io
orca-dex,8t6NQAZQSEMhxtjdU1Cxf2eJiJjFMUkb1LKpATgwT8MY,REZ-USDC,0.0,0.0,0.0,13662,,4c8effc9-8673-4194-a066-4579b895696e,-2.68337,-5.68239,-0.77837,https://icons.llamao.fi/icons/protocols/orca-dex,https://www.orca.so
raydium-amm,CoPvausy5mrd4PvdxN4KHrMMzuJnZX4L9M9hhU8RjsBr,WSOL-FYBN,4.47,4.47,0.0,13657,,c305c206-1791-495b-8ed9-5d023e09e6d5,0.0,0.0,0.0,https://icons.llamao.fi/icons/protocols/raydium,https://raydium.io
raydium-amm,3Ds3xGxjyhMTwaBDz9jAkMzGqz5rjxyyYxd9iHFFrt9K,WSOL-OBSD,127.43,127.43,0.0,13653,,055daf24-7f04-451f-b1c5-d5e295295ed8,-114.73,0.0,0.0,https://icons.llamao.fi/icons/protocols/raydium,https://raydium.io
raydium-amm,6wkXTQFjq1Juyju11DgSxEsSqcJrS22TvbSty2NMhsgq,WSOL-KAPPA,4.17,4.17,0.0,13652,,f37dc52f-f853-4d9b-8310-9489bca42769,-14.21,0.0,0.0,https://icons.llamao.fi/icons/protocols/raydium,https://raydium.io
raydium-amm,CzNxkNCLTR3C7QSiB92eQUeJa8MgyWZq2c31CMs2ZiFF,WSOL-BUB,3.65,3.65,0.0,13645,,eb6afca2-6e85-4f0e-b207-4fd1d7300a69,0.0,-4.11,0.0,https://icons.llamao.fi/icons/protocols/raydium,https://raydium.io
raydium-amm,AUokQFkw6XTAjhf5CrUq3yY4K6CLD3MeuM7qa5oqtsWA,CBBTC-BTC,0.37,0.37,0.0,13636,,f86d6fe3-ab17-4d16-a200-bf34b4bc8a3c,-0.3,-0.05,-1.01,https://icons.llamao.fi/icons/protocols/raydium,https://raydium.io
raydium-amm,CqcqAWD5JFKdZHvzWXL6h22tniR5Kpt8MeqLH4W2fvKQ,XRP-USDC,33.33,33.33,0.0,13631,,9fce1074-e779-43aa-aea9-722a8b6d69d5,0.0,0.0,0.0,https://icons.llamao.fi/icons/protocols/raydium,https://raydium.io
jupiter-lend,5bKa8e5yN6KF8qfW8CgsQQ36KTBMYm23QaPBqiZa5b3G,XBTC,0.0,0.0,0.0,13631,,4014949f-d985-4c84-9c79-3769e7301a08,0.0,0.0,0.0,https://icons.llamao.fi/icons/protocols/jupiter-lend,https://jup.ag/?ref=f6y1ryr2snn3
orca-dex,D7WnQDftCv4MjCAjf8PhVtLWxALwXxfvNfSEXYDYzuDE,BTC3-USDT,0.25309,0.25309,0.0,13625,,69901879-4259-483e-91b7-21cef35406e0,0.25309,0.22136,0.25309,https://icons.llamao.fi/icons/protocols/orca-dex,https://www.orca.so
kamino-liquidity,ByXB4xCxVhmUEmQj3Ut7byZ1Hbva1zhKjaVcv3jBMN7E,SOL-STSOL,0.0,0.0,0.0,13624,,5f10249f-b265-4dbf-8b7f-8599406ba785,0.0,0.0,0.0,https://icons.llamao.fi/icons/protocols/kamino-liquidity,https://kamino.com/liquidity
raydium-amm,F2iCfV6KM9htgnefMzDa6exybZxzBUz4Y5ZtpcoJwXnW,DOG-DOG,0.14,0.14,0.0,13612,,17b114ff-bb12-41d5-bec4-6599c2ac337e,0.0,0.0,0.0,https://icons.llamao.fi/icons/protocols/raydium,https://raydium.io
orca-dex,8MojFRxnQbKD94JBs5fhUa9ajz4FDVAjxzWS4SdENGtx,PUMP-BBC,14.41817,14.41817,0.0,13577,,4184b828-e8d6-4c7e-b75e-0f469f7f8ed6,-4.83328,12.23127,4.74683,https://icons.llamao.fi/icons/protocols/orca-dex,https://www.orca.so
raydium-amm,Ee9NmbVF5HLJ2q16L4QpKoNJysjeknkkUtcmFCvsQ1Az,WSOL-FROGE,4.18,4.18,0.0,13566,,754ce2a5-34ba-4923-a507-0925dacb3bd2,0.0,0.0,0.0,https://icons.llamao.fi/icons/protocols/raydium,https://raydium.io
raydium-amm,2UfT57k2oE13nbRxfQgAPrpygu287wvC2a8YDPs3JJU5,ORBT-WSOL,13.65,13.65,0.0,13547,,c741d241-d42c-4b5e-a7a1-d6956ab8df2b,0.0,0.0,0.0,https://icons.llamao.fi/icons/protocols/raydium,https://raydium.io
raydium-amm,FE7qW9wfXVXhGfDXFw7zSQcXwyiEA6RChsPTW41ZH2p8,XMR-USDC,30.28,30.28,0.0,13507,,e90d4dde-fd16-463c-a702-77e8d3115462,0.0,0.0,0.0,https://icons.llamao.fi/icons/protocols/raydium,https://raydium.io
raydium-amm,3twT45KbWC2LNHvVWopbGbxoctRV8wLvgDhf76Kgx52i,USDC-PI,28.52,28.52,0.0,13500,,a8475ca9-a3e2-4afc-b6da-72d201a6da2c,0.0,0.0,0.0,https://icons.llamao.fi/icons/protocols/raydium,https://raydium.io
raydium-amm,6U9RcnE7Ukk2WGU8S3r1dCsJFR5soYvGC3R4R4nT91q8,WSOL-ROBOTAXI,3.33,3.33,0.0,13447,,3800760f-f944-4f5d-8b3a-b422d682c225,-0.89,0.81,0.0,https://icons.llamao.fi/icons/protocols/raydium,https://raydium.io
gmtrade,7HPU75j2rNV5RPRQPVN6mQ7sfgWgszBzmVYmAohf7PKN,WSOL-USDC,32.59602,32.59602,0.0,13442,,aab9ed46-f483-4c1b-a0c6-c3250ed4e52a,-0.58637,7.77028,32.58886,https://icons.llamao.fi/icons/protocols/gmtrade,https://gmtrade.xyz
raydium-amm,4VbLRfB9TodREj9k1Szzd9YA4YTcKi7LExfstVPrpGH5,WSOL-GARY,4.07,4.07,0.0,13383,,5bf085c3-04b2-47e0-8398-440bc9441645,0.0,0.69,0.0,https://icons.llamao.fi/icons/protocols/raydium,https://raydium.io
orca-dex,AGiDeiJJnR7kjs2QjP8P1hQoKam3u1tmFArtPmpQ3doA,LAMB-USDC,0.0,0.0,0.0,13375,,99bdc8c5-48d6-4b36-bdfc-bbc615c6ae66,0.0,0.0,0.0,https://icons.llamao.fi/icons/protocols/orca-dex,https://www.orca.so
orca-dex,GfbNEuUgFt8GtPTW83xQYoUDSfH8Sioa8VyL7wtZBCkR,USDC-SJ,2.44588,2.44588,0.0,13310,,dd6a7d55-bbb4-515a-8c97-e1e82debb7af,0.0,0.0,0.0,https://icons.llamao.fi/icons/protocols/orca-dex,https://www.orca.so
raydium-amm,4KpfxT6TENi3ogeZwyUBcVp49SVTXc4fEzTM1W7DnAtb,MILADY-WSOL,3.8,3.8,0.0,13302,,a3afb52d-5f1f-4fbb-a89d-c6b76fef67fa,0.0,0.94,0.0,https://icons.llamao.fi/icons/protocols/raydium,https://raydium.io
raydium-amm,GyW6v1xdTRq1LSMp9WHyBwiuupmUwC3qQaXA3BgDiYX9,ZAZU-WSOL,4.58,4.58,0.0,13301,,a091b6c1-3e11-4650-a945-7b37466d04a0,0.0,0.0,-2.37,https://icons.llamao.fi/icons/protocols/raydium,https://raydium.io
raydium-amm,o7VwpD2uz6vzwpo1EPi3s1ZeoKNdyohbKqpZER6fa9u,LAIKA-WSOL,4.37,4.37,0.0,13293,,249bab14-292c-5ada-80be-04499ac209ae,0.0,0.0,0.0,https://icons.llamao.fi/icons/protocols/raydium,https://raydium.io
raydium-amm,2ckNqA75c6vHQrR3Nh5wLeEudrpLX7eRsqxyYpkWqcxi,XDC-USDC,39.22,39.22,0.0,13292,,4ab38f8f-28aa-4faa-ad2d-0ca39436961e,0.0,0.0,0.0,https://icons.llamao.fi/icons/protocols/raydium,https://raydium.io
raydium-amm,35Qdwadj1kcwFBGhXEuvuvSzf9XYYtzf6QnmPpc4XBZb,USEM-USDC,43.6,43.6,0.0,13292,,b0d674e4-0bd8-4535-8b61-9a9e69060b18,0.0,0.0,0.0,https://icons.llamao.fi/icons/protocols/raydium,https://raydium.io
raydium-amm,8NkMsZ1E7vctwtp2PK3u3mLufQNq8VCTQediQz2Pioyv,XMR-USDC,34.04,34.04,0.0,13290,,1e8992d4-7092-4ad4-8fe7-69f00109cd0d,0.0,0.0,0.0,https://icons.llamao.fi/icons/protocols/raydium,https://raydium.io
orca-dex,2B8DWvMRMrhYqK32b8jhQZemtA8MZ1e38tpz14mnw7BY,ARC-COINOMI,14.22644,14.22644,0.0,13282,,7137e0e3-c2d8-4bb4-98e6-a7d021330b8b,7.73199,9.3181,6.77633,https://icons.llamao.fi/icons/protocols/orca-dex,https://www.orca.so
raydium-amm,HLooxriTsiz9AMPWkF6WVJpCCVvGK1xjdtdxDsACn1rE,TRX-USDC,35.3,35.3,0.0,13270,,00c55721-6726-4254-9ed1-2e0077df4be6,0.0,0.0,0.0,https://icons.llamao.fi/icons/protocols/raydium,https://raydium.io
raydium-amm,9apwDdRFizo1KgESTyHjZoSpcSpKcwsL2LwXdPQ4pxCP,DOGE-USDC,44.69,44.69,0.0,13265,,27420989-5afa-4fa1-a1ca-4bdeefa00d6b,0.0,0.0,0.0,https://icons.llamao.fi/icons/protocols/raydium,https://raydium.io
raydium-amm,7wuqRu4nojK46e17jZV9JG6PNyoVj9uKqnMjgqf9roDi,ENA-USDC,39.29,39.29,0.0,13263,,76a7ab18-b85e-4b47-b32e-9d3fc92312bc,0.0,0.0,0.0,https://icons.llamao.fi/icons/protocols/raydium,https://raydium.io
raydium-amm,HsSpMiQdZc7yRE9xr4VaCu9YnLtCRpyJFoUkFn7XzZci,FOR-USDC,44.43,44.43,0.0,13262,,0259fa2a-e2b8-4fe5-ab51-f6a725e94087,0.0,0.0,0.0,https://icons.llamao.fi/icons/protocols/raydium,https://raydium.io
raydium-amm,2FBX8JWX2mr94qNCZhQLWF5jzeyYSaKnQWo2nbynnM9B,WSOL-C,3.13,3.13,0.0,13256,,003d8d73-0032-4aa8-86cd-63ea89eb9325,0.0,-3.14,0.0,https://icons.llamao.fi/icons/protocols/raydium,https://raydium.io
raydium-amm,ChGRs3mJatAuhxAe5AgpQmcP8PtH6zJqUrcz5dgGe3X2,WSOL-ELIZAOS,736.98,736.98,0.0,13252,,d690dad0-3c0b-40f0-a598-b8b065f6e759,-288.03,667.81,133.95,https://icons.llamao.fi/icons/protocols/raydium,https://raydium.io
raydium-amm,3kQo5U7PjhDdeJ8d2tdj7gYvxBme4bYvuCojRewv8pQS,WSOL-OUTDOTETH,11.66,11.66,0.0,13241,,694a964e-9f8f-47de-9685-c8cefe8dbb08,-4.4,0.0,0.0,https://icons.llamao.fi/icons/protocols/raydium,https://raydium.io
raydium-amm,HMWSMe7PVmwmiRccbTW14BkKj54x3XESgBgqAshTutaA,BIO-$RIF,4.12,4.12,0.0,13233,,94d142d7-3d27-4d09-93dc-d35e1cea418d,0.0,0.0,0.0,https://icons.llamao.fi/icons/protocols/raydium,https://raydium.io
kamino-lend,FPAwg5jadDs8AvUtvtAbit2RCZdkZES6yY5X6nCSuEw9,KSOLMSOLRAYDIUM,0.0,0.0,0.0,13221,,167fec93-517a-497f-83f9-b57dbb83bc08,0.0,0.0,0.0,https://icons.llamao.fi/icons/protocols/kamino-lend,https://kamino.com/
orca-dex,,DUCK-USDC,0.0,0.0,0.0,13220,,8ce71403-5ece-57bb-9020-bc4544f20580,0.0,0.0,0.0,https://icons.llamao.fi/icons/protocols/orca-dex,https://www.orca.so
raydium-amm,8dsGRxrUmTBAwPCpnRTtJeJjBHQ1RQi1Yn1TivpbFtCP,WSOL-ELONCOIN,20.51,20.51,0.0,13204,,6fcfc7f9-a1cb-4926-8df8-2ca543ccc0ec,0.0,0.0,0.0,https://icons.llamao.fi/icons/protocols/raydium,https://raydium.io
raydium-amm,3AL3Vz8JsuPsVAr77JJhL5WhjuSnLMCSEt1hbbyaFUJy,WSOL-LONG,4.81,4.81,0.0,13176,,feb16a32-7cc3-4c87-b389-e8a7eb8818e0,0.0,0.0,-3.57,https://icons.llamao.fi/icons/protocols/raydium,https://raydium.io
raydium-amm,8fXPx6bqCne9Tg7apLBGJ3XJFjwkMU6se5NaFAenBkoF,WSOL-RTA,4.09,4.09,0.0,13159,,3d4be99a-0689-4bfe-b0a1-b1b0a47f800c,0.0,0.0,0.0,https://icons.llamao.fi/icons/protocols/raydium,https://raydium.io
raydium-amm,3zeV1VSP4hNUS2BNS2XoXHUVxj29j68ArApUPpG4eYjR,WSOL-BUDI,6.76,6.76,0.0,13140,,39609ab8-19fc-4240-83e0-8f348f05b982,0.0,0.0,0.0,https://icons.llamao.fi/icons/protocols/raydium,https://raydium.io
raydium-amm,G2pK3LZ3edPhEtauQH5qjeG36LK13DvyoAoMCfJKv3jz,WSOL-RUSSELL,4.71,4.71,0.0,13084,,bf587191-ba1f-44ed-b9d1-9c3f0c4f6b78,0.0,0.0,0.0,https://icons.llamao.fi/icons/protocols/raydium,https://raydium.io
orca-dex,HxrqS96uHco2a8LxTvUwb9e2tS963Ec6nYkvZso9TDii,SOL-GLDX,33.66498,33.66498,0.0,13079,,00407bf1-b584-4019-b106-0c8d35a5ebb0,0.66077,0.0,-63.51987,https://icons.llamao.fi/icons/protocols/orca-dex,https://www.orca.so
raydium-amm,FqfttpudzsmLbnx6jR5FBpqJCJxQuvT8tAS2ma68HHQe,WSOL-HELLO,3.63,3.63,0.0,13055,,119bb0ce-a1e1-4926-be8f-9cae1f72bd6a,-1.35,0.0,0.0,https://icons.llamao.fi/icons/protocols/raydium,https://raydium.io
raydium-amm,GWoyibNK6zWgAsbUTWxkiT9E7CC6yWKxfAQgSoPmj5gk,WSOL-TERMINUS,3.85,3.85,0.0,13044,,5b1a2601-0f3e-4107-b837-1e24439b2d5d,0.0,0.0,0.0,https://icons.llamao.fi/icons/protocols/raydium,https://raydium.io
raydium-amm,7XCBuEdrYzpfiv9vBbNBi4dKu5iKigj9jTTe35CviEqJ,BTC-USDC,3.59,3.59,0.0,13025,,873f5e47-90de-4876-9365-88e87e91db65,-1.57,0.0,-14.12,https://icons.llamao.fi/icons/protocols/raydium,https://raydium.io
raydium-amm,6s9xrxi15qEAZeqGbmgC1DRkRdFTPkVx9uRb1CJRhRsx,USDC-FDUSD,47.67,47.67,0.0,13025,,eab2cbff-c55e-5a60-9723-800affeafb94,0.0,0.0,0.0,https://icons.llamao.fi/icons/protocols/raydium,https://raydium.io
raydium-amm,4YFmtd3rGqCywAt4KnYZT6iArfyEAZqi4Ggaq9kWxY6S,LENIS-WSOL,3.82,3.82,0.0,12985,,6daa83a8-e133-597d-8f45-99156f927aea,0.0,0.0,0.0,https://icons.llamao.fi/icons/protocols/raydium,https://raydium.io
raydium-amm,7Xhdn6CrMNSPTpRPMYc7czVFBPm2czSoxrKbtNBAiy6e,BOOPA-WSOL,14.72,14.72,0.0,12979,,afc9f229-7a60-40b9-a58c-78d8df8e7fa7,0.0,2.42,0.0,https://icons.llamao.fi/icons/protocols/raydium,https://raydium.io
raydium-amm,DkKfrgQuW2MRhefNs8uUjXzGRTtMsonrRtESANKUXGg4,WSOL-HAROLD,4.23,4.23,0.0,12976,,5646a5be-539e-4f54-812a-ddeb18fea589,0.0,0.0,0.0,https://icons.llamao.fi/icons/protocols/raydium,https://raydium.io
kamino-lend,Q5av3wh8j9KCqSjs9njUdsPhrMSKBCUyr4VyUndUUFA,USDG,4.26608,4.26608,0.0,12974,,1846e918-4857-47a0-b8e2-d5df89e98a56,0.0009,1.88957,1.63234,https://icons.llamao.fi/icons/protocols/kamino-lend,https://kamino.com/
raydium-amm,9sU9jNWhLa8sKSvfakvNq6y59BhZgJSAAwsMi2MquLHu,XLM-USDC,37.33,37.33,0.0,12955,,51eb5524-9f12-4f4b-b0bb-555e18c42bcf,0.0,0.0,0.0,https://icons.llamao.fi/icons/protocols/raydium,https://raydium.io
raydium-amm,5g1XDANs7JVmYY5Qg8S7aYVigZEgDHfqhmGPRsAq2Y5D,UATF-USDC,46.27,46.27,0.0,12888,,7777274a-ff0a-49ce-becc-ea9547168bc3,0.0,-0.12,0.0,https://icons.llamao.fi/icons/protocols/raydium,https://raydium.io
raydium-amm,SaSvP232sdrqtvmKCFiyfFtZWmK2SNKDTL17zMRT66V,CHIP-USDC,46.74,46.74,0.0,12887,,f26b52dc-3148-44f1-aa7b-dc322aaa83f6,0.0,0.0,0.0,https://icons.llamao.fi/icons/protocols/raydium,https://raydium.io
orca-dex,2V3spcnWoKhtz8ovPcvbQL997CqQPkXLDx3HH4CZinMC,USELESS-COINOMI,10.04272,10.04272,0.0,12875,,e76a52ab-ed8c-505f-968a-9c61600d0777,-2.20892,-6.02287,0.0,https://icons.llamao.fi/icons/protocols/orca-dex,https://www.orca.so
raydium-amm,DxVSVREMYuysA7PsZk76wDhjJuuKE7fdt3uYTKX4fank,MEOW-WSOL,5.34,5.34,0.0,12865,,5e394067-73ea-43a6-8ae3-4e6ba05ca4bb,0.0,0.0,0.0,https://icons.llamao.fi/icons/protocols/raydium,https://raydium.io
raydium-amm,D6ozS87rMDQuXgsxK7swfyQZTmQw5rVfaHTHCnDjCwQg,WSOL-ROGEN,4.68,4.68,0.0,12864,,a9295e6f-1563-44cb-98ed-854f725211ae,0.0,0.0,0.0,https://icons.llamao.fi/icons/protocols/raydium,https://raydium.io
raydium-amm,bKr6d1L34sa7jt88PAK7sjpeotgs9cZyRtcQNRDRe2L,WSOL-GARI,4.79,4.79,0.0,12822,,5cd67f11-e213-4cdb-ba05-3cbb42ef10b4,-9.79,-15.64,0.0,https://icons.llamao.fi/icons/protocols/raydium,https://raydium.io
raydium-amm,99ZRz2EtGzwzCRSsUeYvJKtwsqDoCbmY45R4ZbFjTJV9,BTCS-WSOL,3.35,3.35,0.0,12812,,65a1b389-9bde-4eb7-91af-46402a8293f8,0.0,0.0,0.0,https://icons.llamao.fi/icons/protocols/raydium,https://raydium.io
orca-dex,5HdyTj1r6imCiNefJy4nXzDv3bDh7gF17rjHe4pptv1L,SHARK-USDC,3.18685,3.18685,0.0,12797,,d65506ea-4065-4684-a2ad-e7c66baad55a,1.36797,1.42758,-0.80676,https://icons.llamao.fi/icons/protocols/orca-dex,https://www.orca.so
orca-dex,AKK7dQA8tDWVS6e6ABhV7BNtCYvZRnhFa2ZNWcnoBRFj,BORG-COINOMI,0.82406,0.82406,0.0,12765,,094aae4b-2700-47db-a154-76a3f8ed83f5,0.37328,-0.10023,-3.99992,https://icons.llamao.fi/icons/protocols/orca-dex,https://www.orca.so
raydium-amm,HQ8tEp9ePUNP1B4RaKgBUi8mACcbuTNwrWFX1NbxYLM2,WSOL-FA,4.1,4.1,0.0,12730,,ff24a9ac-4ba5-4d7e-96c9-e807ba5ae638,-0.51,1.08,-3.94,https://icons.llamao.fi/icons/protocols/raydium,https://raydium.io
raydium-amm,6req4YsWHo5c5t6L5iu3CGKoLvDktvyMAwzeGY81jq9d,WSOL-DUCK,5.21,5.21,0.0,12730,,b14fc986-a7e4-5a65-a829-a9c654e462af,0.0,0.0,0.0,https://icons.llamao.fi/icons/protocols/raydium,https://raydium.io
project-0,HDYFgNRTFL2tVwGyAHaTr4SW7Y7riXjew48qKLHgi8es,XBTC,0.00012,0.00012,0.0,12727,,0ca27c01-9f23-4c6f-9222-38d5bfb8dabc,0.0,0.0,0.0,https://icons.llamao.fi/icons/protocols/project-0,https://app.0.xyz
raydium-amm,3nYtfzvrkGWUdZi9JRdQbVfKd3Nkc3NBnEFrGEhBR7CL,WSOL-ANSEM,20.15,20.15,0.0,12722,,111e6511-ceab-4dd2-bcf5-90a4cc022c4b,14.43,12.2,-301.56,https://icons.llamao.fi/icons/protocols/raydium,https://raydium.io
kamino-liquidity,4jQtJnWSqPxnPxhD7xyPsvXwm3LKeC4wDgmZt1ks1pj3,PYUSD-USDT,0.0,0.0,0.0,12690,,6edcbfbe-30fd-4b36-a9d0-020d6333514f,0.0,0.0,0.0,https://icons.llamao.fi/icons/protocols/kamino-liquidity,https://kamino.com/liquidity
raydium-amm,EorkgG1rczxdTeQZddM1kmxeLWP2CvKYfLdnzkE4vVPs,BBBY-WSOL,3.91,3.91,0.0,12658,,829b953f-dd62-4b70-8631-14281797a21d,0.0,0.0,0.0,https://icons.llamao.fi/icons/protocols/raydium,https://raydium.io
orca-dex,Eeqkx3xEsX9EqKNdngc6ikFEb3ATuqfQrU3USaXyViRg,GROK-USDC,0.0,0.0,0.0,12636,,d2e6c1ef-e3a4-51fd-8f48-e2a770430c73,-0.00264,0.0,0.0,https://icons.llamao.fi/icons/protocols/orca-dex,https://www.orca.so
orca-dex,3UHti3HvALJTEyLxBtLYDnQEVuey3QHaZDPssMvRtPjS,IVAN-USDC,0.00681,0.00681,0.0,12632,,20b4de75-b90a-4352-b036-02c1c508553d,0.00363,0.00317,-0.00744,https://icons.llamao.fi/icons/protocols/orca-dex,https://www.orca.so
raydium-amm,9f6eDcAavBxbXnJXgZKNTfPt23dMKgqG9YG76CyRL4tk,WSOL-ANIME,38.07,38.07,0.0,12618,,2051cd39-ed5a-5947-9594-945208b6da36,-83.58,0.0,0.0,https://icons.llamao.fi/icons/protocols/raydium,https://raydium.io
raydium-amm,7M8zS6CctCmZdii2MeGZKnuE4FcwiFhpJRJonwY7YBFa,QUBIC-WSOL,2.71,2.71,0.0,12595,,026a6532-b17f-41fe-b330-0c7ef7ce8be2,0.0,-4.33,0.0,https://icons.llamao.fi/icons/protocols/raydium,https://raydium.io
raydium-amm,FfJxYr6WvPJM9nAX4s4mfQRd1eCSTsP9CXZXDXHW9RqQ,XAUT-USDC,39.37,39.37,0.0,12592,,a2281641-065b-4b1e-993b-4c186d235fae,0.0,0.0,0.0,https://icons.llamao.fi/icons/protocols/raydium,https://raydium.io
save,8kd8cDJEioKFXckK8tP2FHNSQLDGguCFj5Vy1vK5eDGV,SOL,0.18,0.18,0.0,12591,,db9dbef8-092c-42d4-8b0d-8febbfe3ac36,0.0,0.0,0.0,https://icons.llamao.fi/icons/protocols/save,https://www.save.finance/
raydium-amm,DxhBEuAYvsq9FRLTVWWAuuf38FnBDqwcxRXUzcgZum19,USA-USDC,36.91,36.91,0.0,12581,,ede23a3f-9d00-47c9-acbe-70249a345834,0.0,0.0,0.0,https://icons.llamao.fi/icons/protocols/raydium,https://raydium.io
raydium-amm,H2u3q56cETnPvWZW8bKreMzPkb3WB4rAPKEG2isAhmbf,WSOL-CASINO,3.86,3.86,0.0,12575,,54187817-7ce5-48d1-8b5a-d2ea3076c7a3,0.0,0.0,0.0,https://icons.llamao.fi/icons/protocols/raydium,https://raydium.io
raydium-amm,EEcpJmaou3KE6PnUMmAj9JQhyysR14ZW1rQwa6efMRu9,XRP-USDC,36.25,36.25,0.0,12572,,b0563bfc-20f5-41cd-a411-5d2f5c3d3a29,0.0,0.0,0.0,https://icons.llamao.fi/icons/protocols/raydium,https://raydium.io
raydium-amm,44h1WcAoxTdAnijLhckbfFF5q67mpqGsA6LB2TBY1nrV,DASH-USDC,37.59,37.59,0.0,12571,,3002b5f1-ffd5-4ff7-a40c-a4070a2a4b13,0.0,0.0,0.0,https://icons.llamao.fi/icons/protocols/raydium,https://raydium.io
raydium-amm,7hgjv2SETqUi1Br51kjZZUFn8uGGPuVEREQrYjExQ6Ek,FOUR-USDC,46.88,46.88,0.0,12570,,e3e58f0a-e9bd-426e-b789-a56ffe93ffe8,0.0,0.0,0.0,https://icons.llamao.fi/icons/protocols/raydium,https://raydium.io
raydium-amm,5qdGTm5Q7sztcM99S75mjC71h1y6RHAjAG3XfcJ85Y9q,WSOL-LOOKSMAX,2.61,2.61,0.0,12564,,f0297d1f-b091-485f-9f66-70e14a60f883,0.0,-2.54,0.0,https://icons.llamao.fi/icons/protocols/raydium,https://raydium.io
raydium-amm,CdoauVAXh8GD8Cg1zCN7WLBjebNRyVVPs8zts2Zw2icV,WSOL-IYKYK,4.61,4.61,0.0,12561,,3043946a-6ec6-5b46-b3db-f18dee0cf199,0.0,0.0,0.0,https://icons.llamao.fi/icons/protocols/raydium,https://raydium.io
raydium-amm,8J5fa8WBGaDSv8AUpgtqdh9HM5AZuSf2ijvSkKoaCXCi,UNI-USDC,8.98,8.98,0.0,12547,,a303bcf6-b774-420a-8955-196a237cd2a9,-6.03,2.48,0.0,https://icons.llamao.fi/icons/protocols/raydium,https://raydium.io
raydium-amm,549aknNCvxbiqmikS6sAnY6Dbg37MeENWn6ZFBfc7sin,WSOL-CAPRICORN,2.68,2.68,0.0,12531,,b25b243c-4b44-4dff-baa3-2431014d765f,0.0,0.0,0.0,https://icons.llamao.fi/icons/protocols/raydium,https://raydium.io
raydium-amm,7AoYbBq7hjBpv7hq6DZwwt922BMLbhmqUQvhWvr1pPx2,MSG-USDC,5.29,5.29,0.0,12507,,e041721c-aaf4-46d4-9786-15d47c195f24,0.0,0.0,0.0,https://icons.llamao.fi/icons/protocols/raydium,https://raydium.io
raydium-amm,7YTniE16mzq7vcAAZ52oguBGU3NhFF49LuypVt5E8jKZ,WSOL-PIZZA,0.13,0.13,0.0,12493,,7eec1e28-26b9-4b19-98f8-1a3aad685b6c,0.0,0.0,0.0,https://icons.llamao.fi/icons/protocols/raydium,https://raydium.io
orca-dex,2MgvHxqEosoLtcJGKZcN4ouCVZVZ2qVFb6SZzyeWfdjF,SOL-AURA,5.09193,5.09193,0.0,12491,,153f9337-5a1a-49a9-a541-bf643d8996c3,4.64006,3.81872,-0.49242,https://icons.llamao.fi/icons/protocols/orca-dex,https://www.orca.so
raydium-amm,4GhqgtbCADa2UHjvAfhLvVKpE1g1uDpoBbEEZ1UnNPwu,WSOL-DORO,3.64,3.64,0.0,12490,,e54bbc31-2192-4a4e-a640-7d8ea2561b24,0.0,0.0,0.0,https://icons.llamao.fi/icons/protocols/raydium,https://raydium.io
raydium-amm,DF9syhP9QEVcW4ztavQce4PzUnzLGhHbcZLPWZ9Ht3Ld,GDNR-USDC,47.08,47.08,0.0,12461,,25a0379d-7373-4c37-a0d1-5bc896a64274,0.0,0.0,0.0,https://icons.llamao.fi/icons/protocols/raydium,https://raydium.io
raydium-amm,6vN74tNxL3oBwGm1nna5AvfNUtZcUrgpMQaBHy76AGGA,RIDLE-USDC,19.91,19.91,0.0,12451,,34b32e1e-0c1a-516e-902b-00f02ce1f639,0.0,0.0,0.0,https://icons.llamao.fi/icons/protocols/raydium,https://raydium.io
orca-dex,2MgvHxqEosoLtcJGKZcN4ouCVZVZ2qVFb6SZzyeWfdjF,SOL-AURA,8.84138,8.84138,0.0,12438,,ee48e6f6-830a-418a-b37f-9d821ab35ad4,4.81345,8.26582,-5.32176,https://icons.llamao.fi/icons/protocols/orca-dex,https://www.orca.so
raydium-amm,6YGvuv48jmViCH9MxVTNJMJDnEg6YDyx9WbH5HRMmsPw,WSOL-ABTC,9.52,9.52,0.0,12434,,4db8d2a7-7fe7-4df8-a0d9-8987ca56660b,0.0,0.0,0.0,https://icons.llamao.fi/icons/protocols/raydium,https://raydium.io
orca-dex,58enYHWqG7b3my9NKKUCcXD8eUhaBBkjhZPYw4YYgGDq,CHEX-USDC,0.0,0.0,0.0,12397,,c70326cf-09ae-4fd1-8f9a-0f172affbee5,-0.029,-29.75993,0.0,https://icons.llamao.fi/icons/protocols/orca-dex,https://www.orca.so
raydium-amm,7v9YR5T65r1SpHKiCfaogQFvda1boewsob1HR2HXxC5W,TBB-USDC,2206.13,2206.13,0.0,12386,,71020a55-0121-5724-bd09-6a982758777c,-216.2,1015.14,0.0,https://icons.llamao.fi/icons/protocols/raydium,https://raydium.io
raydium-amm,H6tqu2gHcMxgRQjyNXSyzn2Xcsagmfm9wADRx3fFU2xG,XRP-USDC,42.36,42.36,0.0,12366,,31312f27-2b85-49a4-8d50-e6defebb7fd5,0.0,0.0,0.0,https://icons.llamao.fi/icons/protocols/raydium,https://raydium.io
raydium-amm,3ZbtieoKXDvbHsYC9KKjqRAFtW4TSnq5cWc2WmEQBsB7,CHZ-USDC,34.44,34.44,0.0,12365,,9d0fc1e0-224b-40e7-ac9d-be5138d47b20,0.0,0.0,0.0,https://icons.llamao.fi/icons/protocols/raydium,https://raydium.io
raydium-amm,28UaRBYtMdPFuYGU9YoSfESUGzQhGJBLyS4DxvweirhE,WSOL-POLU,4.69,4.69,0.0,12360,,2facc3d5-aa35-5a62-b0e9-fc9f682e5da2,0.0,0.0,0.0,https://icons.llamao.fi/icons/protocols/raydium,https://raydium.io
raydium-amm,68ofAMk2r7ngvnD9fpp2QbyBQFUM7pAtm2cRTvQssBuV,USDC-BEE,38.67,38.67,0.0,12360,,12eed83e-1b86-56de-bd69-4256e5b6b8a3,0.0,0.0,0.0,https://icons.llamao.fi/icons/protocols/raydium,https://raydium.io
orca-dex,7rCWunLK7a2uLYog5e79Nxz5gfXptJaotjBuqv29JKz,JLP-WBTC,0.0,0.0,0.0,12359,,0ee2707a-746f-4ab7-9eb4-b5e7af658489,-0.00186,0.0,0.0,https://icons.llamao.fi/icons/protocols/orca-dex,https://www.orca.so
raydium-amm,6rgD7bmJM19XVPCA7EHKdymJ5mBBLJbETSc7sRJLskfJ,LUNC-USDC,43.57,43.57,0.0,12359,,ee49abd7-9115-5d7b-9ad7-f1019b564978,0.0,0.0,0.0,https://icons.llamao.fi/icons/protocols/raydium,https://raydium.io
raydium-amm,66AXmqyLVrAf96U3Mhn7hL2BzjPBWr9EpE4ryU9GArhT,EDEL-USDC,36.1,36.1,0.0,12356,,ae5f48ac-c185-4729-8292-582b4242e3f7,0.0,0.0,0.0,https://icons.llamao.fi/icons/protocols/raydium,https://raydium.io
gmtrade,7HPU75j2rNV5RPRQPVN6mQ7sfgWgszBzmVYmAohf7PKN,WSOL-USDC,39.45395,39.45395,0.0,12340,,74ab4a60-4df7-4c99-8ed6-ce2d50921f6b,-7.41995,-2.46706,30.82024,https://icons.llamao.fi/icons/protocols/gmtrade,https://gmtrade.xyz
raydium-amm,HDqnZQk6HskaLpgwutAaBfYeZDCLJXEMRf3GB1kEbvhk,NUSD-USDC,0.11,0.11,0.0,12337,,a302abc5-cfcd-5793-9f9f-2be01b8ff953,0.0,0.0,0.0,https://icons.llamao.fi/icons/protocols/raydium,https://raydium.io
raydium-amm,9FnScmaMqQBAc5ENg9CG4tk4su2JrGG5MYUHcq88CC2x,FIGHT-ISD,66.53,66.53,0.0,12334,,d7f7ef66-3de7-41e1-995a-cab30bb15d97,0.0,0.0,0.0,https://icons.llamao.fi/icons/protocols/raydium,https://raydium.io
raydium-amm,H3qMpQnUiod9qfEMZL84nvoYd2pXrscHA6NQAb6icwxD,XOMX-USDC,14.93,14.93,0.0,12327,,17bea012-f21f-4861-8c26-26702116f0de,-15.26,3.15,0.0,https://icons.llamao.fi/icons/protocols/raydium,https://raydium.io
raydium-amm,2B8txTXKWwDvhMv6eWi5nBACSKLVvT9PNJmMxXuGe2EV,WSOL-FCP,4.99,4.99,0.0,12309,,9c064595-9e82-4b84-9d1e-1fe9713b2235,0.0,0.0,0.0,https://icons.llamao.fi/icons/protocols/raydium,https://raydium.io
raydium-amm,DJgsUmsvKjNEArTPCtt73ZZuVAGm5rCrfzYTyC8ShjP,WLKN-WSOL,0.18,0.18,0.0,12309,,90ed8c65-e27e-4dea-ae58-4e463b745ede,0.0,0.0,0.0,https://icons.llamao.fi/icons/protocols/raydium,https://raydium.io
gmtrade,7HPU75j2rNV5RPRQPVN6mQ7sfgWgszBzmVYmAohf7PKN,WSOL-USDC,6.01099,6.01099,0.0,12303,,b5801432-6612-410e-b72d-b0c41eb3743e,-2.60063,2.63392,0.0,https://icons.llamao.fi/icons/protocols/gmtrade,https://gmtrade.xyz
orca-dex,BarpnVGpz5mQ5z9H5ZsByp88srDksveV8tqngFdCjAu3,ETN-USDC,0.0,0.0,0.0,12270,,a8eecbcd-98c0-49ae-ad7a-3373e07de725,0.0,0.0,0.0,https://icons.llamao.fi/icons/protocols/orca-dex,https://www.orca.so
raydium-amm,FHZfpXSzm1XrgUQQs9JrqDT3o4QS4M6ebV2wX2YLtRZ8,-USDC,46.1,46.1,0.0,12260,,2f62d0b1-4ecf-4183-b61b-60ca9a00f221,0.0,0.0,0.0,https://icons.llamao.fi/icons/protocols/raydium,https://raydium.io
raydium-amm,9ijcXpz8UcugNkcs3KpBmZcLQzTrhzNqgnaNFoNRWKxT,WSOL-KIMI,4.52,4.52,0.0,12236,,8e3bddab-9077-4cdc-bb2d-abef26bf5e7f,0.0,0.0,0.0,https://icons.llamao.fi/icons/protocols/raydium,https://raydium.io
raydium-amm,4UPzyXL1wSy3A3ur4bfvKLKVzKs8nH873fC4DVuaoQGP,PEPE-USDC,47.93,47.93,0.0,12221,,ee7aedda-a5bd-4aae-bbfe-1be49284214d,0.0,0.0,0.0,https://icons.llamao.fi/icons/protocols/raydium,https://raydium.io
orca-dex,8BqZ5UFtX8DZgPCnMQkqVfX4dPXE6beD1xV7rWUM55HZ,USDC-BARD,0.0,0.0,0.0,12185,,2ccc32ac-1adb-4e67-8b47-ba1f0dca16a3,0.0,0.0,0.0,https://icons.llamao.fi/icons/protocols/orca-dex,https://www.orca.so
orca-dex,8RY1NYrK9sa8YyF7DyaxFzzPoBokbt7XHWHoCGgUDCi1,SOL-UPT,2.53922,2.53922,0.0,12165,,5616ba38-d774-4373-9970-f8c8604cc30f,1.51364,2.46803,-0.93188,https://icons.llamao.fi/icons/protocols/orca-dex,https://www.orca.so
raydium-amm,9hba76HARjuE9Mmtx5duLA5T3fk6nuHMptG4zHA84Ha,LEO-USDC,48.47,48.47,0.0,12159,,c346f2e5-2ce3-4b8b-abfc-bdf809d7e87e,0.0,0.0,0.0,https://icons.llamao.fi/icons/protocols/raydium,https://raydium.io
raydium-amm,E26CDketsFtmHu7HrAttTCfRdCgQbcnxAHcM3ZvbEg1r,ADA-USDC,43.18,43.18,0.0,12155,,c5603de7-a36f-41c1-9f0d-2a6c5a94d14a,0.0,0.0,0.0,https://icons.llamao.fi/icons/protocols/raydium,https://raydium.io
raydium-amm,C3GRjM1i7H8yycDBTp3wDpgdt8kEaJ5Fhn8tWZAj3p6d,ADA-USDC,37.91,37.91,0.0,12155,,d42b49a4-a616-42ea-bff6-0b34f00243c1,0.0,0.0,0.0,https://icons.llamao.fi/icons/protocols/raydium,https://raydium.io
raydium-amm,7BNBoZ9RpAQiPkbNu88iF8TPCXoQnYZAQfah4XiPmEPK,BSV-USDC,46.88,46.88,0.0,12153,,1ebbf8b6-3e32-4235-8ca0-e89d52307834,0.0,0.0,0.0,https://icons.llamao.fi/icons/protocols/raydium,https://raydium.io
raydium-amm,D9vrqRtSsZKYW5b89B6dwYJE1gZCV4YaSAtqzjz5KPAt,BNB-USDC,41.66,41.66,0.0,12153,,dd4100af-63eb-4d5f-8842-a99941f6dc5a,0.0,0.0,0.0,https://icons.llamao.fi/icons/protocols/raydium,https://raydium.io
orca-dex,77fVf4PQueEjj6NCGkBwpMvPWcZ3V7ipBJhJjNF2svZ,USDC-FTRX,0.0,0.0,0.0,12153,,16f03216-5fa3-493f-bd26-5a5b039e0dbc,0.0,-0.00729,0.0,https://icons.llamao.fi/icons/protocols/orca-dex,https://www.orca.so
raydium-amm,F5g1bCpsUt9CknMpH9tnZqnGH653HXMen9p3QBoCmqPW,USDC-ETH,41.59,41.59,0.0,12146,,183ae6ba-c0b5-49c8-b67f-5dce1c0a6517,0.0,0.0,0.0,https://icons.llamao.fi/icons/protocols/raydium,https://raydium.io
orca-dex,CGR9aLhsKSNsPf9c3714zevrGqKWfAXJP4SeNEEYbJ2s,ORE-COINOMI,0.93103,0.93103,0.0,12134,,7359adad-70e1-4f8b-8af0-80261a2710c3,-3.3563,-2.13975,-17.89175,https://icons.llamao.fi/icons/protocols/orca-dex,https://www.orca.so
orca-dex,BxtGdj3CqvYZTNKuTwADZ5RyNS7mRAwBEEXFk4h9orPD,SOL-GUN,5.31029,5.31029,0.0,12125,,d13c23d7-d836-4894-bfad-28fe3f473146,3.87148,3.18966,-2.29404,https://icons.llamao.fi/icons/protocols/orca-dex,https://www.orca.so
raydium-amm,8b73ueUkSBWHMFqUsmPDvDj8UPtBBotU6v52kuh7BgTA,WSOL-UFO,3.76,3.76,0.0,12116,,6aeb3e86-dd1e-4c98-8dae-f104bd704d3d,-0.67,0.0,0.0,https://icons.llamao.fi/icons/protocols/raydium,https://raydium.io
raydium-amm,4KfVQvahudh3rKY1tGRQt4YaU6VTv9WW1k35Mg9XZBf4,WSOL-AMATO,17.22,17.22,0.0,12114,,611d67b4-976d-48f3-b6c7-7d1fa7ea802b,-0.25,0.0,-32.16,https://icons.llamao.fi/icons/protocols/raydium,https://raydium.io
raydium-amm,EV5ton6Sb8jwQ4E7TpRpBZgJyKetBpQz1SShrDvCxNHR,WSOL-UNITREE,3.8,3.8,0.0,12098,,e94a91e4-6e23-4b67-ae70-4aed6fac9a80,0.0,0.0,0.0,https://icons.llamao.fi/icons/protocols/raydium,https://raydium.io
raydium-amm,GrnyZgBruaqEN1QqPeufP6wr7QTh3yJaka1AoiKEjvBw,TRX-USDC,35.08,35.08,0.0,12077,,10ec8bd2-8a82-4f2d-938b-90dd5630b072,0.0,0.0,0.0,https://icons.llamao.fi/icons/protocols/raydium,https://raydium.io
raydium-amm,GuJqQyNc7ysYkV9aQV2dDTQ3zcVYRQjunHYiHQX6UAJW,OCT-USDC,41.92,41.92,0.0,12076,,43d03696-ff66-45de-8b2c-2848c74d7959,0.0,0.0,0.0,https://icons.llamao.fi/icons/protocols/raydium,https://raydium.io
raydium-amm,ETJdVzX8Xnkk7FQxoLZ1Ej3exro1uxkEjQPJFBimNdwD,AAIF-USDC,47.22,47.22,0.0,12072,,9ee60522-54c9-49a3-a6a0-06dcceaa02ea,0.0,0.0,46.72,https://icons.llamao.fi/icons/protocols/raydium,https://raydium.io
raydium-amm,DKhELAXeskq5V7rzGknxoW5qAjYZtwSFdNSwnaFYzns1,WSOL-$VETT,54.56,54.56,0.0,12057,,37d4cb94-2ad4-40e6-bf25-a9ba2b70003e,0.0,-73.1,0.0,https://icons.llamao.fi/icons/protocols/raydium,https://raydium.io
raydium-amm,F3KJ1fyP9H6UH69JsGGM2UTQo8U3QQvEUEMTessDMcSX,USDC-ADA,45.66,45.66,0.0,12052,,7a225249-633d-4056-aafc-32d16534e6d4,0.0,0.0,0.0,https://icons.llamao.fi/icons/protocols/raydium,https://raydium.io
raydium-amm,GVNtkSoMWU8p1nKSELBQ3TX4RozZGpvA2tnYNgmJj81Z,WSOL-BQT,86.87,86.87,0.0,12051,,91092063-d48c-456c-bee3-a6ada7b78dfb,-56.11,0.0,-286.69,https://icons.llamao.fi/icons/protocols/raydium,https://raydium.io
raydium-amm,BMSZb5S8tCn2xWG75FwVEs2RXvA1C35L5z9vn7CbBWQQ,USDC-FOUR,41.9,41.9,0.0,12046,,c9142202-8d98-430a-9cfc-aa4b0a501990,0.0,0.0,0.0,https://icons.llamao.fi/icons/protocols/raydium,https://raydium.io
raydium-amm,DBuS7cmEYLCU9g2f8HSGnpoH5knCv72NeLCqRFP7uo8W,XVG-USDC,49.24,49.24,0.0,12046,,915e368e-1925-49a1-b73e-2c722b55a8c2,0.0,0.0,0.0,https://icons.llamao.fi/icons/protocols/raydium,https://raydium.io
raydium-amm,A2pWUaymmYGz3P9a2dPa5oM9PWcAJKKQKpSGGatzpURP,ENA-USDC,44.85,44.85,0.0,12045,,0c5a4674-ea20-4dab-b512-37b29f9dc4c4,0.0,0.0,0.0,https://icons.llamao.fi/icons/protocols/raydium,https://raydium.io
raydium-amm,D2u9CdTy12q1yJqHS96dXMLXCBvzqyHEhbDVeVSNebKG,USDC-HYPE,43.76,43.76,0.0,12044,,639458d7-6e0b-430c-b480-ecd73e06027f,0.0,0.0,0.0,https://icons.llamao.fi/icons/protocols/raydium,https://raydium.io
raydium-amm,98iRASsTVPhA8W7CyRy3TgqAYfjwCaZxMAyRNadnJTKn,SOL-USDT-USDC,39.19,39.19,0.0,12040,,b043802e-72a1-410a-ac98-48cb41de2727,0.0,0.0,0.0,https://icons.llamao.fi/icons/protocols/raydium,https://raydium.io
raydium-amm,B4r43w87hnKykZNoe8iMctPt7qMfcX9MJeoH7M1Awuu,ETH-USDC,49.6,49.6,0.0,12040,,e72da575-c9b4-40d0-82b3-08356eec98e0,0.0,0.0,0.0,https://icons.llamao.fi/icons/protocols/raydium,https://raydium.io
raydium-amm,DvWGMLhDJDJ7vS5xhgcD5g6RNUSpmjzFt7HqckK4T4pP,LUNC-USDC,41.69,41.69,0.0,12039,,0b7ce11e-f45b-54e1-b4c5-aaf5a43dee08,0.0,0.0,0.0,https://icons.llamao.fi/icons/protocols/raydium,https://raydium.io
raydium-amm,Ftcvuw4oYBwC93nZbp49Kz2RYM4QtrUbCHE5uQoTVk14,EOS-USDC,42.76,42.76,0.0,12036,,a4208173-3104-4aef-86d3-e0c706257146,0.0,0.0,0.0,https://icons.llamao.fi/icons/protocols/raydium,https://raydium.io
raydium-amm,Cytoh4KRKP6aDuQG96N9jqYjfcfLfCphnegr69jkvdLo,MON-USDC,45.31,45.31,0.0,12034,,0a208aee-1006-4ff7-98db-34c5a8f345b7,0.0,1.96,0.0,https://icons.llamao.fi/icons/protocols/raydium,https://raydium.io
raydium-amm,6MiYY6FsapvFkLim1jZnHWVqrrhMb2MmNE2LgobXCnQN,USDC-OSOR,44.96,44.96,0.0,12028,,291cd43a-8d03-4f92-a141-1639dc9ae1de,0.0,0.0,0.0,https://icons.llamao.fi/icons/protocols/raydium,https://raydium.io
raydium-amm,DNoHkAMVw7f3CmBCKjCPsMntgJJXt6ka4C45ziqFvAYL,WSOL-CHILLCOCK,4.21,4.21,0.0,12023,,cf280e54-076d-4f96-8893-b5995411206f,0.0,0.0,0.0,https://icons.llamao.fi/icons/protocols/raydium,https://raydium.io
raydium-amm,38wCTArzfn6GUbTbg4zxj9DtgfHRnR32v5d3Wy1yADS1,WSOL-$RSTAR,3.74,3.74,0.0,12019,,c2e55d4a-5eb8-40a0-98b0-9e8bcb524fba,0.0,0.0,0.0,https://icons.llamao.fi/icons/protocols/raydium,https://raydium.io
orca-dex,ENYEHSyduTbFN1xoSEGaLu7c1F8AqKucdscMuV5Yypy2,SOL-HONEY,68.54971,68.54971,0.0,12016,,1d219e1c-453e-413f-b8fc-233d38897442,-18.83595,0.0,28.87077,https://icons.llamao.fi/icons/protocols/orca-dex,https://www.orca.so
orca-dex,FMDEGDEHAnHtRdTGktSfdYMApg1UQRoVvmypecybhMqz,UAI-USDC,0.0,0.0,0.0,11998,,36c9c85c-e5e1-4094-93fb-ad6fddd6a984,0.0,0.0,0.0,https://icons.llamao.fi/icons/protocols/orca-dex,https://www.orca.so
orca-dex,zi5P6RkwnKj3xXCqnmQoxmVWhCUYaAc9TgVFfv471Ms,USDT-TRC0-USDC,0.0,0.0,0.0,11998,,6570387d-9135-4a74-a87b-b40732f75e8d,0.0,0.0,0.0,https://icons.llamao.fi/icons/protocols/orca-dex,https://www.orca.so
orca-dex,GFa45WTo28GvLcwz2xGUTYQgwuo25wzLwAWtnRD7PxEr,USDC-TRUST,0.0,0.0,0.0,11998,,4c0fa193-1d7e-4cb7-ba21-4bcf3d8820d2,0.0,0.0,0.0,https://icons.llamao.fi/icons/protocols/orca-dex,https://www.orca.so
orca-dex,5q1HPQRDNZ75gZchbiHPja9RPx5zXFboSWvFEt3LNFD1,MMT-USDC,0.0,0.0,0.0,11998,,e6776acf-ad4c-40b0-b112-926447ca7ae9,0.0,0.0,0.0,https://icons.llamao.fi/icons/protocols/orca-dex,https://www.orca.so
kamino-liquidity,C3X6B9XZnzZUrBK2MisUCdCjzX5Q4im3dwbetxpQkBtM,JTO-KYJTO,0.0,0.0,0.0,11947,,be35044e-a6b4-4385-a63c-2c8c1ada6947,0.0,0.0,0.0,https://icons.llamao.fi/icons/protocols/kamino-liquidity,https://kamino.com/liquidity
orca-dex,2DnFLtdgueUmwBh6PkrQnMHcTWTcAvPoH57C3jW5XxHf,AR-USDC,0.0,0.0,0.0,11945,,6bf06103-f052-44be-9a91-3312c6849009,0.0,0.0,0.0,https://icons.llamao.fi/icons/protocols/orca-dex,https://www.orca.so
raydium-amm,AHVFJELUn1AAt34ssGG1gEnQSPTX5CUYGkeCBQVHqieq,WSOL-PAGER,5.2,5.2,0.0,11943,,a2690a41-f2f9-4846-b105-93858fbeb164,0.0,1.65,0.0,https://icons.llamao.fi/icons/protocols/raydium,https://raydium.io
project-0,5syijTAMBBmdjwUgYYBvvv26zTS6YX1bYV9EdXkgYqLa,HYUSD,4.66092,4.66092,0.0,11911,,7be8dd41-3663-4efd-90d1-14bdf04416cf,1.00655,0.22644,0.0,https://icons.llamao.fi/icons/protocols/project-0,https://app.0.xyz
orca-dex,4ckF3EKvQUA3cqVJYrUXf7zMADXvKkAgMjwdZW3FF9Gu,QNT-USDC,0.0,0.0,0.0,11910,,0bb36106-ece9-48bb-838c-1072494b9864,0.0,0.0,0.0,https://icons.llamao.fi/icons/protocols/orca-dex,https://www.orca.so
orca-dex,J2HwKJJBFQEbQj3xxv5239FA5FxRv49o8zebLm1UpBjb,IOTA-USDC,0.0,0.0,0.0,11906,,3f2cab83-db5d-4bcd-9554-689f02a309f8,0.0,0.0,0.0,https://icons.llamao.fi/icons/protocols/orca-dex,https://www.orca.so
orca-dex,8MrTB4PRZmRTyKv2BeebaGmgnYA27RuVgSgLBTvNr2ka,DCR-USDC,0.0,0.0,0.0,11899,,2cbc8e93-01bc-44d0-b251-f21cff73922f,0.0,0.0,0.0,https://icons.llamao.fi/icons/protocols/orca-dex,https://www.orca.so
orca-dex,F29uUu665pFJhA9hePs3WpzMWeyJ28Km8bNt4wNWdKRN,USDC-MNT,0.0,0.0,0.0,11898,,2f3648d9-c961-4287-a041-009fe9828041,0.0,0.0,0.0,https://icons.llamao.fi/icons/protocols/orca-dex,https://www.orca.so
orca-dex,5NTogkaTAa9bj83KYxpqEKnR6Z3sxxxbebFkMbJqQPV6,ACT-USDC,0.0,0.0,0.0,11898,,ccb5ae13-36be-40d6-a833-7fdf2f9eea36,0.0,0.0,0.0,https://icons.llamao.fi/icons/protocols/orca-dex,https://www.orca.so
orca-dex,7V6vXSBtrpnStLtvKfutQxGvBaj1iR4vxtGdwrocQTxu,ICP-USDC,0.0,0.0,0.0,11898,,00e32944-6bb4-45d9-a5cc-eca1de7f38b2,0.0,0.0,0.0,https://icons.llamao.fi/icons/protocols/orca-dex,https://www.orca.so
orca-dex,En3dPWHK7u4Uk7Rxs7ecphGWjRGezy5nwXe1wFJMCLYe,DASH-USDC,0.0,0.0,0.0,11898,,0c20d949-6afc-4709-bf57-38df04ea6f6a,0.0,0.0,0.0,https://icons.llamao.fi/icons/protocols/orca-dex,https://www.orca.so
orca-dex,828kse1ToQ9SJjeGgfLwkNVUFCZH5XE8nsk7T9xJXnHP,ETC-USDC,0.0,0.0,0.0,11898,,14e76b56-d5a4-4ad5-bcd5-b61a7f7b3aa6,0.0,0.0,0.0,https://icons.llamao.fi/icons/protocols/orca-dex,https://www.orca.so
orca-dex,FLrEmznu8sbWQenSjVF1krUbpu97jBm6DABi3jjRDkW7,USDC-ALCX,0.0,0.0,0.0,11898,,d2b8d04c-022d-424c-bd31-49afa9173b72,0.0,0.0,0.0,https://icons.llamao.fi/icons/protocols/orca-dex,https://www.orca.so
orca-dex,2KfpcWzNGZqA1EawkvDFWXLavmAxWMZ5hMWkznkY98TB,OG-USDC,0.0,0.0,0.0,11898,,0894a773-84ef-4f1b-9429-d394575cb00b,0.0,0.0,0.0,https://icons.llamao.fi/icons/protocols/orca-dex,https://www.orca.so
orca-dex,65tFaBw9TAM6hfDgEKfXExHHJXLekdutXuzxJFxWDQPR,VET-USDC,0.0,0.0,0.0,11898,,b2f40995-47a1-42e4-aec1-33d51bb73a36,0.0,0.0,0.0,https://icons.llamao.fi/icons/protocols/orca-dex,https://www.orca.so
raydium-amm,H8sKhax6yiM4EDdLpwTdyEywJRJMvTQvCvHRcB8Cc2rG,WSOL-CRIOLA,81.65,81.65,0.0,11890,,6d64ec84-063e-4203-9e54-5cb798bee9d3,0.0,0.0,0.0,https://icons.llamao.fi/icons/protocols/raydium,https://raydium.io
raydium-amm,2qY19HB2FjkHV1JeQ6obWUC1Wpf5mw35jXD96x8VqvmD,DAO-WSOL,4.89,4.89,0.0,11833,,fe3e295b-9367-4d4d-abe5-37c9e50d12f1,0.0,0.0,0.0,https://icons.llamao.fi/icons/protocols/raydium,https://raydium.io
raydium-amm,7hkAEDnZdoz4m6BhVmhu6Ay2TiJw5q39skT9tePKBS1z,WSOL-CREATE,5.32,5.32,0.0,11805,,f2ff3da7-1f79-4598-a2e3-a9fd47621a68,0.0,0.0,0.0,https://icons.llamao.fi/icons/protocols/raydium,https://raydium.io
raydium-amm,FDGthz5vEuqGRy6rdxLUabJh4VvApTscdn7rmDHEBvpm,WLKN-USDC,4.66,4.66,0.0,11785,,a88927b6-158e-42f3-93d7-6ca322489465,0.0,0.0,0.0,https://icons.llamao.fi/icons/protocols/raydium,https://raydium.io
raydium-amm,CaqNsANwXUgsV1BcALfsHv2bdqMppuzVF4iZ93FpNRtM,NVDAX-IDLE,36.4,36.4,0.0,11776,,db117998-8a17-4ed0-ae68-00d4e2d35665,-56.02,-14.28,-57.42,https://icons.llamao.fi/icons/protocols/raydium,https://raydium.io
orca-dex,2gT9f6iZS9ng88i3QNodUCuYpYfx3VNbR12VXJVTEXAW,URANUS-USDC,0.00133,0.00133,0.0,11773,,5f790f1a-2714-54a4-9214-2086fc0737fc,-0.00398,0.0,0.0,https://icons.llamao.fi/icons/protocols/orca-dex,https://www.orca.so
raydium-amm,FErC1cX1tH2mGRpzfXpeAiNMe6Zu2zpQSeqteDAm9W49,BIO-$URO,4.88,4.88,0.0,11764,,d7811c5d-3c46-496f-8147-039ab2f421ab,0.0,0.0,0.0,https://icons.llamao.fi/icons/protocols/raydium,https://raydium.io
raydium-amm,2jvvmbSSSX9Kna9sg9djWhvmj4raZA9vN47ntSDgzjbf,WSOL-LOLCAT,5.02,5.02,0.0,11754,,4bc87cc1-1fa2-4020-8576-c7f10cb975d4,0.0,0.0,-5.55,https://icons.llamao.fi/icons/protocols/raydium,https://raydium.io
raydium-amm,FpHWixQ56iDdVUq5BXQFRVtokATQQ9tBikND6uvqQB6j,WSOL-HWONDER,98.76,98.76,0.0,11752,,de937aea-6be0-5ee9-8cf9-899a27ece831,0.0,0.0,0.0,https://icons.llamao.fi/icons/protocols/raydium,https://raydium.io
raydium-amm,7QG183Rvf2B7V8eDKbnSEt3Nog6B4SnW1dpFWTHmQWbv,WSOL-MORRISII,2.89,2.89,0.0,11730,,8e07c9b3-c11e-4518-b5dd-8307462e9ff4,0.0,-1.39,0.0,https://icons.llamao.fi/icons/protocols/raydium,https://raydium.io
raydium-amm,GBEzGk2bWCqbnq3A53hchFQ2ssyswMXansR1dKRnpir9,WSOL-QWEN,4.25,4.25,0.0,11727,,ed8ad45c-0c37-48f3-9018-d034e6c24011,0.0,1.83,0.0,https://icons.llamao.fi/icons/protocols/raydium,https://raydium.io
raydium-amm,GjeoEzugvhZYHyALgCLcxcLfbB52vRfz8jXFn26oNqsx,WSOL-MWOR,4.36,4.36,0.0,11725,,4bf644c7-a4a1-4207-93d7-3477589d51b4,0.0,0.0,0.0,https://icons.llamao.fi/icons/protocols/raydium,https://raydium.io
raydium-amm,8gyFfJ96qAa4YaZ8CjvjVfW2ccSxM2HTYxbnfDYyL2P2,WSOL-HVLO,4.29,4.29,0.0,11698,,1720b045-eda2-4aa3-90cd-7075d00129b5,0.0,1.57,0.0,https://icons.llamao.fi/icons/protocols/raydium,https://raydium.io
orca-dex,Daap1NkSEB3So5BwZMYHQ9xhpQCQqyb1KHVok7o1Xa6Y,SOL-THREE,381.58836,381.58836,0.0,11697,,0792e272-843a-4bd7-aa0a-499dc77d48ae,-483.63473,-521.398,0.0,https://icons.llamao.fi/icons/protocols/orca-dex,https://www.orca.so
raydium-amm,GmP5AcPGGFutUE9RQMqGRsYKBTssK7V1NMWPUgd1jPN,QKITTY-WSOL,30.03,30.03,0.0,11652,,52a779b1-371f-45e8-b5ae-da773b4a8cbe,18.12,0.0,0.0,https://icons.llamao.fi/icons/protocols/raydium,https://raydium.io
raydium-amm,5HuMBYVCdEuUFioehHSxg6VcKvxnkYjiFEiWjt9aBMS4,WSOL-XAIM,35.96,35.96,0.0,11652,,2e8bf413-834a-4b2c-a78c-a99bbc207fcf,0.0,0.0,0.0,https://icons.llamao.fi/icons/protocols/raydium,https://raydium.io
raydium-amm,7ZFLTdJCmL8PQozEmfPcq8dxsjR4W7LLkbK8hqSGZnQ1,WSOL-SUMMER,50.28,50.28,0.0,11650,,2cfe1fa8-a79e-53cf-831e-83165cfd9456,0.0,0.0,0.0,https://icons.llamao.fi/icons/protocols/raydium,https://raydium.io
orca-dex,,DUCK-USDC,0.0,0.0,0.0,11634,,0a1a060c-62e4-5082-b6be-9591731a94ff,0.0,0.0,0.0,https://icons.llamao.fi/icons/protocols/orca-dex,https://www.orca.so
orca-dex,4rS9cLCZoBasWCLTX1DEMCAQbtqYw3q5fYoPvtRhQvuv,SOL-TROLL,1.03419,1.03419,0.0,11622,,778dc062-0a90-4dfa-8ed1-53e3842d1b95,0.5265,0.03456,-6.77815,https://icons.llamao.fi/icons/protocols/orca-dex,https://www.orca.so
orca-dex,nawWCZ6aVgou6UYGhy6NC2kFUxpSpjCQCTe8vrDdDdd,SGDD-USDT,0.0,0.0,0.0,11610,,14a5065d-91b6-5320-89db-3bc83514ca9f,0.0,-0.06966,0.0,https://icons.llamao.fi/icons/protocols/orca-dex,https://www.orca.so
save,aMyCaGf7MwsqpgoeioVGXZytadsjFZ6euuYSadLcXbY,USDT,0.13,0.13,0.0,11604,,dadb0a92-3c79-433d-ab8b-6dab0fd46d7d,0.0,0.0,-0.13,https://icons.llamao.fi/icons/protocols/save,https://www.save.finance/
orca-dex,,USPD-USDT,0.0316,0.0316,0.0,11596,,b05c8d79-ed35-5242-a706-47bf01b29836,0.0,0.0,0.0,https://icons.llamao.fi/icons/protocols/orca-dex,https://www.orca.so
raydium-amm,8CTdPU7wcR6fcKqqVQEMTC7MLxrK75tfUMB2p1youvfn,WSOL-AUTOPEN,4.83,4.83,0.0,11592,,1e9657d7-9eb7-45d1-8008-1e1c6a603ea4,0.0,0.0,0.0,https://icons.llamao.fi/icons/protocols/raydium,https://raydium.io
orca-dex,2AEWSvUds1wsufnsDPCXjFsJCMJH5SNNm7fSF4kxys9a,SOL-STSOL,0.00968,0.00968,0.0,11581,,e849ccce-a89d-4ffc-a2ad-67e3c7c6221b,0.00554,0.00535,-0.02832,https://icons.llamao.fi/icons/protocols/orca-dex,https://www.orca.so
raydium-amm,H8NqB9rtmi9CAqYUxd1DDZiLjtfqKku3Cw9TakLKpQfX,WSOL-FXRICH,13.04,13.04,0.0,11557,,a64f9d00-64c0-5366-9108-4188d0a6e1f7,0.0,0.0,0.0,https://icons.llamao.fi/icons/protocols/raydium,https://raydium.io
orca-dex,CGpj52wyu2z5kKNJg3voyn7DMes5B1L7BJpE1JQD6qJA,WBTC-JITOSOL,22.12156,22.12156,0.0,11545,,d490b981-8aef-4bbf-b3c6-d3958236df2c,1.19336,17.03221,-15.73416,https://icons.llamao.fi/icons/protocols/orca-dex,https://www.orca.so
raydium-amm,7a8xxAJBELDo6P9dikSYctdw6ce8F4mWr3ahcAD8Ao49,SPYX-STONK,151.86,151.86,0.0,11502,,93f4aaea-5905-52ab-8e2b-926490246614,0.0,-3321.36,0.0,https://icons.llamao.fi/icons/protocols/raydium,https://raydium.io
raydium-amm,8cKUEuMBpcLDcJhDHE8uDXnsXzLR29Bp7w5GXWrsTTdy,USD1-BIGOTE,4.22,4.22,0.0,11492,,ec162eb9-acac-431a-a0c8-aedd191d1df5,0.0,-30.87,0.0,https://icons.llamao.fi/icons/protocols/raydium,https://raydium.io
orca-dex,9Lo4FFyh1WRKBqqGazBfEMxDctUefG2qfzmpHJ2WSbZ,SOL-FT,57.51931,57.51931,0.0,11484,,e3c12c64-fec5-5e6d-9292-df6db6d65ee8,-251.45123,0.0,0.0,https://icons.llamao.fi/icons/protocols/orca-dex,https://www.orca.so
raydium-amm,8Ad3nyPzBTy2oYMYMSAcAyjr3N4K4t84ACcgqZB6UvSc,ERC20-USDT-USDC,1.8,1.8,0.0,11470,,0c691608-289b-5594-8727-19588afc3af5,0.0,0.0,0.0,https://icons.llamao.fi/icons/protocols/raydium,https://raydium.io
orca-dex,BVXEEdSkD41yvfCU95UXx8eU4DJMY6HUin59WxmYTq8w,AURA-COINOMI,7.67197,7.67197,0.0,11461,,67936a06-4ed8-4e73-88cb-dead4412aff3,3.3772,5.59622,-0.88325,https://icons.llamao.fi/icons/protocols/orca-dex,https://www.orca.so
raydium-amm,CEH8oPeCmoc4kchNVDKzRAUmCiaLH16tPrchDmi4kGag,LDO-USDC,47.98,47.98,0.0,11422,,5bdf6125-61e7-4acf-9788-c903ca2140af,0.0,0.0,0.0,https://icons.llamao.fi/icons/protocols/raydium,https://raydium.io
omnipair,,SOL-JTO,3.79438,3.79438,0.0,11421,,7f3c8584-b71c-4223-b06c-6fb51f71b86b,-0.01825,-2.35956,-11.97249,https://icons.llamao.fi/icons/protocols/omnipair,https://www.omnipair.fi/
raydium-amm,7CPu7bQsbewjoF5tt2zj7xYy5QV4dgr6duruat44NDeF,WSOL-$CWIF,14.77,14.77,0.0,11414,,41d6fe1f-37b0-4ed5-9d5e-55f6a972d4ce,0.0,0.0,-38.7,https://icons.llamao.fi/icons/protocols/raydium,https://raydium.io
raydium-amm,8HbU5sVE51MeVPUC2R7EazwZ9YeWx3DgJoazGfjEUj4L,BDGA-USDC,47.31,47.31,0.0,11412,,6110186b-73ee-4979-9d26-efe3a6f2c2a5,0.0,0.0,0.0,https://icons.llamao.fi/icons/protocols/raydium,https://raydium.io
orca-dex,4aeEWVaFCFVkAAkN6CH8MQdqQSZ2AFdjJmYtzhMhURvJ,USDT-OKUU,0.0,0.0,0.0,11390,,882d000b-7050-5576-891d-3c824ac0edee,0.0,0.0,0.0,https://icons.llamao.fi/icons/protocols/orca-dex,https://www.orca.so
kamino-liquidity,2z1nNbrkie7KsvyedW2t4MzJFUcGzA2xjdKD19JyBcmt,W-JITOSOL,0.0,0.0,0.0,11377,,99ed0428-978e-4c9b-8404-e2aa5c0f4da8,0.0,0.0,0.0,https://icons.llamao.fi/icons/protocols/kamino-liquidity,https://kamino.com/liquidity
orca-dex,7JWFfS92Ai7s9WzxEyRieUpXvJ3Xmb2YuhhJoefvAA31,MON-USDC,0.81238,0.81238,0.0,11370,,22fdcc07-c39c-47f0-853e-7c0b35670aa6,-0.24185,-0.10819,-1.41555,https://icons.llamao.fi/icons/protocols/orca-dex,https://www.orca.so
raydium-amm,5xm6QUDxRyMg3Gx59CxXB6VZnRKs4bVu44DS6DzZr3Bp,UNHX-USDC,27.58,27.58,0.0,11366,,5b3d35b4-6dcf-48a0-94ab-22672fb27ac2,-6.38,0.0,0.0,https://icons.llamao.fi/icons/protocols/raydium,https://raydium.io
orca-dex,9VkcD17433HuqXzLTwWThmC9nFzgN1Ktb2Fnk8mZ5Epc,SOL-CHONK,0.0,0.0,0.0,11349,,44c9b222-cf24-4325-ab56-cf302b4b8008,0.0,0.0,0.0,https://icons.llamao.fi/icons/protocols/orca-dex,https://www.orca.so
orca-dex,BK5UFUEnB2M5JXyFF2Tgv9nm7vshnh2gbJZ5FNpDnHHe,JWT-USDT,9.25405,9.25405,0.0,11344,,32f66400-d205-498f-a369-aaa369041d8b,0.0,-66.27258,0.0,https://icons.llamao.fi/icons/protocols/orca-dex,https://www.orca.so
orca-dex,,TRUDY-USDC,0.0,0.0,0.0,11335,,b1e7946b-14b5-50df-b5ad-296e1fa3de45,0.0,0.0,0.0,https://icons.llamao.fi/icons/protocols/orca-dex,https://www.orca.so
raydium-amm,BQn4vvy7MsHHA9X7Lthr6rNpZ6bvwp6NKrTA3Zc7Evx1,WSOL-MOAI,6.01,6.01,0.0,11328,,d55c9918-ee43-444b-9319-787cb457c4b6,0.0,0.0,0.0,https://icons.llamao.fi/icons/protocols/raydium,https://raydium.io
raydium-amm,ELzuRVw3eKw3jCe3p6Qd3BWM2P9qrQUkyJbgTLSCNAx2,KMNO-MSOL,9.5,9.5,0.0,11325,,ba9428d3-38b9-4842-b0f0-9b63d65b199c,-10.47,5.25,-23.04,https://icons.llamao.fi/icons/protocols/raydium,https://raydium.io
raydium-amm,BKEpuiM7jQEnGoc9WxNGrtYqDA8S44S4jNQUsqUZkahj,WSOL-COCORO,4.06,4.06,0.0,11316,,a62f1fa1-fd50-4d7c-821f-25f0a8f34846,0.0,0.0,0.0,https://icons.llamao.fi/icons/protocols/raydium,https://raydium.io
orca-dex,D7psyR8hpzx1fMFFz1VqwXHte62Y1CVfUqdhz64PSQV5,MET-USDC,8.394,8.394,0.0,11314,,171a652c-86e6-45d7-9364-15a8e9178629,-6.68278,-9.52732,-21.47347,https://icons.llamao.fi/icons/protocols/orca-dex,https://www.orca.so
orca-dex,,USBD-USDT,0.11487,0.11487,0.0,11313,,e77941b0-1e1b-54d9-b357-36436d13e7a6,0.0,0.0,0.0,https://icons.llamao.fi/icons/protocols/orca-dex,https://www.orca.so
project-0,8g5qG6PVygcVSXV1cJnjXaD1yhrDwcWAMQCY2wR9VuAf,COOL,0.0,0.0,0.0,11301,,797a7771-da85-54f8-b01f-d5d9eacda3d1,0.0,0.0,0.0,https://icons.llamao.fi/icons/protocols/project-0,https://app.0.xyz
raydium-amm,GEacZ94pW7egZsPLgNWXrWBnA5qPTfbRUU5epdfjaLF2,WSOL-,30.27,30.27,0.0,11293,,18f741da-7107-4381-b3af-007ffc459553,1.06,27.42,20.56,https://icons.llamao.fi/icons/protocols/raydium,https://raydium.io
orca-dex,4m8mH8fBQ5DcYB3dum8SrauF8rCUUYHFEqEaqvKXJALt,W-JITOSOL,1e-05,1e-05,0.0,11293,,bc4acd8c-471f-4e53-979d-d28bf7b8fe1b,1e-05,1e-05,-1e-05,https://icons.llamao.fi/icons/protocols/orca-dex,https://www.orca.so
raydium-amm,97tEvEyQaCFUSEGrfTTzCT1QkxRwEvqKaH3gNPprJEeL,WSOL-BALLTZE,182.76,182.76,0.0,11292,,0994c2ae-f84e-51ba-a1b4-f114f7d6a4ab,21.66,0.0,0.0,https://icons.llamao.fi/icons/protocols/raydium,https://raydium.io
orca-dex,HVSnXsTWjrD9f8aDkTPHkPfqcP7aXuyhbuvfRBL8MpNW,XMRᅠ-USDT,0.0,0.0,0.0,11274,,4ae66402-2195-59df-b715-44006ac74141,0.0,0.0,0.0,https://icons.llamao.fi/icons/protocols/orca-dex,https://www.orca.so
gmtrade,GRNDhdHJxZjJCLxP5PXMg4bLsEuLYx8zczTJdztiF2qK,BTC-WBTC,4.7335,4.7335,0.0,11235,,02eeb80c-58dc-4857-91b6-bf16865ec5c5,-1.95792,-46.45008,0.0,https://icons.llamao.fi/icons/protocols/gmtrade,https://gmtrade.xyz
orca-dex,4f6s3HN5Sg8MF7QEs361D7E4gmsmUKTEddCSFSsCHRmH,USDT-EUDD,0.0,0.0,0.0,11225,,8544c8c5-9109-55e6-aa9c-62dc7474a605,0.0,0.0,0.0,https://icons.llamao.fi/icons/protocols/orca-dex,https://www.orca.so
raydium-amm,E9ZETCUWsD26v6i8ebnrkNMrbAL46DPFpc4rTtLawBYG,WSOL-MIZUKI,5.37,5.37,0.0,11217,,8e28475b-9f43-4650-bd12-a97fbfb9ce34,0.0,0.0,0.0,https://icons.llamao.fi/icons/protocols/raydium,https://raydium.io
raydium-amm,6rHxtxPyFcHUgAZc7eNPWbi49PVcyBaiV1MPRBuAcxTB,WSOL-BAP,4.68,4.68,0.0,11216,,24cec013-e72b-4567-8473-bd2261ab42f6,0.0,0.0,0.0,https://icons.llamao.fi/icons/protocols/raydium,https://raydium.io
raydium-amm,79ZfRapqeW8gCa5uYbNN1owxX54hnfxCfWkT45nfAhUY,WSOL-PAIR,7.45,7.45,0.0,11216,,013c43be-48e9-4715-aca8-b2b957932030,0.0,0.0,0.0,https://icons.llamao.fi/icons/protocols/raydium,https://raydium.io
raydium-amm,4nFbdT7DeXATvaRZfR3WqALGJnogMjqe9vf2H6C1WXBr,WBTC-USDC,1.25,1.25,0.0,11213,,14ee39e0-df83-4f1c-981a-2d6c4dbda54f,-0.94,0.0,-1.79,https://icons.llamao.fi/icons/protocols/raydium,https://raydium.io
orca-dex,,USDC-SPARKS,0.0,0.0,0.0,11186,,20f34e64-efd8-58a5-a67f-3ea46745f045,0.0,0.0,0.0,https://icons.llamao.fi/icons/protocols/orca-dex,https://www.orca.so
raydium-amm,7ZiHoyy1nuke3SziWxfXgWtJNHxSkNsFSSuRZsVdmwwh,JITOSOL-SPX,5.48,5.48,0.0,11181,,717ad3c4-33da-41fe-b409-6093751b0516,0.0,2.4,-3.54,https://icons.llamao.fi/icons/protocols/raydium,https://raydium.io
kamino-lend,49cZPa2n82GwaiFtBsX6MxGLg8ZV5eh2VcX7qsHFwDe2,FDUSD,0.26398,0.26398,0.0,11146,,17470a30-673d-472f-8a37-afa604b6d718,1e-05,-0.00116,-0.01134,https://icons.llamao.fi/icons/protocols/kamino-lend,https://kamino.com/
raydium-amm,H6fxtvWLFYSJ66mPJqoz7cg6tk32Pcgc9vXrywu4LEWk,PYUSD-USDC,0.65,0.65,0.0,11138,,96923c5e-d3ac-475b-bec0-b2f4dd03d63e,0.29,0.46,0.22,https://icons.llamao.fi/icons/protocols/raydium,https://raydium.io
raydium-amm,3uBZp1xVFrVCTNQbDvHeFyiMXEqm5th1vK2kGPUi3r3e,FRONK-WSOL,4.07,4.07,0.0,11115,,caf414b4-edab-4cf9-b1a6-6a25ed36b8e2,-1.34,0.0,-13.63,https://icons.llamao.fi/icons/protocols/raydium,https://raydium.io
raydium-amm,5uHZR1ry8n3JkxxHJ63xuKB9BHs3ETMtMCUWsfTbCDqh,RX-WSOL,5.4,5.4,0.0,11087,,bc3fa09d-4bf1-5a2a-b880-1428b1ecc706,0.0,0.0,0.0,https://icons.llamao.fi/icons/protocols/raydium,https://raydium.io
project-0,EmMhorGDR3N9ecNWVQjJi2QpFLkeHEvjZFdW6TuVgXjU,MET,4.09549,4.09549,0.0,11058,,2240ba82-b33a-45e6-a8f3-5bf3e83bd44a,0.0,0.0,0.0,https://icons.llamao.fi/icons/protocols/project-0,https://app.0.xyz
save,3eDDvVgyxZ7aWLjLmKDYpeGHidCH7jkfHXcCXtpGqNKg,USDH,0.0,0.0,0.0,11058,,13e7dd80-4e72-47e9-855e-e8fea224e1df,0.0,0.0,0.0,https://icons.llamao.fi/icons/protocols/save,https://www.save.finance/
orca-dex,,USDC-NOPA,0.0,0.0,0.0,11055,,9ee8754f-b3d5-57de-9f9b-5fd3097f25ab,0.0,0.0,0.0,https://icons.llamao.fi/icons/protocols/orca-dex,https://www.orca.so
orca-dex,6m6UoVxnmGePnHQ8V6gGrgDba5p1v7MCpM9Ji1LBBVPJ,SPYX-USDT,3.26783,3.26783,0.0,11027,,30210a6d-c9a8-4e14-9b4b-298c523faa0b,-3.23347,-2.13308,-1.16369,https://icons.llamao.fi/icons/protocols/orca-dex,https://www.orca.so
orca-dex,,USBD-USDC,0.23431,0.23431,0.0,11025,,2e05b479-5071-58a4-85f1-7788cd101a9c,0.0,0.0,0.0,https://icons.llamao.fi/icons/protocols/orca-dex,https://www.orca.so
raydium-amm,5hz7B3Cw9pqAaqLfoik6WTUk4gVfBvJuCJ2ogUXcYatK,WSOL-MANSION,2.91,2.91,0.0,11008,,a29a64a2-bc26-5e54-9e68-c5fc3ee2e5dd,0.0,-0.24,0.0,https://icons.llamao.fi/icons/protocols/raydium,https://raydium.io
raydium-amm,3Hq5uYvvx8ehRDePrkRP957Ux3Kq8DxCuKuf4gdGhsMh,WSOL-GIGAGROK,25.18,25.18,0.0,10994,,434ed627-7dae-440d-8de3-8ffa37a3024f,-35.6,0.0,0.0,https://icons.llamao.fi/icons/protocols/raydium,https://raydium.io
orca-dex,uUCtMNX5ZoVxYi9RQpKC6C8z7sCex4M5tq5kzdnE5Wf,XSGD-USDC,1.20303,1.20303,0.0,10990,,8ab647e1-17e8-4586-bfbf-49b7295d35c0,-5.3696,0.34156,-3.82398,https://icons.llamao.fi/icons/protocols/orca-dex,https://www.orca.so
orca-dex,,USDT-EPIK,1.82499,1.82499,0.0,10985,,5bf13a95-0f15-506a-8577-8b38b5053ff6,0.0,0.0,0.0,https://icons.llamao.fi/icons/protocols/orca-dex,https://www.orca.so
orca-dex,,USDC-PETS,0.0,0.0,0.0,10979,,5031847b-7773-59e2-b9aa-882546f0af34,0.0,-0.00987,0.0,https://icons.llamao.fi/icons/protocols/orca-dex,https://www.orca.so
raydium-amm,63n6gDx5gQJtiCUgHr95iyYb3fURqW1i75QDKQJqsvZH,CRUNCH-WSOL,3.81,3.81,0.0,10951,,6527bc95-8fc2-4961-a3e4-406c4b8e76cc,0.0,0.0,0.0,https://icons.llamao.fi/icons/protocols/raydium,https://raydium.io
raydium-amm,G1Q8akrYQRgKKwpNYMr1emL9xex7PTBQoJBMeT4gLf56,BOZO-WSOL,22.93,22.93,0.0,10933,,eebcf2b1-c445-4c59-8a9c-4bdf5e0b8674,-39.95,0.0,0.0,https://icons.llamao.fi/icons/protocols/raydium,https://raydium.io
orca-dex,,RAT-USDC,0.0,0.0,0.0,10909,,705e9b0a-77bc-56f9-b48d-c67a875a81db,0.0,0.0,0.0,https://icons.llamao.fi/icons/protocols/orca-dex,https://www.orca.so
raydium-amm,7RqZrULVeiaAhyvv1LehwupHxBKES2i5BzFiiigWB2cJ,BOBA-WSOL,5.58,5.58,0.0,10907,,e944bbca-b992-578a-8b6a-637c914dc025,0.0,0.0,0.0,https://icons.llamao.fi/icons/protocols/raydium,https://raydium.io
orca-dex,7RoNfHGtY4ifSNhqwqugHNrpFJ18teF9NjkdLvsWgmPf,MINI-COINOMI,3.06388,3.06388,0.0,10907,,dae6b1a0-9ba7-4d77-b58a-33b3654d088c,1.55137,1.85406,-12.83348,https://icons.llamao.fi/icons/protocols/orca-dex,https://www.orca.so
orca-dex,E6fNegRUg5duCQXjRpfiMy1tWDuxz26XAupxNAjsaoWa,SOL-MPSOL,0.0,0.0,0.0,10897,,18f8bc47-8bc7-416c-81d3-3424429c5079,-0.1464,0.0,0.0,https://icons.llamao.fi/icons/protocols/orca-dex,https://www.orca.so
orca-dex,36Rk6HH9j1jAqGbWTvPs6gbVYDgRjpex4RDv9689KfZA,HNT-PYTH,12.74603,12.74603,0.0,10891,,320f95b7-694b-4d56-ace2-b1b07feb6530,-18.35307,-3.10607,-185.47627,https://icons.llamao.fi/icons/protocols/orca-dex,https://www.orca.so
raydium-amm,7Kxv233chmWSrDhbGPk6WPECo9QExuGyrBJqjFV6aNa1,WSOL-RFRL,22.82,22.82,0.0,10868,,13ad42e0-f230-41f2-b1bf-0b01207d4dfb,-16.96,0.0,12.44,https://icons.llamao.fi/icons/protocols/raydium,https://raydium.io
raydium-amm,2CNtG54L128zvfq9xqE3gdHLKWUEKJbq1mRVDpCSdgBs,WSOL-旺旺,55.84,55.84,0.0,10860,,f01dd765-9b7a-52d5-8969-b7b3c31947c0,0.0,0.0,0.0,https://icons.llamao.fi/icons/protocols/raydium,https://raydium.io
orca-dex,HgDNQD5VAzQdh79vG3knUwzBYSq68X8cCGcitxu4k4Cr,ZBCN-COINOMI,5.2662,5.2662,0.0,10854,,d20c3f71-6578-463b-aedf-074d915c1abb,-10.04568,3.09025,-6.29009,https://icons.llamao.fi/icons/protocols/orca-dex,https://www.orca.so
kamino-liquidity,4kNBBYX3qQ3HTkWjn8NWfoixMmY4KXFM7pqnJZ98mub8,KMNO-MSOL,0.0,0.0,0.0,10847,,02be5d13-0691-44ff-b480-f129f046dc2a,0.0,-68.17471,0.0,https://icons.llamao.fi/icons/protocols/kamino-liquidity,https://kamino.com/liquidity
orca-dex,FwewVm8u6tFPGewAyHmWAqad9hmF7mvqxK4mJ7iNqqGC,SOL-USDT,0.57338,0.57338,0.0,10843,,20c8a3b3-063a-460d-8e1c-b93b519250a3,0.01443,0.38626,-20.37196,https://icons.llamao.fi/icons/protocols/orca-dex,https://www.orca.so
raydium-amm,AeHq6VJ5dwA1JM1oPKwmbQBfsdWZftx2td1Vvaf1nvzW,WSOL-HLXA,5.06,5.06,0.0,10811,,2cf96d32-e192-43b2-8337-b8c439d493cd,0.0,0.0,0.0,https://icons.llamao.fi/icons/protocols/raydium,https://raydium.io
raydium-amm,ARDuubSEPnE8uvg3GKsfSRrPHwdaX1pzYQXF3aWy11Bn,WSOL-RUDOLPH,5.47,5.47,0.0,10795,,5fb3d174-7f96-49fd-ab7b-b9b8e989358a,0.0,0.0,0.0,https://icons.llamao.fi/icons/protocols/raydium,https://raydium.io
raydium-amm,ApRyaGRnRcAZm2giQ8PKySM57byFm95YwdX1z5W9sNPz,WSOL-X,5.66,5.66,0.0,10793,,f0dbc13f-fd90-48e9-8d61-d3b4a6378d3a,0.0,0.0,0.0,https://icons.llamao.fi/icons/protocols/raydium,https://raydium.io
raydium-amm,wSMPrmLXoq7fNo6C1e53qXnVyXR3G7rhEovx7WYzhB8,TROLL-WSOL,4.96,4.96,0.0,10788,,a613b1e1-a68e-4439-b4f9-f22edab3dec7,0.0,0.0,0.0,https://icons.llamao.fi/icons/protocols/raydium,https://raydium.io
save,9JXW8WPjNWRLrMSrRs1BUMHGDe5hG7awCM5jb9uwugLD,USDT,0.0,0.0,0.0,10786,,bd7319a8-acff-42f2-b64f-253b40a45ccc,0.0,0.0,0.0,https://icons.llamao.fi/icons/protocols/save,https://www.save.finance/
orca-dex,8TzZ9C1MZzAWbAH4MDhTT3xT5PJpHibmpCjDEMEmfbn6,ZEC-USDT,0.0,0.0,0.0,10781,,9fbed701-9d80-513e-8f1f-b87c90d50328,0.0,-3.37572,0.0,https://icons.llamao.fi/icons/protocols/orca-dex,https://www.orca.so
orca-dex,7MDv3xCSz7Ehk7zF4UGW65RPe5mov1qvRpxPDPyFyPsX,HYPE-LIT,102.38727,102.38727,0.0,10776,,daa8ceae-78ff-454c-8b50-f998fd43743b,-62.20544,0.0,0.0,https://icons.llamao.fi/icons/protocols/orca-dex,https://www.orca.so
orca-dex,UAN5vbyNgdVguRtYWpic7DPZYCJfznn6xuYWxok1mDT,PIPPIN-COINOMI,2.7913,2.7913,0.0,10762,,2d68aad5-9bac-43cc-a93e-e6edf935386d,-7.15293,2.08062,-45.24674,https://icons.llamao.fi/icons/protocols/orca-dex,https://www.orca.so
orca-dex,4tK22MeESjLxdxD3zbzb3GLc579WugG1Xvy2wJyqKv9k,OKUU-USDT,0.0,0.0,0.0,10753,,ff36a1d9-0961-50d8-a9ba-518d47648278,0.0,0.0,0.0,https://icons.llamao.fi/icons/protocols/orca-dex,https://www.orca.so
kamino-liquidity,DLJKhZAUr8k4KFcETPAZk9qHnscsudsbKNg7oKKYeMCC,DISABLED-WFRAGSOL-JTO,0.0,0.0,0.0,10751,,f7bca8db-4ef3-4f28-98d1-33e90a80bdc3,0.0,0.0,0.0,https://icons.llamao.fi/icons/protocols/kamino-liquidity,https://kamino.com/liquidity
orca-dex,qS1KtqE4UK61pM3BB3YYTCB6YaeUMoWPeJdghgTzb7q,GLDX-XAUT0,0.0,0.0,0.0,10749,,c0c28668-78a4-4a43-b89f-0c3f1f3f4b38,0.0,0.0,-0.0025,https://icons.llamao.fi/icons/protocols/orca-dex,https://www.orca.so
raydium-amm,8mWzjugEVUXjrUWpaMudzm8fTi8SkbUMkv88xqN8skDf,WSOL-SNOWDEN,3.06,3.06,0.0,10735,,e2e6653f-5498-4a3a-ba60-c2cb9d39974e,0.0,0.0,0.0,https://icons.llamao.fi/icons/protocols/raydium,https://raydium.io
gmtrade,7HPU75j2rNV5RPRQPVN6mQ7sfgWgszBzmVYmAohf7PKN,WSOL-USDC,20.61814,20.61814,0.0,10705,,d30b13ad-8c9a-4fe2-a18c-47a1a1ece377,0.14917,-12.05582,0.0,https://icons.llamao.fi/icons/protocols/gmtrade,https://gmtrade.xyz
raydium-amm,FY6VNmDeUxkTceVLXwhn7dtZ2Fjkmr8Cu8kpHA25wqrS,WSOL-SMAN,51.82,51.82,0.0,10701,,b78c416e-692a-4bc8-b539-2f86def08108,0.0,-40.62,0.0,https://icons.llamao.fi/icons/protocols/raydium,https://raydium.io
kamino-liquidity,7LrQ38snjsymrdzyQR5sfNmRx3kMoawYTpPWw1Ps2gc1,RNDR-USDC,0.0,0.0,0.0,10688,,8bb35d42-b0e4-484e-9e2b-04975eaf3851,0.0,0.0,0.0,https://icons.llamao.fi/icons/protocols/kamino-liquidity,https://kamino.com/liquidity
raydium-amm,D2gv4p9wQBwqbbYSgMhRD17JG99n5uygZvfQ7ormz3dM,WSOL-CYBERCAB,4.79,4.79,0.0,10675,,7f46f0a9-e58e-431b-8d9b-f9f9439b9113,-7.29,0.0,0.0,https://icons.llamao.fi/icons/protocols/raydium,https://raydium.io
raydium-amm,7A29D92JLBG5qPst9fmshVzeF52Q5q7J3HUYw12ycSVw,WSOL-ᓚᘏᗢ,4.92,4.92,0.0,10673,,590eff6f-de51-4b4c-bd8a-bc7e8d4cacdc,0.05,0.02,0.0,https://icons.llamao.fi/icons/protocols/raydium,https://raydium.io
orca-dex,FvQHkLdnAxFrQopF63KBKKzrL9Uq7STQnPdnehv9vcYx,USDT-ᎬUᅠRD,0.0,0.0,0.0,10673,,efd8492b-10a0-58b0-bd90-b260ca020277,0.0,0.0,-0.07652,https://icons.llamao.fi/icons/protocols/orca-dex,https://www.orca.so
raydium-amm,4CGzGpsHirQ2dU1qQrdSpsyV1xigag4moyGco4345QzB,MRVLX-USDC,8.27,8.27,0.0,10636,,06de5593-0cad-5fa2-9fc5-852cb366e169,-139.28,0.0,0.0,https://icons.llamao.fi/icons/protocols/raydium,https://raydium.io
orca-dex,,DANNY-USDC,0.0,0.0,0.0,10628,,c003d0aa-8928-5bf9-999d-ac3b1633bbcf,0.0,0.0,0.0,https://icons.llamao.fi/icons/protocols/orca-dex,https://www.orca.so
raydium-amm,CA6Arcm5M7eZNd2NWQB6QaLwWBw3pbdQs34CfDuvh5e,WSOL-BEASTRO,4.94,4.94,0.0,10606,,8361dcf3-e293-5c27-9994-7acef64c17a1,0.0,0.0,0.0,https://icons.llamao.fi/icons/protocols/raydium,https://raydium.io
orca-dex,5Abc2LhMoRwTVCqrdzgQy6yteEJ3MZbYU5iT1jXHr7jb,SOL-CORGIAI,0.18821,0.18821,0.0,10599,,8964590c-4940-4820-8190-758259859def,-0.02222,-3.61889,-1.37648,https://icons.llamao.fi/icons/protocols/orca-dex,https://www.orca.so
orca-dex,C6hX5yR9cHrYJ1uc13bvkdCE3i7JMRZBBFTKbCcBVqdT,USDT-GBD,0.0,0.0,0.0,10592,,b048bd9c-f691-531b-9cad-45cbc2e43a7b,0.0,0.0,0.0,https://icons.llamao.fi/icons/protocols/orca-dex,https://www.orca.so
orca-dex,EmBUBG5hi94St9mxJHVZr4uz7vEZ62zYsNDFUac88GAU,BNB-USDC,7.40213,7.40213,0.0,10587,,6f6e6e09-d9e1-461a-bdc6-983953ffbdf4,2.66547,5.91568,-7.31094,https://icons.llamao.fi/icons/protocols/orca-dex,https://www.orca.so
raydium-amm,E9bBxD7UnrPNdiN7VqaPmrQ1uhVHXHoQoiLQ1usdSccS,WSOL-IMAGINE,3.73,3.73,0.0,10579,,920e838d-419c-46ff-bc89-08d8d9623bf5,0.0,-0.11,0.0,https://icons.llamao.fi/icons/protocols/raydium,https://raydium.io
raydium-amm,AdApv8YW3dXYemhkyr97Y6XSPfDT57PwNBE3VLgQXUco,BNB-USDC,48.93,48.93,0.0,10566,,a82a9cde-2acb-459b-8cf2-67347a8596bf,0.0,0.0,0.0,https://icons.llamao.fi/icons/protocols/raydium,https://raydium.io
raydium-amm,DrSwkxMCZ52ZfjWAYJNQQcESfgYQFXTVMTA9ygwEkyd8,USDC-DROOLING,45.95,45.95,0.0,10560,,ab3c1139-aeee-40d2-966b-8fe8347f089b,0.0,0.0,0.0,https://icons.llamao.fi/icons/protocols/raydium,https://raydium.io
orca-dex,,OUYI-USDT,0.05834,0.05834,0.0,10554,,e64455e8-e64a-59e1-a32b-df45e36dd6ee,0.0,0.0,0.0,https://icons.llamao.fi/icons/protocols/orca-dex,https://www.orca.so
raydium-amm,827svpF2rMweoDWMHLJE7ZHE9xRQzhbDjNGLoijcFW9E,WSOL-FATCAT,5.03,5.03,0.0,10549,,0b2b6bdd-83f9-4f7d-80c5-f9bacfb5f030,-3.4,-1142.29,2.97,https://icons.llamao.fi/icons/protocols/raydium,https://raydium.io
raydium-amm,26pZsDbm4qPga9gQXpNoNwXBZjpK372TeDWfKrT88XER,USDC-JMONEY,21.85,21.85,0.0,10546,,299b1529-294b-45ae-8358-6f1ed017038f,0.0,0.0,0.0,https://icons.llamao.fi/icons/protocols/raydium,https://raydium.io
raydium-amm,3dS5VZhBAmv3FH5JSz221c7nBjLMaoTwKLcLm5N7mtiC,-USDC,52.63,52.63,0.0,10530,,21ee96a2-2063-4434-b922-46b0cc4867b6,0.0,0.0,0.0,https://icons.llamao.fi/icons/protocols/raydium,https://raydium.io
jupiter-lend,nMzVs8GiXMVUENEwkev7JZfDcCENmz18ScheeVRdnb1,WSOL,4.19539,4.19539,0.0,10530,,dae26e46-ba0b-4f4f-91ee-b109f4e47530,-0.03126,0.0,-0.12509,https://icons.llamao.fi/icons/protocols/jupiter-lend,https://jup.ag/?ref=f6y1ryr2snn3
raydium-amm,4t5ESMXQRrqWCfqw2TDXZtG82mcSRbkug9YwoF3QJ19x,STONK-WSOL,4.65,4.65,0.0,10528,,01e91fee-a175-4da1-8b95-be4f5386e8f3,0.0,0.0,0.0,https://icons.llamao.fi/icons/protocols/raydium,https://raydium.io
raydium-amm,Efj1DYc3bSMK9dJHGFSHhj4GiVyBLNzQq2bu1cCvz31x,RLUSD-USDC,48.74,48.74,0.0,10527,,4710f68c-1e6e-5856-a0a8-b820bcb180aa,0.0,0.0,0.0,https://icons.llamao.fi/icons/protocols/raydium,https://raydium.io
raydium-amm,GpoAMCyi4RgKeDVVbK8Sbxd5B6ehnftxr16xptAv6PTP,WSOL-,5.45,5.45,0.0,10517,,66560973-47e3-4264-80e3-e58a39377519,0.0,0.0,0.0,https://icons.llamao.fi/icons/protocols/raydium,https://raydium.io
raydium-amm,CJFBHkfwrLzHnErY5sKKMtFnjdrEPwzvuVPJqFA6MqXX,WSOL-ZAZU,5.6,5.6,0.0,10513,,4014d09f-3b4e-4e0a-89a7-1efd5d4a2ff4,0.0,0.0,-14.94,https://icons.llamao.fi/icons/protocols/raydium,https://raydium.io
raydium-amm,3v6JbfT46BP4tR5cSDk9fhoDgXbFW7ek7pefihHVUDhs,USDC-USDT,0.35,0.35,0.0,10510,,dc58f33b-8abd-4e6f-8f30-0e4e81d5c2a4,-0.1,-0.1,0.0,https://icons.llamao.fi/icons/protocols/raydium,https://raydium.io
raydium-amm,36HtaRn9rGe1WRCrrAiRAF6mNEuDuMMYkBZyZyopRKVu,FFIE-WSOL,4.38,4.38,0.0,10508,,8c63d5fd-4124-4932-be61-6509250e032c,-0.92,0.0,0.0,https://icons.llamao.fi/icons/protocols/raydium,https://raydium.io
orca-dex,,BBL-USDC,0.0,0.0,0.0,10504,,e4355077-9f6c-57cc-aeb0-e1e2924846cf,0.0,0.0,0.0,https://icons.llamao.fi/icons/protocols/orca-dex,https://www.orca.so
orca-dex,,OPTIMISM-USDC,0.0,0.0,0.0,10499,,b840e15f-9672-5dc5-893d-77594887e0e9,0.0,0.0,0.0,https://icons.llamao.fi/icons/protocols/orca-dex,https://www.orca.so
raydium-amm,2gmeRjs5tUKruuU13ys2NcGWYeEY88S7RQRaVwtj1E2J,USD1-GORDO,5.41,5.41,0.0,10469,,8aa5e2a9-58f8-490f-87be-ac572b837563,0.0,-7.84,0.0,https://icons.llamao.fi/icons/protocols/raydium,https://raydium.io
raydium-amm,JDRrFz6yM8C6G9YJUefWG1QViMj1AGxLBwWy2Qdr56Ba,WSOL-SATOSHI,510.37,510.37,0.0,10465,,2aaf9285-7f43-495e-bd73-b4ec2c76ab3f,0.0,0.0,0.0,https://icons.llamao.fi/icons/protocols/raydium,https://raydium.io
raydium-amm,DvmLCWyy2kBc45CH7HQ6hK6hoRSPbB7tWoSxBZobiTzj,WSOL-UNDR,4.93,4.93,0.0,10457,,b4b99906-a904-5629-9c6a-839308113d96,0.0,0.0,0.0,https://icons.llamao.fi/icons/protocols/raydium,https://raydium.io
orca-dex,5hWJUNTtEtKmKgDXpthJXXRRmJrz5vJ7uJzrUNVdrwLg,USDC-JITOSOL,1.09388,1.09388,0.0,10419,,679aa8ed-fe68-4ed3-bf5b-6dbcec1639fe,0.36964,0.77976,-2.65412,https://icons.llamao.fi/icons/protocols/orca-dex,https://www.orca.so
orca-dex,9Y3tFi55XqTts3WvzM8qbH71skivMZo8Yph6jJyLvm8R,GBPD-USDT,0.0,0.0,0.0,10415,,69589e5c-3d3e-58b9-807b-e4d1b23fb987,0.0,0.0,0.0,https://icons.llamao.fi/icons/protocols/orca-dex,https://www.orca.so
raydium-amm,HTty5jQ7cYBXsiecY7TkCxT1Z9Ygft8cJc7wgpiH4HWY,DOGE1-SPCX,534.72,534.72,0.0,10405,,1f99848c-f523-5cf7-94de-19993a9adc39,0.0,0.0,0.0,https://icons.llamao.fi/icons/protocols/raydium,https://raydium.io
raydium-amm,CuUieBgrxY5bnJoJJUxcpCQxcxuCs6JSdNseTVPZpJe3,MAGA-WSOL,4.49,4.49,0.0,10400,,378dc253-e8d9-4977-be27-7c9d18e637f8,0.0,0.0,0.0,https://icons.llamao.fi/icons/protocols/raydium,https://raydium.io
orca-dex,,EPIK-USDT,1.82494,1.82494,0.0,10388,,b7730476-279d-5d03-8573-8506f68a8dc8,0.0,0.0,0.0,https://icons.llamao.fi/icons/protocols/orca-dex,https://www.orca.so
raydium-amm,HxTgyTqFCTaoAtT4VeFSL3fZstfJDE14osajP4Mo3Amx,WSOL-LARRY,6.1,6.1,0.0,10384,,aca8ecc9-b66f-4167-9ab1-060dc507b08f,0.0,0.0,0.0,https://icons.llamao.fi/icons/protocols/raydium,https://raydium.io
orca-dex,FLa13pXde7WrrRLYdoam2d9aFGhufsFmdmBd4cFNSjx2,SOL-,4157.13033,4157.13033,0.0,10372,,df6fd5b7-c481-5432-9c8e-6d5b9f75b698,0.0,0.0,0.0,https://icons.llamao.fi/icons/protocols/orca-dex,https://www.orca.so
orca-dex,,FLUFFY-USDC,0.05908,0.05908,0.0,10371,,323a9680-82b2-503a-8a6b-34e73c436679,0.0,-10.7264,0.0,https://icons.llamao.fi/icons/protocols/orca-dex,https://www.orca.so
orca-dex,,JUMBO-USDC,0.0,0.0,0.0,10365,,3f4b63d4-9fa2-5bf5-b251-4c9c709ce2a2,0.0,0.0,0.0,https://icons.llamao.fi/icons/protocols/orca-dex,https://www.orca.so
orca-dex,J9um99DtjKCGDD4eW7cCGLvFdRc7MqydwyQWJwmtg2dS,BSOL-BLZE,6.01799,6.01799,0.0,10362,,d5bc0aae-aa2b-4cce-9bc2-97b3fa8fc5b4,0.0,5.30294,1.01941,https://icons.llamao.fi/icons/protocols/orca-dex,https://www.orca.so
raydium-amm,F91e15BmrQjESVSq2DnGSdM724A4efaXxWZpEWvQMGxR,WSOL-MASSIVE,5.04,5.04,0.0,10358,,74df78af-1fb3-4edb-a62d-56f802badded,0.0,-35.48,0.0,https://icons.llamao.fi/icons/protocols/raydium,https://raydium.io
raydium-amm,3zTtp4Sf2iBV8pVhjP7iFnbwStFucMNwYqTbzBtMS1Ws,CATE-WSOL,63.29,63.29,0.0,10346,,0d017553-69b1-41fd-a72d-c8a6fd1cf848,55.73,0.0,0.0,https://icons.llamao.fi/icons/protocols/raydium,https://raydium.io
orca-dex,EDdBn3wgoGAweS18EXKDRXu7sF5UyKiEVznCczCzdFiF,JW7-USDT,958.64891,958.64891,0.0,10330,,ee995ca2-889b-4113-8333-680f646ee3d5,0.0,0.0,829.28551,https://icons.llamao.fi/icons/protocols/orca-dex,https://www.orca.so
raydium-amm,GHaNP1q6pKbicy9dGve2TQku3N1ZLXyKGqsdWAkvLvsy,WSOL-CLARK,6.27,6.27,0.0,10313,,978650bc-3f5d-45db-b200-b75737799426,0.0,0.0,0.0,https://icons.llamao.fi/icons/protocols/raydium,https://raydium.io
raydium-amm,xwGJJgc8ehjPgreECNNVXPyJa3XT9JjVoJuvDMBBcxr,SPYX-STOCK,326.31,326.31,0.0,10304,,eca4aa37-2d60-5f85-adb4-7fdfcfc1f546,0.0,0.0,0.0,https://icons.llamao.fi/icons/protocols/raydium,https://raydium.io
orca-dex,,SOL-PINEAPPLECAKE,1.80994,1.80994,0.0,10304,,c51bcf2e-f24c-50b2-93dc-2534767c8e5b,0.0,0.0,0.0,https://icons.llamao.fi/icons/protocols/orca-dex,https://www.orca.so
raydium-amm,B6tkgSeaj3RGE7vew6cPVGo3Yti1umBmPbGEEB6CDaT7,WSOL-MARVIN,6.6,6.6,0.0,10290,,c6cf801c-e06a-436e-8d73-be01cfd5f46e,0.0,0.0,0.0,https://icons.llamao.fi/icons/protocols/raydium,https://raydium.io
orca-dex,9yHAmwCUUFV8exfZDjfXT4FiFcespyd7GXaAZby618Zd,STREAM-SOL,5.88872,5.88872,0.0,10284,,4cf6cc08-5e25-5ecc-b531-d2d77619e5cb,1.53255,3.80595,0.0,https://icons.llamao.fi/icons/protocols/orca-dex,https://www.orca.so
orca-dex,,USDT-MVP,0.04113,0.04113,0.0,10278,,8769dd6e-40b7-5396-b979-19a8d6d6ea05,0.0,0.0,0.0,https://icons.llamao.fi/icons/protocols/orca-dex,https://www.orca.so
raydium-amm,ELTVzWesPLXWr9caES2JYts8qqpY8GMvt8N2FHa1pmaf,WSOL-YOLO,3.19,3.19,0.0,10252,,aa8dac05-4ea0-5010-91f9-a37742a16088,0.0,0.03,0.0,https://icons.llamao.fi/icons/protocols/raydium,https://raydium.io
orca-dex,HJaE5WCx4VNrbUa7GhNXNTTe11syxFuLd7YkSWLuvK5E,SOL-ZEREBRO,7.5335,7.5335,0.0,10252,,273b9292-dfd5-4085-b05b-ee450f387fe9,0.0,0.0,-0.30542,https://icons.llamao.fi/icons/protocols/orca-dex,https://www.orca.so
raydium-amm,9ZHRvbDdv7WpkUdk9TuZj19caxpMYf9tUqZnFKDkqnZZ,WSOL-XYL,5.32,5.32,0.0,10241,,26cf10c9-2aff-4813-8c43-e8b84271eedc,0.0,0.0,0.0,https://icons.llamao.fi/icons/protocols/raydium,https://raydium.io
raydium-amm,5zGFqaUYYtm7GMz9sD5kBhc294SRLA4hXfzwaHdM3kXo,-WSOL,6.12,6.12,0.0,10238,,fed71709-cd76-4f19-a3ab-7309185c514d,0.0,0.0,0.0,https://icons.llamao.fi/icons/protocols/raydium,https://raydium.io
save,DdJBpSXjV65rzjnKY95zxKyMYVhJUu675G8KbJUA5jpF,BNSOL,0.0,0.0,0.0,10232,,be0d6c51-6c50-47f1-90d7-f06d91b0cba9,0.0,0.0,0.0,https://icons.llamao.fi/icons/protocols/save,https://www.save.finance/
orca-dex,6a3m2EgFFKfsFuQtP4LJJXPcAe3TQYXNyHUjjZpUxYgd,SOL-JLP,0.0,0.0,0.0,10232,,554132e1-d839-4da1-aa4f-90534a6e326d,0.0,0.0,0.0,https://icons.llamao.fi/icons/protocols/orca-dex,https://www.orca.so
raydium-amm,8SSoDCPk3ZehTNwpbTZuht5PxKv3pGtRb9uUmSKiATgb,PONS-USDC,159.54,159.54,0.0,10226,,13ff31c8-4b90-5860-b24a-073236f9dad9,0.0,0.0,0.0,https://icons.llamao.fi/icons/protocols/raydium,https://raydium.io
orca-dex,4nAiqm5QiZiwh1sMpmuJJdVUH12Fst2kPPzApNfppQGd,SOL-SAMO,53.822,53.822,0.0,10225,,7bbec7e3-4368-411c-ab0b-ac5cfc790a66,-126.01734,0.0,26.21669,https://icons.llamao.fi/icons/protocols/orca-dex,https://www.orca.so
loopscale,GN8UyrNmkWhWHkHYdv2oFmx9GEbxrhYfdHYGMWJhKSUd,BONK,0.0,0.0,0.0,10216,,d18005a6-e030-4d9d-8038-c53e876166e9,0.0,0.0,0.0,https://icons.llamao.fi/icons/protocols/loopscale,https://loop.sl
orca-dex,,DCRᅠ-USDT,1.93176,1.93176,0.0,10203,,84436cdd-0f1a-5c75-a8f0-30b20758c998,0.0,0.10657,0.0,https://icons.llamao.fi/icons/protocols/orca-dex,https://www.orca.so
orca-dex,,DCRᅠ-USDT,1.8261,1.8261,0.0,10193,,15b5b097-7703-53b7-bcdf-76a5de87949c,0.0,0.0,0.0,https://icons.llamao.fi/icons/protocols/orca-dex,https://www.orca.so
orca-dex,,DCR-USDT,1.82502,1.82502,0.0,10193,,9462c8ca-9853-5303-a86b-bdff52fa30da,0.0,0.0,0.0,https://icons.llamao.fi/icons/protocols/orca-dex,https://www.orca.so
project-0,3Hd1VzDCd8xEzcqj6CHqqjeKdzKQPMczGnkSbpaubf3W,ORCA,0.00206,0.00206,0.0,10191,,9035d05e-57df-4ee9-9cd5-b9d37f9a0b32,0.0,0.0,0.0,https://icons.llamao.fi/icons/protocols/project-0,https://app.0.xyz
orca-dex,,BANANACOOKIES-USDT,1.82525,1.82525,0.0,10188,,bdbc5e56-0f05-524e-be7b-c3c9f0a95511,0.0,0.0,0.0,https://icons.llamao.fi/icons/protocols/orca-dex,https://www.orca.so
raydium-amm,248VRArScDJwckxG3xAGERfzDyAC2do7Las7oM7MKUsx,WSOL-KEKIUS,33.01,33.01,0.0,10188,,7036e495-bc4e-4651-8eaa-66692f7665a6,23.13,0.0,0.0,https://icons.llamao.fi/icons/protocols/raydium,https://raydium.io
raydium-amm,Cy457tNRj9sPRufcYPWrUEAoNAC2XhxsnxpALWr39Pb9,WSOL-WEB5,5.57,5.57,0.0,10178,,8683e8ce-001a-4662-a385-c031e15f9d13,0.0,-0.55,0.0,https://icons.llamao.fi/icons/protocols/raydium,https://raydium.io
orca-dex,,-USDT,0.76697,0.76697,0.0,10164,,edad8c0d-11eb-59ad-a676-488eeead58a5,0.0,0.0,0.0,https://icons.llamao.fi/icons/protocols/orca-dex,https://www.orca.so
orca-dex,CidRADE9zNhmNjEKv8SfvUbnAvRkCi7DQ6UWrqQ4xMrT,HYPE-ZEC,117.07828,117.07828,0.0,10163,,e677f21e-a923-418a-8312-15661581afe7,-4.58168,82.1942,28.98009,https://icons.llamao.fi/icons/protocols/orca-dex,https://www.orca.so
raydium-amm,7DXUEc6s8RixeMHGnY5fdNdr2gatfBSRpAFRtD1WqnCb,WSOL-WIBWOB,5.09,5.09,0.0,10150,,f06937fa-4578-4fad-8283-f292dfcc53fa,0.0,0.0,0.0,https://icons.llamao.fi/icons/protocols/raydium,https://raydium.io
raydium-amm,D6NkuGUYZBfNpkc8dtgoygKpoCbsNrRKzzGscStz6Dxt,WSOL-AICYCLE,5.05,5.05,0.0,10135,,0ac1776c-990f-4bba-8afd-14ad56742f7d,0.0,0.0,0.0,https://icons.llamao.fi/icons/protocols/raydium,https://raydium.io
orca-dex,5ThN8VGdJvRQUQcejyrGbe6KMpmuurgEw5q9J3L8qsK3,CRCLX-USDC,0.63395,0.63395,0.0,10135,,f63e1cc5-3254-4ab0-8bd4-5acca59959a8,-3.05426,0.38686,-9.30434,https://icons.llamao.fi/icons/protocols/orca-dex,https://www.orca.so
orca-dex,,VOLE-USDT,0.00827,0.00827,0.0,10134,,ef56aa8a-027d-5346-88e3-3f00d3b4d047,0.0,0.0,0.0,https://icons.llamao.fi/icons/protocols/orca-dex,https://www.orca.so
orca-dex,,USPD-USDT,0.0,0.0,0.0,10133,,2bad0fc7-6662-5b60-905e-19cc10b90dec,0.0,-0.03581,0.0,https://icons.llamao.fi/icons/protocols/orca-dex,https://www.orca.so
orca-dex,,UGAD-USDT,6e-05,6e-05,0.0,10132,,40813521-f1fe-5771-bdeb-353801fd5b08,0.0,0.0,0.0,https://icons.llamao.fi/icons/protocols/orca-dex,https://www.orca.so
orca-dex,,UNIETH-USDT,0.00142,0.00142,0.0,10128,,6b4469d9-6160-5127-bb93-f6814720de13,0.0,0.00142,0.0,https://icons.llamao.fi/icons/protocols/orca-dex,https://www.orca.so
orca-dex,GpuWWgWuiWkn9fL6EQK55rdwQExkwQJsjuDmhnT3otdK,SOL-PENGUIN,78.84293,78.84293,0.0,10122,,0eaf334c-785f-4720-a2ae-7e09497a2229,0.0,-24.47665,-31.22526,https://icons.llamao.fi/icons/protocols/orca-dex,https://www.orca.so
orca-dex,4y7fSyqBY7gN3obprpts1wf78exu7b575nZ5Md7nvK9d,OEU-USDT,0.0,0.0,0.0,10115,,ed692fc7-b69a-5d55-ac1e-d2080ba775a1,0.0,0.0,0.0,https://icons.llamao.fi/icons/protocols/orca-dex,https://www.orca.so
orca-dex,66y7ViQ6mUyYa1sPDRrroPuAAuTeN1Cb4jKb6FEE5sR1,NOS-RENDER,14.92426,14.92426,0.0,10108,,84c7bd0e-5cc0-41c7-950f-5e4ae77860e6,0.0,10.08499,-18.03123,https://icons.llamao.fi/icons/protocols/orca-dex,https://www.orca.so
raydium-amm,SHsE3QuGQZwjkKQHAQjPRVYkqZjzYniCwYeaZ6WEtWL,WSOL-DXA,5.52,5.52,0.0,10106,,5b99fbc9-e387-4920-8bfc-eb88a10f9ecc,0.0,0.0,0.0,https://icons.llamao.fi/icons/protocols/raydium,https://raydium.io
raydium-amm,DnciqC8qDuAVqRQagTKtLdpoUd5Rcu2NUdWPLbThwYu9,USDT-BEP20-USDC,53.02,53.02,0.0,10104,,16431fb3-7a43-45bc-84fd-bd3000cf6667,0.0,0.0,0.0,https://icons.llamao.fi/icons/protocols/raydium,https://raydium.io
raydium-amm,GHKwabdxGW2nnX1DKStL6H11vWj1eHZgENPA4G7X3UD2,ERC20-USDT-USDC,49.13,49.13,0.0,10103,,3a440b0a-44f0-4262-bfc2-5daef4f9da7d,0.0,0.0,0.0,https://icons.llamao.fi/icons/protocols/raydium,https://raydium.io
orca-dex,3AZD1HNB18Hboi4bSnxWxPhZCT9xRqguDBB7w3j8sT2B,RETIRE-COINOMI,4.43254,4.43254,0.0,10103,,6090eff2-1a83-4cee-9157-81286a20dc81,0.0,-35.32231,-2.21386,https://icons.llamao.fi/icons/protocols/orca-dex,https://www.orca.so
raydium-amm,7zsgGmuiFRYF6gU16DH1LAsnkifPxXgVzNnktYhmtzjb,TAO-USDC,50.33,50.33,0.0,10099,,104047f4-97f7-4271-9589-0a29abd1dfdc,0.0,0.0,0.0,https://icons.llamao.fi/icons/protocols/raydium,https://raydium.io
raydium-amm,31uWEW7veonLRKuQ25va9WxKzsZwcixFQvVwegyvVCrJ,USDT-TON-USDC,51.99,51.99,0.0,10098,,a94b1056-9d43-4150-ba0d-a23bda446f14,0.0,0.0,0.0,https://icons.llamao.fi/icons/protocols/raydium,https://raydium.io
raydium-amm,BPr49NmkxPP9EQLrH7oHWxTw8KswT7M5jGoLzB2yZ53H,USDC-BSC-USDC,51.52,51.52,0.0,10097,,2e5c00cd-b861-49e7-86eb-0688bf87d9fc,0.0,0.0,0.0,https://icons.llamao.fi/icons/protocols/raydium,https://raydium.io
orca-dex,CFJdUgug1mAyXHbmvs2UP15osYcKSgd3PV8yhW69SrSf,USDT-JPDU,0.0,0.0,0.0,10096,,b786cd0e-b57a-52d8-a0ed-e3a0d9d14243,0.0,0.0,0.0,https://icons.llamao.fi/icons/protocols/orca-dex,https://www.orca.so
raydium-amm,CkpvRtfx2R5FKzGPWp9JCdfFxxjS99S5QFy9DNBxgKRM,SGD-USDC,151.09,151.09,0.0,10096,,4baa4c87-abc8-5324-9069-2e71bd6550f1,-8.67,0.0,0.0,https://icons.llamao.fi/icons/protocols/raydium,https://raydium.io
raydium-amm,3gCBd4CwowU6MHrYh61PA9DFFaktA69yrCVSK3GeWFgN,TAO-USDC,55.59,55.59,0.0,10096,,437c50d1-bea9-41e1-aa31-99ceb77317e6,0.0,0.0,0.0,https://icons.llamao.fi/icons/protocols/raydium,https://raydium.io
orca-dex,,USDT-SPACEX,0.01573,0.01573,0.0,10095,,d11000a5-5a09-572e-a7f5-f6a7266b724c,0.0,0.0,0.0,https://icons.llamao.fi/icons/protocols/orca-dex,https://www.orca.so
raydium-amm,Cm31KVtvRo312rJg8e4n9qT1T7iQr4wVgukgHTmsTM9s,ZEC-USDC,52.65,52.65,0.0,10092,,a6acfa4f-1dd3-4cfc-8478-3dab368fbaeb,0.0,0.0,0.0,https://icons.llamao.fi/icons/protocols/raydium,https://raydium.io
orca-dex,,JPDD-USDT,0.0,0.0,0.0,10091,,c3ed1fbc-9c6d-521a-8b36-2d4a68f78565,0.0,0.0,0.0,https://icons.llamao.fi/icons/protocols/orca-dex,https://www.orca.so
orca-dex,HGaREg3FPZ3Joz8w7iz4qwihSqfX9NhCaRBAXZX6YT8Z,WBTC-WBTC,13.73572,13.73572,0.0,10090,,16568531-7edd-5e2e-bd5d-f362a49588b0,13.47653,11.86998,0.0,https://icons.llamao.fi/icons/protocols/orca-dex,https://www.orca.so
orca-dex,C3Eda8YpDs8WTqeVTdWqAr7shgMcjokDaipNPoixki52,YUSD-USDC,0.0,0.0,0.0,10087,,731f145c-9c33-4728-9b76-d70a5a97d199,-0.00327,0.0,-0.38804,https://icons.llamao.fi/icons/protocols/orca-dex,https://www.orca.so
orca-dex,,OUYI-USDT,0.00073,0.00073,0.0,10081,,570377fb-f7fd-52ff-8196-4665d3a5bd0e,0.0,0.0,0.0,https://icons.llamao.fi/icons/protocols/orca-dex,https://www.orca.so
raydium-amm,EjX65h7TqgEL9fB6i7qYqgSFmrmZD1Rir1QgwERX33BA,USDC-FLOCK,32.84,32.84,0.0,10080,,98f37453-0a44-4afb-8973-547e62d737b1,1.47,-19.44,-7.35,https://icons.llamao.fi/icons/protocols/raydium,https://raydium.io
raydium-amm,9bbmz1eTqVhuumiZABsuUoo11hWXLW1WpprHaUL46o7h,NEURAL-USDC,172.25,172.25,0.0,10080,,e8bd0b1e-e100-5a92-86c6-06113a545c2d,0.0,-28.41,0.0,https://icons.llamao.fi/icons/protocols/raydium,https://raydium.io
orca-dex,45zpzzpZquaVv4BAdXfzNbuba7DAXV32d1sTrUh5wcnW,HNT-MOBILE,4.2868,4.2868,0.0,10057,,9612e5c5-afd0-439b-a25b-02fa86e56205,0.0,4.06289,-23.40044,https://icons.llamao.fi/icons/protocols/orca-dex,https://www.orca.so
raydium-amm,HAXxfqK5NQmfhTy4rcS91XFyt85t8JMY3QvoNp1XUnu3,HBAR-USDC,59.49,59.49,0.0,10057,,3d3d0465-0a13-406b-a812-75b7e18610fe,0.0,0.0,0.0,https://icons.llamao.fi/icons/protocols/raydium,https://raydium.io
orca-dex,,EUR-USDT,8.06071,8.06071,0.0,10055,,c7f83e0a-ac81-441c-812f-7e196e902d47,0.0,0.0,0.0,https://icons.llamao.fi/icons/protocols/orca-dex,https://www.orca.so
orca-dex,2XXL7MYexQgZbMpnRhBo4w3mFQHsUbBdVkqGy9fGNsMB,MXNE-USDC,0.0,0.0,0.0,10054,,67719107-7229-447f-a1c2-53acd4568de6,0.0,0.0,-0.00283,https://icons.llamao.fi/icons/protocols/orca-dex,https://www.orca.so
orca-dex,4ACxxCjBEXGXr7T8stpM6q8BHKNEJEuhSGVLP3pi6BaX,USDC-FIDA,5.32495,5.32495,0.0,10051,,d648871f-9550-4882-9f8b-dd6714690e80,0.0,4.38686,2.76525,https://icons.llamao.fi/icons/protocols/orca-dex,https://www.orca.so
kamino-lend,8gVpWfWDCtCcUX1meSphqqpyWBceLCcrs9yEXwKKjQrL,NXSOL,0.0,0.0,0.0,10048,,279e3bac-ea2d-49c0-9c7a-34fcbd0aca6e,0.0,0.0,0.0,https://icons.llamao.fi/icons/protocols/kamino-lend,https://kamino.com/
raydium-amm,A2Lr6NGWLYWQzY8pkLt3Ycow1mEQpyFPcDPKNottUTZh,BNB-USDC,52.29,52.29,0.0,10047,,ab1bbb55-eb98-45c4-8bf4-472b19ce7e45,0.0,0.0,0.0,https://icons.llamao.fi/icons/protocols/raydium,https://raydium.io
raydium-amm,3NJQtU7qtSAsqF9WXPuFTPt6ga2SPp6yfws5vpYDfboj,USD1-GREENLAND,27.84,27.84,0.0,10041,,3acc3179-88e0-4190-85c4-fde2d67517e8,0.0,0.0,0.0,https://icons.llamao.fi/icons/protocols/raydium,https://raydium.io
raydium-amm,CmUKF2QZP84u7EhSmaYN1e1AHedQUUfEFy4gDbvgcuUQ,CC-USDC,34.39,34.39,0.0,10039,,c9733338-0354-5177-bbcf-f864743fe56c,12.74,0.0,0.0,https://icons.llamao.fi/icons/protocols/raydium,https://raydium.io
orca-dex,,ASOC-USDT,0.00073,0.00073,0.0,10039,,b05f29ed-1006-5134-af31-afd2ced4a936,0.0,0.0,0.0,https://icons.llamao.fi/icons/protocols/orca-dex,https://www.orca.so
orca-dex,,KSDT-USDT,0.00073,0.00073,0.0,10037,,79f76ebd-c2f2-5d05-8bb7-1eebf3b57b5f,0.0,0.0,0.0,https://icons.llamao.fi/icons/protocols/orca-dex,https://www.orca.so
orca-dex,AHTTzwf3GmVMJdxWM8v2MSxyjZj8rQR6hyAC3g9477Yj,SOL-POPCAT,2.91933,2.91933,0.0,10036,,623ba4c0-0984-4f2f-b8ac-5dd6613b1ea5,-11.44472,-3.02391,-38.2623,https://icons.llamao.fi/icons/protocols/orca-dex,https://www.orca.so
raydium-amm,CnPJZyPiRfoFP5gNvpUvMdFyukVasP1dxA1TmfiqR6JE,NEAR-USDC,29.19,29.19,0.0,10032,,c56a85d5-85a3-5f2a-8dbe-53f6fcf2da42,13.24,0.0,0.0,https://icons.llamao.fi/icons/protocols/raydium,https://raydium.io
raydium-amm,CepUXcrYJJL4dzQwaktBaA9vNuK3Sc4Rnt8Jgi4dPh6Y,PONS-USDC,96.21,96.21,0.0,10031,,44b93958-fe9a-55f1-abd7-e4994a09e68c,0.0,0.0,0.0,https://icons.llamao.fi/icons/protocols/raydium,https://raydium.io
orca-dex,J9um99DtjKCGDD4eW7cCGLvFdRc7MqydwyQWJwmtg2dS,BSOL-BLZE,0.70512,0.70512,0.0,10028,,3aaa5deb-54af-47ae-93b1-d924a48e90ef,0.0,0.09784,-1.44155,https://icons.llamao.fi/icons/protocols/orca-dex,https://www.orca.so
orca-dex,5FRro3K5oqpregVBF9eWAybDouAjeYfJ1bP3BbkDPbTz,COINOMI-BERT,1.93147,1.93147,0.0,10024,,c301df4d-1b22-414c-ad67-b1e2cc063b34,0.0,-5.28759,-2.02939,https://icons.llamao.fi/icons/protocols/orca-dex,https://www.orca.so
orca-dex,BrVVTnrihfyXiHZMVwPsKeLN2vVxMGpgk7Wt6cdrkZLV,BAT-USDC,0.05906,0.05906,0.0,10020,,fddd85b5-56d7-49f6-981c-58547d2b0727,0.0,0.00633,-0.00627,https://icons.llamao.fi/icons/protocols/orca-dex,https://www.orca.so
raydium-amm,HLLz4fE8n4wm89RiDAL3p7cubMzXr47YrJzLAFpJw6ZC,CC-USDC,34.6,34.6,0.0,10014,,631357e1-3d5f-5dbb-9154-a08e6143a87e,0.0,0.0,0.0,https://icons.llamao.fi/icons/protocols/raydium,https://raydium.io
raydium-amm,83RZJgTiHHZE2KZxRfjTGhPyzpvScsALHnDKCs6oXUcH,WSOL-H5N1,4.96,4.96,0.0,10013,,a8a49844-a98c-409b-8d01-d3693bef1b6c,0.0,0.0,0.0,https://icons.llamao.fi/icons/protocols/raydium,https://raydium.io
orca-dex,FrtUmpfvsKbGBa67cx7H2GF1np1fJyyMGfLYsFvr5Co4,USDT-SPACEX,182.50071,182.50071,0.0,10013,,a2631ad8-2e3f-53e4-a4a5-3d2d324990aa,0.0,0.0,0.0,https://icons.llamao.fi/icons/protocols/orca-dex,https://www.orca.so
orca-dex,EC5oMNMurAZSoiu2XE5KBfZEGSfEEtRrrtMMRoNb9yTt,SOL-PIIN,1.31761,1.31761,0.0,10004,,4e6367b7-2376-4943-9edd-d4cf3c00c708,0.0,0.7749,-1.38962,https://icons.llamao.fi/icons/protocols/orca-dex,https://www.orca.so
raydium-amm,7q9erU5CLQz1QCfz1BrwmT8Utrh6iNbrghyqtAoHVwP6,CC-USDC,55.59,55.59,0.0,10002,,60d7b930-59ad-5198-b657-3007467854ff,0.0,0.0,0.0,https://icons.llamao.fi/icons/protocols/raydium,https://raydium.io
orca-dex,,-USDT,0.00073,0.00073,0.0,10000,,256577f7-0397-578b-9824-4cc47e6847af,0.0,0.0,0.0,https://icons.llamao.fi/icons/protocols/orca-dex,https://www.orca.so
save,HXyXfwv8czcTfwr3ToZEePZN25MBwwXcmWD7Xu5Rxv13,USDC,0.0,0.0,0.0,9922,,134a5dcb-2cb3-4313-a28b-f59f66c3d3bb,0.0,0.0,0.0,https://icons.llamao.fi/icons/protocols/save,https://www.save.finance/
jupiter-lend,uV8jxLFC4kMLEDcMhzbq4wBag2LcFpk1cTEEjUaxPzT,SYRUPUSDC,0.0,0.0,0.0,9087,,7c844f36-4501-4ddd-9f37-3b8023e57995,0.0,0.0,0.0,https://icons.llamao.fi/icons/protocols/jupiter-lend,https://jup.ag/?ref=f6y1ryr2snn3
kamino-lend,7hhG1B8G3XNRFZUNM8LrWRiSpAwNNyEx7hcAzpPuCGzh,USDG,5.09405,5.09405,0.0,8910,,21fea0aa-3058-4196-91ca-3ef876dfb4b2,0.0,0.0,0.0,https://icons.llamao.fi/icons/protocols/kamino-lend,https://kamino.com/
save,GhNvGen79cntgdZjUjLkj1LWSdZBiH8YFmDXhkdREX3q,PYUSD,1.21,1.21,0.0,8893,,2ff19c9c-c568-44f5-b1c3-7e1704b78f1e,0.0,0.0,0.0,https://icons.llamao.fi/icons/protocols/save,https://www.save.finance/
loopscale,DqiESNyEVU4khDNRozgAAdqq8bgFxYm3GQHdzE2NJf7f,BRZ,5.57608,5.57608,0.0,7954,,952b1a1c-01ab-40d1-9808-dd93ecff83af,0.0,0.0,0.0,https://icons.llamao.fi/icons/protocols/loopscale,https://loop.sl
kamino-lend,BiSRKTadXSiyTSpiqw9nJge33N32AXewUPY7skFJwMvA,USDS,4.00677,4.00677,0.0,7933,,d256d433-ccb1-49b9-be4a-153e5af3c158,0.0,0.95865,1.1693,https://icons.llamao.fi/icons/protocols/kamino-lend,https://kamino.com/
kamino-lend,FZWgLGd8W19eoKZrmRsQPhEhAmyZCjr17NpM7HFCJqb6,USDC,2.90322,2.90322,0.0,7518,,b788b2bc-8ed7-4ac8-acd1-1b2965089bb3,0.0,0.59889,0.0,https://icons.llamao.fi/icons/protocols/kamino-lend,https://kamino.com/
kamino-lend,GYaaVSmduEok8sZi4Le33PgGH8NH8SXbv9y9zHBEw4io,USDC,1.63248,1.63248,0.0,5269,,577c10f8-bf89-4702-9d98-8b244f1b0d11,0.0,0.0,0.0,https://icons.llamao.fi/icons/protocols/kamino-lend,https://kamino.com/
jupiter-lend,4L3GLQ8DNRLPC2xjjjAwJ449QFTGouZRZJFHshaLF47b,WBTC,0.0,0.0,0.0,4989,,99de9903-e5cd-49fb-8757-9a39c595fe98,0.0,0.0,0.0,https://icons.llamao.fi/icons/protocols/jupiter-lend,https://jup.ag/?ref=f6y1ryr2snn3
kamino-lend,6XdN3zXeoYKgfSeZb8h1LpiEkUXRJ3CbimE5FJ35XFBP,USDC,1.77612,1.77612,0.0,4663,,68de5e73-da48-4e22-8cef-462acc777b87,0.0,0.0,0.0,https://icons.llamao.fi/icons/protocols/kamino-lend,https://kamino.com/
jupiter-lend,6kK3yqo14TkNLtCuTiGamTDQfPBrser8iB4T2CCrCeKK,FWDSOL,0.0,0.0,0.0,4161,,1a8d934f-2e26-4cd1-b3b0-c90ffa16d187,0.0,0.0,0.0,https://icons.llamao.fi/icons/protocols/jupiter-lend,https://jup.ag/?ref=f6y1ryr2snn3
kamino-lend,BjZ3HvRJHTNdQDxvJRCgR97Tsgv5ULZtywbiMmmTXycF,USDT,6.712,6.712,0.0,4035,,b2e08718-2455-44b6-837f-c55ab4f71e73,0.0,0.0,0.0,https://icons.llamao.fi/icons/protocols/kamino-lend,https://kamino.com/
project-0,3xn7strvpinirQ5KxEgVFemb6qYeHG39krohoeRHRrRt,JUPUSD,4.75297,4.75297,0.0,3887,,d219a4c2-3e9a-435e-8423-65eb73b1a552,0.0,0.0,0.0,https://icons.llamao.fi/icons/protocols/project-0,https://app.0.xyz
kamino-lend,FCiu3ZDsyMQXEeLsa3k2P9NnaPtbX8w2RCG9aKL2dnJP,USDT,11.57855,11.57855,0.0,3799,,7bcc013c-1dd1-4850-9811-45d1267ddf3a,0.0,0.0,0.0,https://icons.llamao.fi/icons/protocols/kamino-lend,https://kamino.com/
jupiter-lend,7JTN78opZmyPiZhg65B2fD2EKwV98gZjLqoUzoh37f7M,STCATZOSM,0.0,0.0,0.0,3596,,7f60a6fd-b173-4198-848c-6beaed0270ab,0.0,0.0,0.0,https://icons.llamao.fi/icons/protocols/jupiter-lend,https://jup.ag/?ref=f6y1ryr2snn3
kamino-lend,3Mf2mmocNbNAc7KS9QmANGEv9BcgwbT1tLRBuruGCdu5,SOL,4.15884,4.15884,0.0,3252,,9a05bd9f-32bc-47e9-9fe3-e5d637475885,0.0,0.0,0.0,https://icons.llamao.fi/icons/protocols/kamino-lend,https://kamino.com/
kamino-lend,6vKCRnEzrxRS1NybsMVEyNE3ztFAxCz6WusiiGft1PbA,USD1,4.20464,4.20464,0.0,2942,,9b40ddaf-2122-42d3-b9b4-c591a8420765,0.0,0.0,0.0,https://icons.llamao.fi/icons/protocols/kamino-lend,https://kamino.com/
project-0,4YPGUhxmAXgoGDRkg68zGnbGrV2xCgaoqQSfcZCjFhon,CASH,3.56772,3.56772,0.0,2861,,a6acf4ba-3d44-4c64-bf1a-a370aa9d2c58,0.0,0.0,0.0,https://icons.llamao.fi/icons/protocols/project-0,https://app.0.xyz
kamino-lend,9XbExNmevn7jzNzbX3kAzxKq83mdYP5ZN4xcYpLUVHGU,USDS,6.79657,6.79657,0.0,2614,,716921fb-47dd-46b9-a427-5104013e7447,0.0,0.0,0.0,https://icons.llamao.fi/icons/protocols/kamino-lend,https://kamino.com/
project-0,Dj2CwMF3GM7mMT5hcyGXKuYSQ2kQ5zaVCkA1zX1qaTva,USDG,5.97427,5.97427,0.0,2323,,6844c6b0-5325-4b95-b5c5-aec87c1bd751,0.0,0.0,0.0,https://icons.llamao.fi/icons/protocols/project-0,https://app.0.xyz
jupiter-lend,2tyJcBYFzTqHVPFcBSwVFh6FWvM4tYEzAnuPWGGY2RTB,STHE1IUSU,0.0,0.0,0.0,1986,,fa5a2240-e5a0-4be2-bad6-d67761dd36b5,0.0,0.0,0.0,https://icons.llamao.fi/icons/protocols/jupiter-lend,https://jup.ag/?ref=f6y1ryr2snn3
loopscale,7PeYxZpM2dpc4RRDQovexMJ6tkSVLWtRN4mbNywsU3e6,USDC,6.93698,6.93698,0.0,1962,,d7b248e7-da9c-4918-9fff-ea93e60cdcfd,0.0,0.0,3.49822,https://icons.llamao.fi/icons/protocols/loopscale,https://loop.sl
project-0,8efP4VoKDo3SqxoVCUcgxpN9S7boDWtPmeFwahRZ4ukg,USD1,5.33061,5.33061,0.0,1605,,a39eae54-867b-4723-9b73-f51ff54477eb,0.0,0.0,0.0,https://icons.llamao.fi/icons/protocols/project-0,https://app.0.xyz
save,2NDi89hqXAF32Hh71aGGdGVbBjMM3u7dthhDAH76UtV2,SOL,0.85,0.85,0.0,1498,,6d0d2668-9be3-47cc-9487-fee13fff1931,0.0,0.0,0.0,https://icons.llamao.fi/icons/protocols/save,https://www.save.finance/
kamino-lend,F1xMZ8em6SrQkCnKQR1pzcxQieSUth35sYDQ2kK6o8tX,USDG,5.25147,5.25147,0.0,965,,1b9deb60-18cc-451c-8cb4-7152a9d371c9,0.0,0.0,0.0,https://icons.llamao.fi/icons/protocols/kamino-lend,https://kamino.com/
save,5xG23Q45e2ALbTaVn7nkv1KX2sgCY5x5b133bPJKUmV3,KHAI,9.98,9.98,0.0,58,,69d4303d-0e63-4cc6-84c9-3ae0694cfb6f,0.0,0.0,0.0,https://icons.llamao.fi/icons/protocols/save,https://www.save.finance/
save,F4L35cxj6VXL2zQn8w6ee8J3rv1Ymt2PFapwmjQuENbu,USDC,0.0,0.0,0.0,3,,0dad5f8b-d545-4b4e-9a21-2e9fbca00d8b,0.0,0.0,0.0,https://icons.llamao.fi/icons/protocols/save,https://www.save.finance/
save,2XpwPdQibi9ePmG6zhNHXrTn26uumiYmb4r9uEy9XVCJ,POLIS,0.0,0.0,0.0,1,,64bf64d7-a88d-488a-9b27-5f8bf5316c8a,0.0,0.0,0.0,https://icons.llamao.fi/icons/protocols/save,https://www.save.finance/
save,B6TjRpJgNhUfSqkp2Dw2YGjChWfSZQ7euuFTVXyvUyuB,USDC,9.98,9.98,0.0,0,,d7c840b6-675c-41e4-8321-61b550f01513,0.0,0.0,0.0,https://icons.llamao.fi/icons/protocols/save,https://www.save.finance/
save,GYWUemgmdmnZv7L5dwgR76FG6q3xcmheVHRF778xNPnN,USDC,765.35,765.35,0.0,0,,7f14fb7b-2a04-43c6-a3de-880e0c62fb91,0.0,0.0,0.0,https://icons.llamao.fi/icons/protocols/save,https://www.save.finance/
save,4hQfnKBdNKxntkBXBg1mG1C8cgrXubiFf6u7RXazLmPi,SOL,0.0,0.0,0.0,0,,774c10bc-4027-485b-ace2-b01daec2488d,0.0,0.0,0.0,https://icons.llamao.fi/icons/protocols/save,https://www.save.finance/
save,DCnLD1Mx3pvANxTqmJW3kUWyb2BJ9xdMsHkS1D4qbL53,SOL,765.35,765.35,0.0,0,,3020cbef-11bb-4217-8d25-58ba8d2433fa,0.0,0.0,0.0,https://icons.llamao.fi/icons/protocols/save,https://www.save.finance/
save,6MPvh9dmg1cjMUs592oBRQ4Mn5tY7zSjPcyEMJWeg4e9,SOL,0.0,0.0,0.0,0,,6cc9cfb2-eb09-4d00-9f5d-0a6b7e77a840,0.0,0.0,0.0,https://icons.llamao.fi/icons/protocols/save,https://www.save.finance/
save,GzNxnSd3S8wLHrcJMFq4FnVgsvzwbzatK4GJtHQGtcUJ,USDT,4.89,4.89,0.0,0,,4611ce07-f292-4e1f-875f-01471043e502,0.0,0.0,0.0,https://icons.llamao.fi/icons/protocols/save,https://www.save.finance/
save,7WwV8yLKetA7P4659s23bu2JHpi6MhkfU5825ZSdTiHV,USDC,0.0,0.0,0.0,0,,c6ed4f45-396e-419e-8c15-1cc6908093d9,0.0,0.0,0.0,https://icons.llamao.fi/icons/protocols/save,https://www.save.finance/
save,5FfGfaxPy5jH7psBYu5rnfQhepHDLAZjAqNhzrojyMo8,SOL,9.98,9.98,0.0,0,,24cebcf4-5c3c-4ad2-87fe-098fd7d5a53f,0.0,0.0,0.0,https://icons.llamao.fi/icons/protocols/save,https://www.save.finance/
save,Efzu5frwXKdHhkkEiB6i1mDpjkzquRdaP6Q4nupgYAdF,ATLAS,0.0,0.0,0.0,0,,b68e3b4a-6855-48ee-8bfb-1704b3d80e99,0.0,0.0,0.0,https://icons.llamao.fi/icons/protocols/save,https://www.save.finance/
save,BgxfHJDzm44T7XG68MYKx7YisTjZu73tVovyZSjJMpmw,USDC,9.98,9.98,0.0,0,,68fc0159-5fec-4c52-bb6c-337aed4b2889,0.0,0.0,0.0,https://icons.llamao.fi/icons/protocols/save,https://www.save.finance/
save,ACk4Qcwp6AxhSXsnjhUcHFZrUmPhh37z3ZpdaNTvT77c,JLP,0.0,0.0,0.0,0,,c33e9089-c962-458a-8804-a9baab7dc2a5,0.0,0.0,0.0,https://icons.llamao.fi/icons/protocols/save,https://www.save.finance/
save,CQ9BztAzDdo5P5mnn3HDgQfPSHVHjBW6cKCxnXqCsXzs,USDC,0.0,0.0,0.0,0,,9fc378a9-eb68-4405-9b66-870592fcee7c,0.0,0.0,0.0,https://icons.llamao.fi/icons/protocols/save,https://www.save.finance/
save,5ZXGXFDmPowvcYL2apdu6qRVnozwuKUVwp8rewP7JvA2,USDC,0.0,0.0,0.0,0,,34e8e7c6-8cf9-43a7-9515-55a1c8504811,0.0,0.0,0.0,https://icons.llamao.fi/icons/protocols/save,https://www.save.finance/
